date,actual,predicted,sarima_pred,resid_pred,error,abs_error,is_peak
2018-01-02 01:00:00+00:00,38421.0,41169.389837704795,40653.54840704073,515.84143,-2748.3898377047954,2748.3898377047954,False
2018-01-02 02:00:00+00:00,38771.0,41328.850367608444,40572.451075616256,756.3993,-2557.850367608444,2557.850367608444,False
2018-01-02 03:00:00+00:00,40156.0,42558.65136855918,41212.21460098105,1346.4368,-2402.651368559178,2402.651368559178,False
2018-01-02 04:00:00+00:00,43366.0,44962.76696839912,42453.829712539744,2508.9373,-1596.766968399119,1596.766968399119,False
2018-01-02 05:00:00+00:00,49805.0,49098.327609802465,44922.181613708715,4176.146,706.6723901975347,706.6723901975347,False
2018-01-02 06:00:00+00:00,56567.0,50821.75262219592,48655.85955578967,2165.893,5745.24737780408,5745.24737780408,False
2018-01-02 07:00:00+00:00,60770.0,51068.474959014515,51895.4221025692,-826.94714,9701.525040985485,9701.525040985485,False
2018-01-02 08:00:00+00:00,62933.0,53502.84878874516,54397.221957690475,-894.37317,9430.151211254837,9430.151211254837,False
2018-01-02 09:00:00+00:00,64678.0,55637.765226042284,56287.813382780565,-650.04816,9040.234773957716,9040.234773957716,False
2018-01-02 10:00:00+00:00,65911.0,57895.59134967215,57805.02903277762,90.56232,8015.408650327852,8015.408650327852,False
2018-01-02 11:00:00+00:00,66643.0,57743.93399604154,57663.93964179349,79.994354,8899.066003958462,8899.066003958462,False
2018-01-02 12:00:00+00:00,65962.0,56471.621299772356,56381.0805053998,90.540794,9490.378700227644,9490.378700227644,False
2018-01-02 13:00:00+00:00,64687.0,55455.9744443907,55350.84530925886,105.129135,9231.025555609303,9231.025555609303,False
2018-01-02 14:00:00+00:00,63922.0,55194.771664332264,55244.747765253895,-49.9761,8727.228335667736,8727.228335667736,False
2018-01-02 15:00:00+00:00,65018.0,56498.19258600523,56937.13301569273,-438.94043,8519.807413994771,8519.807413994771,False
2018-01-02 16:00:00+00:00,67677.0,59212.782001137566,59512.36818277819,-299.58618,8464.217998862434,8464.217998862434,False
2018-01-02 17:00:00+00:00,67335.0,59251.77846383478,59226.865105146426,24.913359,8083.22153616522,8083.22153616522,False
2018-01-02 18:00:00+00:00,65743.0,57066.22695556852,57372.769008791176,-306.54205,8676.77304443148,8676.77304443148,False
2018-01-02 19:00:00+00:00,61297.0,53340.25777381516,53928.9832987175,-588.7255,7956.742226184841,7956.742226184841,False
2018-01-02 20:00:00+00:00,57881.0,50786.5362699683,51477.148391550334,-690.6121,7094.463730031697,7094.463730031697,False
2018-01-02 21:00:00+00:00,55753.0,50001.18293184301,50261.84067720434,-260.65775,5751.81706815699,5751.81706815699,False
2018-01-02 22:00:00+00:00,51892.0,47176.37109422522,46985.37585496741,190.99524,4715.628905774778,4715.628905774778,False
2018-01-02 23:00:00+00:00,48767.0,44139.800970152086,43971.31653411693,168.48444,4627.199029847914,4627.199029847914,False
2018-01-03 00:00:00+00:00,46879.0,42116.383410132155,41966.72908273958,149.65433,4762.616589867845,4762.616589867845,False
2018-01-03 01:00:00+00:00,46096.0,40990.930447205224,40857.284435852685,133.64601,5105.0695527947755,5105.0695527947755,False
2018-01-03 02:00:00+00:00,46741.0,40903.097263144235,40762.35650997041,140.74075,5837.902736855765,5837.902736855765,False
2018-01-03 03:00:00+00:00,48214.0,41622.02114163777,41435.37110196492,186.65004,6591.9788583622285,6591.9788583622285,False
2018-01-03 04:00:00+00:00,51196.0,43146.37273644239,42737.394648063484,408.9781,8049.62726355761,8049.62726355761,False
2018-01-03 05:00:00+00:00,57629.0,46498.00782489028,45347.50098895278,1150.5068,11130.99217510972,11130.99217510972,False
2018-01-03 06:00:00+00:00,62804.0,49927.466507999074,49205.32380780376,722.1427,12876.533492000926,12876.533492000926,False
2018-01-03 07:00:00+00:00,66761.0,52034.948861090066,52480.16483399046,-445.21597,14726.051138909934,14726.051138909934,False
2018-01-03 08:00:00+00:00,68179.0,54339.82782299872,54926.83661206122,-587.0088,13839.172177001281,13839.172177001281,False
2018-01-03 09:00:00+00:00,69342.0,56687.102862207015,56747.20358547362,-60.100723,12654.897137792985,12654.897137792985,True
2018-01-03 10:00:00+00:00,70764.0,58314.74240364741,58199.16034187983,115.58206,12449.257596352589,12449.257596352589,True
2018-01-03 11:00:00+00:00,70395.0,58129.40673109105,58034.23720594456,95.169525,12265.593268908953,12265.593268908953,True
2018-01-03 12:00:00+00:00,69540.0,56879.38369432009,56754.74575486696,124.63794,12660.616305679912,12660.616305679912,True
2018-01-03 13:00:00+00:00,68015.0,55804.86342927029,55718.79715272,86.06628,12210.136570729708,12210.136570729708,False
2018-01-03 14:00:00+00:00,67158.0,55487.970259989874,55585.16771634974,-97.19746,11670.029740010126,11670.029740010126,False
2018-01-03 15:00:00+00:00,68348.0,56994.960700335454,57233.00897914405,-238.04828,11353.039299664546,11353.039299664546,False
2018-01-03 16:00:00+00:00,70816.0,59581.77582082078,59767.111071675274,-185.33525,11234.224179179218,11234.224179179218,True
2018-01-03 17:00:00+00:00,70508.0,59409.27721720461,59485.68254404787,-76.40533,11098.72278279539,11098.72278279539,True
2018-01-03 18:00:00+00:00,68332.0,57390.2565914707,57675.00695768164,-284.75037,10941.743408529299,10941.743408529299,False
2018-01-03 19:00:00+00:00,64333.0,53889.68637793082,54244.739966798006,-355.0536,10443.313622069181,10443.313622069181,False
2018-01-03 20:00:00+00:00,61164.0,51490.135880870934,51793.08543531429,-302.94955,9673.864119129066,9673.864119129066,False
2018-01-03 21:00:00+00:00,58866.0,50413.228437717466,50511.13946371844,-97.911026,8452.771562282534,8452.771562282534,False
2018-01-03 22:00:00+00:00,54541.0,47161.78364227331,47144.66173790014,17.121904,7379.216357726691,7379.216357726691,False
2018-01-03 23:00:00+00:00,50780.0,44126.7256504004,44035.02765235353,91.698,6653.2743495995965,6653.2743495995965,False
2018-01-04 00:00:00+00:00,48821.0,42137.19210195511,41975.42240285843,161.7697,6683.807898044892,6683.807898044892,False
2018-01-04 01:00:00+00:00,47549.0,41057.3227424579,40851.06436538271,206.25838,6491.677257542098,6491.677257542098,False
2018-01-04 02:00:00+00:00,47995.0,40946.10337066511,40752.417198179755,193.68617,7048.896629334893,7048.896629334893,False
2018-01-04 03:00:00+00:00,49105.0,41743.46078032283,41434.37346953181,309.0873,7361.539219677172,7361.539219677172,False
2018-01-04 04:00:00+00:00,51585.0,43319.48965450249,42752.64169307671,566.84796,8265.51034549751,8265.51034549751,False
2018-01-04 05:00:00+00:00,57057.0,46438.890745224315,45400.867796005565,1038.023,10618.109254775685,10618.109254775685,False
2018-01-04 06:00:00+00:00,63251.0,50874.708706874524,49292.074917812024,1582.6338,12376.291293125476,12376.291293125476,False
2018-01-04 07:00:00+00:00,66592.0,52157.25377530784,52576.402823159406,-419.14905,14434.746224692157,14434.746224692157,False
2018-01-04 08:00:00+00:00,67079.0,54376.8979574485,55008.249886159436,-631.3519,12702.102042551502,12702.102042551502,False
2018-01-04 09:00:00+00:00,68468.0,56669.22163757825,56809.73251709485,-140.51088,11798.778362421748,11798.778362421748,False
2018-01-04 10:00:00+00:00,69577.0,58295.99959152578,58244.140239413966,51.859352,11281.000408474218,11281.000408474218,True
2018-01-04 11:00:00+00:00,69437.0,58118.09186328944,58072.8078743368,45.28399,11318.908136710561,11318.908136710561,True
2018-01-04 12:00:00+00:00,68503.0,56886.23195940635,56794.22204119346,92.00992,11616.768040593648,11616.768040593648,False
2018-01-04 13:00:00+00:00,67023.0,55841.98633719019,55756.737023835696,85.24931,11181.013662809812,11181.013662809812,False
2018-01-04 14:00:00+00:00,66310.0,55574.304410830926,55615.70387448449,-41.399464,10735.695589169074,10735.695589169074,False
2018-01-04 15:00:00+00:00,67011.0,57108.06449644099,57251.566632671456,-143.50214,9902.935503559012,9902.935503559012,False
2018-01-04 16:00:00+00:00,68859.0,59694.28224488521,59774.60746308589,-80.32522,9164.71775511479,9164.71775511479,False
2018-01-04 17:00:00+00:00,68278.0,59511.39654361978,59494.274639246614,17.121904,8766.603456380217,8766.603456380217,False
2018-01-04 18:00:00+00:00,66693.0,57502.151445629104,57695.275438549026,-193.124,9190.848554370896,9190.848554370896,False
2018-01-04 19:00:00+00:00,63681.0,54004.11891899757,54268.64382134132,-264.5249,9676.88108100243,9676.88108100243,False
2018-01-04 20:00:00+00:00,60506.0,51565.52246033214,51817.03779541515,-251.51534,8940.47753966786,8940.47753966786,False
2018-01-04 21:00:00+00:00,59043.0,50392.84569520354,50517.17185944915,-124.326164,8650.154304796459,8650.154304796459,False
2018-01-04 22:00:00+00:00,54462.0,47081.24738180504,47126.48839819298,-45.241016,7380.752618194958,7380.752618194958,False
2018-01-04 23:00:00+00:00,50522.0,44007.61778691006,43991.15291454983,16.464872,6514.3822130899425,6514.3822130899425,False
2018-01-05 00:00:00+00:00,48317.0,42041.8531228126,41916.75260553965,125.10052,6275.146877187399,6275.146877187399,False
2018-01-05 01:00:00+00:00,47506.0,40987.22928618831,40788.384147638506,198.84514,6518.770713811689,6518.770713811689,False
2018-01-05 02:00:00+00:00,47723.0,40851.68520366504,40688.73682414844,162.94838,6871.314796334962,6871.314796334962,False
2018-01-05 03:00:00+00:00,48933.0,41560.01225062443,41373.09763880802,186.91461,7372.98774937557,7372.98774937557,False
2018-01-05 04:00:00+00:00,51432.0,42999.867951525644,42695.73428453346,304.13367,8432.132048474356,8432.132048474356,False
2018-01-05 05:00:00+00:00,56931.0,46127.7808465169,45354.21132747393,773.5695,10803.2191534831,10803.2191534831,False
2018-01-05 06:00:00+00:00,63232.0,50407.78377514216,49254.39595775935,1153.3878,12824.216224857839,12824.216224857839,False
2018-01-05 07:00:00+00:00,65837.0,52216.064355465554,52541.27501830735,-325.21066,13620.935644534446,13620.935644534446,False
2018-01-05 08:00:00+00:00,66684.0,54647.23304115532,54969.13550697563,-321.90247,12036.76695884468,12036.76695884468,False
2018-01-05 09:00:00+00:00,67318.0,56651.02410272913,56765.53987268762,-114.51577,10666.975897270873,10666.975897270873,False
2018-01-05 10:00:00+00:00,68898.0,58083.14532124921,58195.22841298505,-112.08309,10814.854678750788,10814.854678750788,False
2018-01-05 11:00:00+00:00,69374.0,57866.08375569594,58022.172516071914,-156.08876,11507.916244304062,11507.916244304062,True
2018-01-05 12:00:00+00:00,67633.0,56524.725632584705,56743.83021632494,-219.10458,11108.274367415295,11108.274367415295,False
2018-01-05 13:00:00+00:00,65838.0,55508.32993875595,55705.93203531357,-197.6021,10329.670061244047,10329.670061244047,False
2018-01-05 14:00:00+00:00,64648.0,55498.76671860473,55562.90792343872,-64.141205,9149.233281395267,9149.233281395267,False
2018-01-05 15:00:00+00:00,65115.0,57186.77801846964,57195.549493307895,-8.771475,7928.2219815303615,7928.2219815303615,False
2018-01-05 16:00:00+00:00,67075.0,59642.07416120157,59715.61579480753,-73.54163,7432.92583879843,7432.92583879843,False
2018-01-05 17:00:00+00:00,66731.0,59239.01296963423,59435.577621123484,-196.56465,7491.9870303657735,7491.9870303657735,False
2018-01-05 18:00:00+00:00,64664.0,57372.759807584094,57639.718364713,-266.95856,7291.240192415906,7291.240192415906,False
2018-01-05 19:00:00+00:00,60400.0,54029.17664003219,54214.064350603476,-184.88771,6370.823359967813,6370.823359967813,False
2018-01-05 20:00:00+00:00,56600.0,51786.670705509365,51762.47136850375,24.199337,4813.329294490635,4813.329294490635,False
2018-01-05 21:00:00+00:00,55158.0,50527.01975562633,50457.786502147326,69.23325,4630.98024437367,4630.98024437367,False
2018-01-05 22:00:00+00:00,51764.0,46969.021817827634,47060.59377827685,-91.57196,4794.978182172366,4794.978182172366,False
2018-01-05 23:00:00+00:00,48243.0,43801.624773772244,43918.346827300076,-116.72205,4441.375226227756,4441.375226227756,False
2018-01-06 00:00:00+00:00,45520.0,41787.65156972449,41839.96791875403,-52.31635,3732.3484302755096,3732.3484302755096,False
2018-01-06 01:00:00+00:00,43556.0,40665.32050573668,40710.52100241026,-45.200497,2890.6794942633205,2890.6794942633205,False
2018-01-06 02:00:00+00:00,43367.0,40336.012742851,40610.60472283147,-274.59198,3030.9872571489977,3030.9872571489977,False
2018-01-06 03:00:00+00:00,43730.0,40757.79324430516,41295.61215299657,-537.8189,2972.2067556948386,2972.2067556948386,False
2018-01-06 04:00:00+00:00,43617.0,40851.05597515948,42619.423528870415,-1768.3676,2765.9440248405226,2765.9440248405226,False
2018-01-06 05:00:00+00:00,44234.0,41992.839322623986,45280.657193717736,-3287.8179,2241.160677376014,2241.160677376014,False
2018-01-06 06:00:00+00:00,47184.0,50127.46156867148,49183.25600226523,944.20557,-2943.4615686714824,2943.4615686714824,False
2018-01-06 07:00:00+00:00,49749.0,54330.76495197454,52470.82110431829,1859.9438,-4581.764951974539,4581.764951974539,False
2018-01-06 08:00:00+00:00,53063.0,56307.90410275789,54897.60954709383,1410.2946,-3244.9041027578933,3244.9041027578933,False
2018-01-06 09:00:00+00:00,55034.0,56045.930888655574,56692.648295882136,-646.7174,-1011.9308886555737,1011.9308886555737,False
2018-01-06 10:00:00+00:00,56657.0,57991.13775858449,58121.06778177785,-129.93002,-1334.1377585844893,1334.1377585844893,False
2018-01-06 11:00:00+00:00,56980.0,57899.289159908105,57947.54840291958,-48.259243,-919.2891599081049,919.2891599081049,False
2018-01-06 12:00:00+00:00,55655.0,56272.90205537366,56669.27159272718,-396.36954,-617.9020553736627,617.9020553736627,False
2018-01-06 13:00:00+00:00,54036.0,55568.603038774345,55631.26230619988,-62.659267,-1532.603038774345,1532.603038774345,False
2018-01-06 14:00:00+00:00,53707.0,55694.66013293343,55487.70279650765,206.95734,-1987.6601329334298,1987.6601329334298,False
2018-01-06 15:00:00+00:00,55457.0,57350.262307973986,57119.478143545275,230.78416,-1893.262307973986,1893.262307973986,False
2018-01-06 16:00:00+00:00,58878.0,60429.81669594978,59638.744552395096,791.07214,-1551.816695949783,1551.816695949783,False
2018-01-06 17:00:00+00:00,59725.0,59693.46539333359,59358.78561428085,334.67978,31.53460666641331,31.53460666641331,False
2018-01-06 18:00:00+00:00,58107.0,57821.57554261001,57563.770733039695,257.8048,285.4244573899923,285.4244573899923,False
2018-01-06 19:00:00+00:00,54394.0,54729.786226360215,54138.37961014928,591.4066,-335.78622636021464,335.78622636021464,False
2018-01-06 20:00:00+00:00,51810.0,52424.63510642101,51686.790135717885,737.845,-614.6351064210103,614.6351064210103,False
2018-01-06 21:00:00+00:00,50519.0,50805.06979771499,50380.80939122085,424.2604,-286.0697977149903,286.0697977149903,False
2018-01-06 22:00:00+00:00,47155.0,46859.097863525094,46981.866235107125,-122.76837,295.902136474906,295.902136474906,False
2018-01-06 23:00:00+00:00,43730.0,43742.44475252576,43837.76069338269,-95.31594,-12.444752525756485,12.444752525756485,False
2018-01-07 00:00:00+00:00,41666.0,41717.77256920864,41758.31188347866,-40.539314,-51.77256920863874,51.77256920863874,False
2018-01-07 01:00:00+00:00,40668.0,40519.729785428164,40628.57495449555,-108.84517,148.27021457183582,148.27021457183582,False
2018-01-07 02:00:00+00:00,40486.0,40248.08683712397,40528.58634884272,-280.4995,237.91316287602967,237.91316287602967,False
2018-01-07 03:00:00+00:00,40709.0,40951.75331974754,41213.76766300926,-262.01434,-242.75331974754226,242.75331974754226,False
2018-01-07 04:00:00+00:00,40166.0,41467.68180557219,42537.894940337814,-1070.2131,-1301.6818055721888,1301.6818055721888,False
2018-01-07 05:00:00+00:00,39323.0,42583.01980192028,45199.86989957653,-2616.85,-3260.01980192028,3260.01980192028,False
2018-01-07 06:00:00+00:00,41280.0,49180.70513384256,49103.11791460428,77.58722,-7900.705133842559,7900.705133842559,False
2018-01-07 07:00:00+00:00,44694.0,53373.559519465976,52390.867502864414,982.692,-8679.559519465976,8679.559519465976,False
2018-01-07 08:00:00+00:00,48606.0,55853.11838984732,54817.36765742544,1035.7507,-7247.118389847317,7247.118389847317,False
2018-01-07 09:00:00+00:00,51488.0,56764.92084071195,56612.03917262113,152.88167,-5276.920840711951,5276.920840711951,False
2018-01-07 10:00:00+00:00,54986.0,58761.805807471486,58040.11739194414,721.6884,-3775.8058074714863,3775.8058074714863,False
2018-01-07 11:00:00+00:00,54814.0,57194.61967754337,57866.47337627384,-671.8537,-2380.619677543371,2380.619677543371,False
2018-01-07 12:00:00+00:00,53579.0,56004.219304096645,56588.21417714352,-583.9949,-2425.219304096645,2425.219304096645,False
2018-01-07 13:00:00+00:00,51479.0,55732.01905269773,55550.17501278074,181.84404,-4253.019052697731,4253.019052697731,False
2018-01-07 14:00:00+00:00,51070.0,55594.53576658917,55406.47152708722,188.06424,-4524.5357665891715,4524.5357665891715,False
2018-01-07 15:00:00+00:00,53121.0,57296.7383303775,57038.013934625546,258.7244,-4175.738330377499,4175.738330377499,False
2018-01-07 16:00:00+00:00,58112.0,60342.3201239071,59557.0652410946,785.2549,-2230.3201239070986,2230.3201239070986,False
2018-01-07 17:00:00+00:00,59503.0,59746.67799506069,59277.1276105392,469.55038,-243.67799506068695,243.67799506068695,False
2018-01-07 18:00:00+00:00,58079.0,57748.29420039205,57482.339793653766,265.9544,330.70579960795294,330.70579960795294,False
2018-01-07 19:00:00+00:00,55434.0,54791.810137393026,54057.01936590865,734.7908,642.1898626069742,642.1898626069742,False
2018-01-07 20:00:00+00:00,53209.0,52344.890246359704,51605.43083473861,739.4594,864.1097536402958,864.1097536402958,False
2018-01-07 21:00:00+00:00,53583.0,50708.212907995745,50299.10161038832,409.1113,2874.787092004255,2874.787092004255,False
2018-01-07 22:00:00+00:00,50074.0,46673.371164335,46899.68773843168,-226.31657,3400.6288356649966,3400.6288356649966,False
2018-01-07 23:00:00+00:00,47006.0,43541.34391590745,43755.082395521706,-213.73848,3464.656084092552,3464.656084092552,False
2018-01-08 00:00:00+00:00,45221.0,41696.246569899486,41675.345874098704,20.900696,3524.7534301005144,3524.7534301005144,False
2018-01-08 01:00:00+00:00,44728.0,40706.007412327504,40545.53095663903,160.47646,4021.9925876724956,4021.9925876724956,False
2018-01-08 02:00:00+00:00,45589.0,40597.1992778307,40445.52290148793,151.67638,4991.800722169297,4991.800722169297,False
2018-01-08 03:00:00+00:00,46927.0,41332.92182816856,41130.75097550743,202.17085,5594.078171831439,5594.078171831439,False
2018-01-08 04:00:00+00:00,51221.0,43321.33350347198,42454.96320317901,866.3703,7899.6664965280215,7899.6664965280215,False
2018-01-08 05:00:00+00:00,60104.0,48131.32280963723,45117.13750690286,3014.1853,11972.677190362767,11972.677190362767,False
2018-01-08 06:00:00+00:00,67203.0,48355.14103529879,49020.5601026816,-665.41907,18847.858964701212,18847.858964701212,False
2018-01-08 07:00:00+00:00,70555.0,51237.79631359562,52308.35930187687,-1070.563,19317.203686404377,19317.203686404377,True
2018-01-08 08:00:00+00:00,71484.0,53871.90857963265,54734.78193168343,-862.87335,17612.091420367353,17612.091420367353,True
2018-01-08 09:00:00+00:00,72192.0,56293.99083151843,56529.354692602414,-235.36386,15898.00916848157,15898.00916848157,True
2018-01-08 10:00:00+00:00,72491.0,58054.750640667575,57957.341140545504,97.4095,14436.249359332425,14436.249359332425,True
2018-01-08 11:00:00+00:00,71926.0,57950.63531848902,57783.66360828394,166.97171,13975.364681510982,13975.364681510982,True
2018-01-08 12:00:00+00:00,71263.0,56705.623958248245,56505.40914501582,200.21481,14557.376041751755,14557.376041751755,True
2018-01-08 13:00:00+00:00,70596.0,55314.895225501925,55467.36194608298,-152.46672,15281.104774498075,15281.104774498075,True
2018-01-08 14:00:00+00:00,70163.0,54708.52214800343,55323.619743218274,-615.0976,15454.47785199657,15454.47785199657,True
2018-01-08 15:00:00+00:00,70825.0,56443.98326859483,56955.099510049906,-511.11624,14381.016731405172,14381.016731405172,True
2018-01-08 16:00:00+00:00,74529.0,59277.80476445642,59474.092972464234,-196.28821,15251.195235543579,15251.195235543579,True
2018-01-08 17:00:00+00:00,74070.0,59225.84936145334,59194.16107181101,31.68829,14844.150638546656,14844.150638546656,True
2018-01-08 18:00:00+00:00,71855.0,57049.53780083099,57399.43431572357,-349.8965,14805.462199169007,14805.462199169007,True
2018-01-08 19:00:00+00:00,67214.0,53373.8943124713,53974.13289889708,-600.2386,13840.105687528703,13840.105687528703,False
2018-01-08 20:00:00+00:00,63825.0,50863.52008525046,51522.54462138327,-659.02454,12961.479914749543,12961.479914749543,False
2018-01-08 21:00:00+00:00,61265.0,49688.32597056845,50216.12168590048,-527.7957,11576.674029431553,11576.674029431553,False
2018-01-08 22:00:00+00:00,55896.0,46798.59664511928,46816.58123183498,-17.984587,9097.40335488072,9097.40335488072,False
2018-01-08 23:00:00+00:00,52506.0,43757.46574530727,43671.84148535854,85.62426,8748.534254692728,8748.534254692728,False
2018-01-09 00:00:00+00:00,50807.0,41644.227228814605,41592.0275942626,52.199635,9162.772771185395,9162.772771185395,False
2018-01-09 01:00:00+00:00,50101.0,40515.309361312735,40462.19170460497,53.117657,9585.690638687265,9585.690638687265,False
2018-01-09 02:00:00+00:00,50519.0,40414.04822359263,40362.17841921031,51.869804,10104.951776407368,10104.951776407368,False
2018-01-09 03:00:00+00:00,52286.0,41137.85994743353,41047.41906761175,90.44088,11148.140052566472,11148.140052566472,False
2018-01-09 04:00:00+00:00,55217.0,42799.743495093804,42371.654139625054,428.08936,12417.256504906196,12417.256504906196,False
2018-01-09 05:00:00+00:00,63336.0,46191.22811921987,45033.882049883934,1157.3461,17144.77188078013,17144.77188078013,False
2018-01-09 06:00:00+00:00,70308.0,48692.03552232473,48937.35159288137,-245.31607,21615.96447767527,21615.96447767527,True
2018-01-09 07:00:00+00:00,72815.0,51461.854745947654,52225.164133154685,-763.3094,21353.145254052346,21353.145254052346,True
2018-01-09 08:00:00+00:00,72132.0,53867.78106439047,54651.565915464686,-783.78485,18264.218935609533,18264.218935609533,True
2018-01-09 09:00:00+00:00,72336.0,56598.672239598985,56446.11211997008,152.56012,15737.327760401015,15737.327760401015,True
2018-01-09 10:00:00+00:00,72365.0,57940.17754225283,57874.07388929873,66.10365,14424.82245774717,14424.82245774717,True
2018-01-09 11:00:00+00:00,71846.0,57785.88703114931,57700.387343954484,85.49969,14060.112968850692,14060.112968850692,True
2018-01-09 12:00:00+00:00,71378.0,56531.45123949243,56422.13415422632,109.317085,14846.548760507569,14846.548760507569,True
2018-01-09 13:00:00+00:00,70138.0,55382.88251583215,55384.08479468461,-1.2022789,14755.117484167851,14755.117484167851,True
2018-01-09 14:00:00+00:00,69248.0,54991.95797368522,55240.332180228186,-248.3742,14256.042026314783,14256.042026314783,False
2018-01-09 15:00:00+00:00,69898.0,56714.48920914865,56871.79510209298,-157.3059,13183.510790851353,13183.510790851353,True
2018-01-09 16:00:00+00:00,73104.0,59407.894913800825,59390.773009427656,17.121904,13696.105086199175,13696.105086199175,True
2018-01-09 17:00:00+00:00,72960.0,59134.65634171858,59110.84264962569,23.813692,13825.343658281417,13825.343658281417,True
2018-01-09 18:00:00+00:00,70966.0,57279.04441539101,57316.1323136454,-37.0879,13686.955584608993,13686.955584608993,True
2018-01-09 19:00:00+00:00,66518.0,53607.81809530387,53890.83600912223,-283.0179,12910.181904696132,12910.181904696132,False
2018-01-09 20:00:00+00:00,63339.0,51083.421536392416,51439.24779982015,-355.82626,12255.578463607584,12255.578463607584,False
2018-01-09 21:00:00+00:00,60343.0,49874.520947055156,50132.79966409617,-258.27872,10468.479052944844,10468.479052944844,False
2018-01-09 22:00:00+00:00,56096.0,46734.522382087984,46733.22517032174,1.2972118,9361.477617912016,9361.477617912016,False
2018-01-09 23:00:00+00:00,52324.0,43622.37513838038,43588.44928083644,33.925858,8701.624861619617,8701.624861619617,False
2018-01-10 00:00:00+00:00,49822.0,41559.83811376323,41508.61458394756,51.22353,8262.161886236769,8262.161886236769,False
2018-01-10 01:00:00+00:00,48238.0,40467.7789444636,40378.77305457102,89.00589,7770.2210555364,7770.2210555364,False
2018-01-10 02:00:00+00:00,48493.0,40377.39755336415,40278.75836269032,98.63919,8115.60244663585,8115.60244663585,False
2018-01-10 03:00:00+00:00,49705.0,41102.175488223,40964.00239251988,138.1731,8602.824511776998,8602.824511776998,False
2018-01-10 04:00:00+00:00,53732.0,42829.804948029916,42288.243607697885,541.56134,10902.195051970084,10902.195051970084,False
2018-01-10 05:00:00+00:00,61740.0,46224.09115811716,44950.485933507785,1273.6052,15515.90884188284,15515.90884188284,False
2018-01-10 06:00:00+00:00,67622.0,48515.484336624024,48853.96810127246,-338.48376,19106.515663375976,19106.515663375976,False
2018-01-10 07:00:00+00:00,69601.0,51414.01341616097,52141.78422914925,-727.7708,18186.986583839032,18186.986583839032,True
2018-01-10 08:00:00+00:00,69086.0,53905.10411132896,54568.180405274274,-663.0763,15180.895888671039,15180.895888671039,False
2018-01-10 09:00:00+00:00,68854.0,56490.631043704045,56362.71946838666,127.911575,12363.368956295955,12363.368956295955,False
2018-01-10 10:00:00+00:00,69455.0,57853.392054291806,57790.674601288876,62.717453,11601.607945708194,11601.607945708194,True
2018-01-10 11:00:00+00:00,68659.0,57708.78978564236,57616.985632199976,91.80415,10950.210214357641,10950.210214357641,False
2018-01-10 12:00:00+00:00,67923.0,56465.249737459264,56338.732784944616,126.51695,11457.750262540736,11457.750262540736,False
2018-01-10 13:00:00+00:00,67790.0,55333.94193099369,55300.682844384806,33.259087,12456.058069006307,12456.058069006307,False
2018-01-10 14:00:00+00:00,67378.0,54954.119385671365,55156.92743010496,-202.80804,12423.880614328635,12423.880614328635,False
2018-01-10 15:00:00+00:00,67708.0,56612.006946388916,56788.38582212134,-176.37888,11095.993053611084,11095.993053611084,False
2018-01-10 16:00:00+00:00,70321.0,59333.15616589165,59307.359546476364,25.79662,10987.843834108353,10987.843834108353,True
2018-01-10 17:00:00+00:00,70312.0,59094.43608601632,59027.42960103097,67.006485,11217.563913983679,11217.563913983679,True
2018-01-10 18:00:00+00:00,69509.0,57243.692385825685,57232.72368064838,10.968705,12265.307614174315,12265.307614174315,True
2018-01-10 19:00:00+00:00,65464.0,53677.02221097846,53807.42875089545,-130.40654,11786.977789021541,11786.977789021541,False
2018-01-10 20:00:00+00:00,61943.0,51152.476180053665,51355.84055993648,-203.36438,10790.523819946335,10790.523819946335,False
2018-01-10 21:00:00+00:00,59056.0,49952.0425994176,50049.3856475133,-97.34305,9103.957400582403,9103.957400582403,False
2018-01-10 22:00:00+00:00,54819.0,46652.17295854916,46649.8019999825,2.3709586,8166.827041450837,8166.827041450837,False
2018-01-10 23:00:00+00:00,51307.0,43522.13829550707,43505.016391133904,17.121904,7784.861704492927,7784.861704492927,False
2018-01-11 00:00:00+00:00,49423.0,41442.29800364793,41425.17609927476,17.121904,7980.7019963520725,7980.7019963520725,False
2018-01-11 01:00:00+00:00,48533.0,40318.60287637285,40295.333053298506,23.269823,8214.397123627154,8214.397123627154,False
2018-01-11 02:00:00+00:00,49219.0,40230.470338388026,40195.317983193934,35.152355,8988.529661611974,8988.529661611974,False
2018-01-11 03:00:00+00:00,50594.0,40944.13182339907,40880.562922337056,63.5689,9649.868176600932,9649.868176600932,False
2018-01-11 04:00:00+00:00,53417.0,42430.14158966933,42204.80578949843,225.3358,10986.858410330671,10986.858410330671,False
2018-01-11 05:00:00+00:00,61158.0,45592.81364956754,44867.0519918527,725.76166,15565.186350432457,15565.186350432457,False
2018-01-11 06:00:00+00:00,67217.0,48711.15509686164,48770.5375545948,-59.382458,18505.844903138357,18505.844903138357,False
2018-01-11 07:00:00+00:00,69283.0,51670.701204845784,52058.354647228596,-387.65344,17612.298795154216,17612.298795154216,False
2018-01-11 08:00:00+00:00,69335.0,54112.351519140815,54484.749315771674,-372.3978,15222.648480859185,15222.648480859185,True
2018-01-11 09:00:00+00:00,69896.0,56283.877762765274,56279.28645846306,4.5913043,13612.122237234726,13612.122237234726,True
2018-01-11 10:00:00+00:00,70516.0,57759.198039616516,57707.23980673688,51.958233,12756.801960383484,12756.801960383484,True
2018-01-11 11:00:00+00:00,69902.0,57609.5585095384,57533.55018586897,76.00832,12292.441490461599,12292.441490461599,True
2018-01-11 12:00:00+00:00,69440.0,56371.672377303585,56255.29743070935,116.37495,13068.327622696415,13068.327622696415,True
2018-01-11 13:00:00+00:00,68717.0,55205.5065721487,55217.247333905594,-11.740762,13511.493427851303,13511.493427851303,False
2018-01-11 14:00:00+00:00,68549.0,54838.37191927735,55073.49116671387,-235.11925,13710.62808072265,13710.62808072265,False
2018-01-11 15:00:00+00:00,68442.0,56487.83084791452,56704.9483405903,-217.1175,11954.16915208548,11954.16915208548,False
2018-01-11 16:00:00+00:00,70711.0,59217.92693154217,59223.92094008328,-5.9940085,11493.07306845783,11493.07306845783,True
2018-01-11 17:00:00+00:00,70314.0,58990.85696604955,58943.9911060642,46.86586,11323.143033950451,11323.143033950451,True
2018-01-11 18:00:00+00:00,69131.0,57114.12259288552,57149.28637309792,-35.16378,12016.87740711448,12016.87740711448,False
2018-01-11 19:00:00+00:00,65206.0,53581.205359792984,53723.991813040055,-142.78645,11624.794640207016,11624.794640207016,False
2018-01-11 20:00:00+00:00,62089.0,51126.31334075889,51272.40362701377,-146.09029,10962.68665924111,10962.68665924111,False
2018-01-11 21:00:00+00:00,59089.0,49905.2635769638,49965.9468922409,-60.683315,9183.7364230362,9183.7364230362,False
2018-01-11 22:00:00+00:00,55035.0,46582.64817098422,46566.36078313632,16.287388,8452.35182901578,8452.35182901578,False
2018-01-11 23:00:00+00:00,51269.0,43438.69446498745,43421.57256061428,17.121904,7830.3055350125505,7830.3055350125505,False
2018-01-12 00:00:00+00:00,49429.0,41358.85266856212,41341.73076418895,17.121904,8070.147331437882,8070.147331437882,False
2018-01-12 01:00:00+00:00,48492.0,40237.59668957388,40211.887310377715,25.70938,8254.403310426118,8254.403310426118,False
2018-01-12 02:00:00+00:00,48879.0,40157.34171253804,40111.87213856343,45.469574,8721.658287461963,8721.658287461963,False
2018-01-12 03:00:00+00:00,49918.0,40834.30195739611,40797.11732223375,37.184635,9083.698042603894,9083.698042603894,False
2018-01-12 04:00:00+00:00,53057.0,42226.236877227995,42121.36063363669,104.87624,10830.763122772005,10830.763122772005,False
2018-01-12 05:00:00+00:00,60640.0,45082.49014163184,44783.607878448245,298.88226,15557.509858368161,15557.509858368161,False
2018-01-12 06:00:00+00:00,66991.0,48749.17688130814,48687.0943541475,62.082527,18241.823118691857,18241.823118691857,False
2018-01-12 07:00:00+00:00,69090.0,51657.79457975319,51974.91170621803,-317.11713,17432.205420246813,17432.205420246813,False
2018-01-12 08:00:00+00:00,69419.0,54102.9290467437,54401.305969351124,-298.37692,15316.070953256298,15316.070953256298,True
2018-01-12 09:00:00+00:00,70589.0,56088.1054282559,56195.8425956143,-107.73717,14500.894571744102,14500.894571744102,True
2018-01-12 10:00:00+00:00,71035.0,57558.399620470605,57623.795463976465,-65.39584,13476.600379529395,13476.600379529395,True
2018-01-12 11:00:00+00:00,70543.0,57346.34774852448,57450.105667836004,-103.75792,13196.65225147552,13196.65225147552,True
2018-01-12 12:00:00+00:00,69553.0,55972.012361270354,56171.85293744223,-199.84058,13580.987638729646,13580.987638729646,True
2018-01-12 13:00:00+00:00,67818.0,54938.05746781175,55133.802798622295,-195.74533,12879.942532188252,12879.942532188252,False
2018-01-12 14:00:00+00:00,67224.0,54893.6547892525,54990.04642896197,-96.39164,12330.345210747502,12330.345210747502,False
2018-01-12 15:00:00+00:00,67527.0,56565.52198635353,56621.50327526344,-55.98129,10961.478013646469,10961.478013646469,False
2018-01-12 16:00:00+00:00,69550.0,59121.16216627461,59140.47557226521,-19.313406,10428.837833725389,10428.837833725389,True
2018-01-12 17:00:00+00:00,69094.0,58895.49980873758,58860.545768210235,34.95404,10198.500191262421,10198.500191262421,False
2018-01-12 18:00:00+00:00,66925.0,57041.28600329956,57065.841354556884,-24.555351,9883.71399670044,9883.71399670044,False
2018-01-12 19:00:00+00:00,62837.0,53568.130641778975,53640.546893915205,-72.41625,9268.869358221025,9268.869358221025,False
2018-01-12 20:00:00+00:00,59728.0,51226.4746470206,51188.958709215425,37.515938,8501.525352979399,8501.525352979399,False
2018-01-12 21:00:00+00:00,57601.0,49964.114071362186,49882.50148438709,81.61259,7636.885928637814,7636.885928637814,False
2018-01-12 22:00:00+00:00,54091.0,46486.677634425585,46482.91471333069,3.762921,7604.322365574415,7604.322365574415,False
2018-01-12 23:00:00+00:00,50525.0,43243.60154936868,43338.125787955105,-94.52424,7281.398450631321,7281.398450631321,False
2018-01-13 00:00:00+00:00,48467.0,41159.305651139766,41258.28358693078,-98.977936,7307.694348860234,7307.694348860234,False
2018-01-13 01:00:00+00:00,46890.0,39952.361043954785,40128.44002344697,-176.07898,6937.638956045215,6937.638956045215,False
2018-01-13 02:00:00+00:00,46593.0,39644.72926764088,40028.42482428151,-383.69556,6948.270732359117,6948.270732359117,False
2018-01-13 03:00:00+00:00,46136.0,40026.42343064223,40713.670073708636,-687.24664,6109.5765693577705,6109.5765693577705,False
2018-01-13 04:00:00+00:00,46002.0,39954.67522332437,42037.91350457437,-2083.2383,6047.324776675632,6047.324776675632,False
2018-01-13 05:00:00+00:00,47025.0,40963.564594170464,44700.16102971734,-3736.5964,6061.435405829536,6061.435405829536,False
2018-01-13 06:00:00+00:00,50894.0,49614.21812445879,48603.647750923636,1010.5704,1279.7818755412081,1279.7818755412081,False
2018-01-13 07:00:00+00:00,54955.0,53375.810631744724,51891.46517276035,1484.3455,1579.1893682552763,1579.1893682552763,False
2018-01-13 08:00:00+00:00,58521.0,55264.19221261518,54317.85932687299,946.3329,3256.8077873848233,3256.8077873848233,False
2018-01-13 09:00:00+00:00,60937.0,55544.59295781605,56112.39581426136,-567.80286,5392.40704218395,5392.40704218395,False
2018-01-13 10:00:00+00:00,61944.0,57454.29494181316,57540.34855356853,-86.05361,4489.705058186839,4489.705058186839,False
2018-01-13 11:00:00+00:00,61728.0,57312.5441930829,57366.65871029481,-54.114517,4415.4558069171035,4415.4558069171035,False
2018-01-13 12:00:00+00:00,59831.0,55771.20408226405,56088.40598656092,-317.2019,4059.7959177359517,4059.7959177359517,False
2018-01-13 13:00:00+00:00,58039.0,55096.49572520566,55050.355836442235,46.13989,2942.504274794337,2942.504274794337,False
2018-01-13 14:00:00+00:00,57405.0,55005.60156382453,54906.59941233527,99.00215,2399.39843617547,2399.39843617547,False
2018-01-13 15:00:00+00:00,58424.0,56857.55433949255,56538.056170547236,319.49817,1566.445660507452,1566.445660507452,False
2018-01-13 16:00:00+00:00,61699.0,59813.27240475955,59057.02838620486,756.244,1885.7275952404525,1885.7275952404525,False
2018-01-13 17:00:00+00:00,62322.0,59085.99110729749,58777.09859020764,308.89252,3236.0088927025135,3236.0088927025135,False
2018-01-13 18:00:00+00:00,59827.0,57134.442739594895,56982.39426242204,152.04848,2692.557260405105,2692.557260405105,False
2018-01-13 19:00:00+00:00,55432.0,54056.427648339006,53557.09982851479,499.32782,1375.5723516609942,1375.5723516609942,False
2018-01-13 20:00:00+00:00,52729.0,51802.73716907404,51105.5116441717,697.2255,926.2628309259599,926.2628309259599,False
2018-01-13 21:00:00+00:00,52468.0,50293.85677779493,49799.05428756055,494.8025,2174.1432222050717,2174.1432222050717,False
2018-01-13 22:00:00+00:00,48932.0,46266.91799157218,46399.46733849601,-132.54935,2665.0820084278166,2665.0820084278166,False
2018-01-13 23:00:00+00:00,45894.0,43146.10806420113,43254.67822411324,-108.57016,2747.8919357988707,2747.8919357988707,False
2018-01-14 00:00:00+00:00,44318.0,41124.387546214035,41174.835914286545,-50.448368,3193.612453785965,3193.612453785965,False
2018-01-14 01:00:00+00:00,42836.0,39908.254802999705,40044.99232131025,-136.73752,2927.745197000295,2927.745197000295,False
2018-01-14 02:00:00+00:00,42462.0,39653.40121757288,39944.977114789675,-291.5759,2808.5987824271215,2808.5987824271215,False
2018-01-14 03:00:00+00:00,42585.0,40265.488251040355,40630.22238189973,-364.73413,2319.511748959645,2319.511748959645,False
2018-01-14 04:00:00+00:00,42079.0,40358.80312516414,41954.4658448907,-1595.6627,1720.1968748358631,1720.1968748358631,False
2018-01-14 05:00:00+00:00,41368.0,41444.15094541873,44616.71344541873,-3172.5625,-76.15094541873259,76.15094541873259,False
2018-01-14 06:00:00+00:00,43177.0,48728.15607370976,48520.20023264531,207.95584,-5551.156073709761,5551.156073709761,False
2018-01-14 07:00:00+00:00,46353.0,52848.711398829066,51808.01767324313,1040.6937,-6495.711398829066,6495.711398829066,False
2018-01-14 08:00:00+00:00,50224.0,55172.403375187074,54234.411798038636,937.9916,-4948.403375187074,4948.403375187074,False
2018-01-14 09:00:00+00:00,52237.0,56161.35959451717,56028.94824808162,132.41135,-3924.359594517169,3924.359594517169,False
2018-01-14 10:00:00+00:00,55407.0,58133.26539360205,57456.90095268408,676.36444,-2726.2653936020506,2726.2653936020506,False
2018-01-14 11:00:00+00:00,55498.0,56621.784949274646,57283.211096735584,-661.42615,-1123.7849492746464,1123.7849492746464,False
2018-01-14 12:00:00+00:00,53204.0,55500.48596268324,56004.958374792615,-504.4724,-2296.4859626832404,2296.4859626832404,False
2018-01-14 13:00:00+00:00,51988.0,55174.18320027325,54966.90822163555,207.27498,-3186.183200273248,3186.183200273248,False
2018-01-14 14:00:00+00:00,52033.0,55014.7098273207,54823.15178288711,191.55804,-2981.709827320701,2981.709827320701,False
2018-01-14 15:00:00+00:00,53615.0,56659.21415400724,56454.60851741056,204.60564,-3044.2141540072407,3044.2141540072407,False
2018-01-14 16:00:00+00:00,58618.0,59634.29640943579,58973.5807111936,660.7157,-1016.2964094357885,1016.2964094357885,False
2018-01-14 17:00:00+00:00,60414.0,58786.172363591264,58693.65091736324,92.52145,1627.827636408736,1627.827636408736,False
2018-01-14 18:00:00+00:00,59171.0,57145.090335202854,56898.946612668675,246.14372,2025.9096647971455,2025.9096647971455,False
2018-01-14 19:00:00+00:00,57237.0,54243.18306973973,53473.65218595067,769.5309,2993.816930260269,2993.816930260269,False
2018-01-14 20:00:00+00:00,54925.0,51728.41928734805,51022.06400170352,706.3553,3196.5807126519503,3196.5807126519503,False
2018-01-14 21:00:00+00:00,55000.0,50336.34000809163,49715.60660965413,620.7334,4663.659991908367,4663.659991908367,False
2018-01-14 22:00:00+00:00,52049.0,46323.71323483297,46316.019612720695,7.693622,5725.286765167031,5725.286765167031,False
2018-01-14 23:00:00+00:00,49247.0,42969.357949952624,43171.23044751122,-201.8725,6277.642050047376,6277.642050047376,False
2018-01-15 00:00:00+00:00,47067.0,41043.479439907984,41091.38810842605,-47.90867,6023.520560092016,6023.520560092016,False
2018-01-15 01:00:00+00:00,46590.0,40134.26939155201,39961.5445075188,172.72488,6455.730608447993,6455.730608447993,False
2018-01-15 02:00:00+00:00,46870.0,40042.49429535822,39861.52929902033,180.965,6827.505704641779,6827.505704641779,False
2018-01-15 03:00:00+00:00,48485.0,40997.478123131674,40546.77457088558,450.70355,7487.521876868326,7487.521876868326,False
2018-01-15 04:00:00+00:00,53400.0,43199.126563023274,41871.01804251546,1328.1085,10200.873436976726,10200.873436976726,False
2018-01-15 05:00:00+00:00,62887.0,47320.73099534686,44533.26566331561,2787.4653,15566.269004653142,15566.269004653142,False
2018-01-15 06:00:00+00:00,69906.0,48039.20699710456,48436.75246829596,-397.54547,21866.793002895443,21866.793002895443,True
2018-01-15 07:00:00+00:00,72367.0,50988.06435973969,51724.56991393891,-736.50555,21378.935640260308,21378.935640260308,True
2018-01-15 08:00:00+00:00,72558.0,53551.00547372172,54150.96403085063,-599.95856,19006.99452627828,19006.99452627828,True
2018-01-15 09:00:00+00:00,73080.0,56050.85658809945,55945.500470850915,105.35612,17029.14341190055,17029.14341190055,True
2018-01-15 10:00:00+00:00,73902.0,57474.76733695819,57373.45316612079,101.31417,16427.23266304181,16427.23266304181,True
2018-01-15 11:00:00+00:00,73999.0,57340.33412280389,57199.76330676385,140.57082,16658.66587719611,16658.66587719611,True
2018-01-15 12:00:00+00:00,73351.0,56133.04308652321,55921.51058530251,211.5325,17217.956913476788,17217.956913476788,True
2018-01-15 13:00:00+00:00,72682.0,54648.852872124255,54883.460431328356,-234.60756,18033.147127875745,18033.147127875745,True
2018-01-15 14:00:00+00:00,72681.0,54205.41755065435,54739.70398864263,-534.28644,18475.582449345653,18475.582449345653,True
2018-01-15 15:00:00+00:00,72571.0,55862.95185449122,56371.16071679591,-508.20886,16708.04814550878,16708.04814550878,True
2018-01-15 16:00:00+00:00,75728.0,58630.47082583914,58890.13290469656,-259.66208,17097.52917416086,17097.52917416086,True
2018-01-15 17:00:00+00:00,75028.0,58558.58028582634,58610.2031114489,-51.622826,16469.41971417366,16469.41971417366,True
2018-01-15 18:00:00+00:00,72921.0,56488.396731665016,56815.498812963844,-327.10208,16432.603268334984,16432.603268334984,True
2018-01-15 19:00:00+00:00,68418.0,52889.53294042523,53390.20438817914,-500.67145,15528.467059574767,15528.467059574767,False
2018-01-15 20:00:00+00:00,64969.0,50418.37712925074,50938.61620395777,-520.2391,14550.622870749263,14550.622870749263,False
2018-01-15 21:00:00+00:00,62593.0,49259.95827137268,49632.15880237854,-372.20053,13333.041728627322,13333.041728627322,False
2018-01-15 22:00:00+00:00,58189.0,46072.63044735764,46232.57179257248,-159.94135,12116.369552642362,12116.369552642362,False
2018-01-15 23:00:00+00:00,54811.0,43118.88072007927,43087.782613694995,31.098106,11692.119279920727,11692.119279920727,False
2018-01-16 00:00:00+00:00,52191.0,41068.212948931745,41007.9402667418,60.272682,11122.787051068255,11122.787051068255,False
2018-01-16 01:00:00+00:00,51562.0,39946.2695381525,39878.096663701814,68.172874,11615.730461847503,11615.730461847503,False
2018-01-16 02:00:00+00:00,51757.0,39864.963008321356,39778.081454671454,86.88155,11892.036991678644,11892.036991678644,False
2018-01-16 03:00:00+00:00,52611.0,40604.918845125016,40463.326727815445,141.59212,12006.081154874984,12006.081154874984,False
2018-01-16 04:00:00+00:00,55322.0,42012.92034520107,41787.57020176845,225.35014,13309.07965479893,13309.07965479893,False
2018-01-16 05:00:00+00:00,63593.0,45380.17708094974,44449.81782802005,930.35925,18212.82291905026,18212.82291905026,False
2018-01-16 06:00:00+00:00,70951.0,48072.12186799927,48353.30463777466,-281.18277,22878.878132000733,22878.878132000733,True
2018-01-16 07:00:00+00:00,73288.0,50776.586867489146,51641.1220847743,-864.5352,22511.413132510854,22511.413132510854,True
2018-01-16 08:00:00+00:00,73444.0,53389.55056235893,54067.51619956596,-677.96564,20054.449437641073,20054.449437641073,True
2018-01-16 09:00:00+00:00,74641.0,56017.072641138075,55862.052636865614,155.02,18623.927358861925,18623.927358861925,True
2018-01-16 10:00:00+00:00,75297.0,57407.663372533556,57290.00532962584,117.65804,17889.336627466444,17889.336627466444,True
2018-01-16 11:00:00+00:00,75067.0,57289.14756163749,57116.31546935233,172.83209,17777.85243836251,17777.85243836251,True
2018-01-16 12:00:00+00:00,74657.0,55890.26693732103,55838.06274802049,52.20419,18766.73306267897,18766.73306267897,True
2018-01-16 13:00:00+00:00,73172.0,54394.770558914526,54800.012593826636,-405.24203,18777.229441085474,18777.229441085474,True
2018-01-16 14:00:00+00:00,72609.0,54242.133438900455,54656.256150082096,-414.1227,18366.866561099545,18366.866561099545,True
2018-01-16 15:00:00+00:00,72150.0,56021.24525567274,56287.712876522346,-266.46762,16128.754744327263,16128.754744327263,True
2018-01-16 16:00:00+00:00,74807.0,58768.60971112606,58806.68506284115,-38.07535,16038.39028887394,16038.39028887394,True
2018-01-16 17:00:00+00:00,74916.0,58533.6250164352,58526.755269750174,6.8697467,16382.374983564798,16382.374983564798,True
2018-01-16 18:00:00+00:00,73527.0,56627.69746493934,56732.05097293494,-104.35351,16899.302535060662,16899.302535060662,True
2018-01-16 19:00:00+00:00,69049.0,53013.440050867386,53306.75654867012,-293.3165,16035.559949132614,16035.559949132614,False
2018-01-16 20:00:00+00:00,64940.0,50523.52682392835,50855.16836445569,-331.64154,14416.473176071653,14416.473176071653,False
2018-01-16 21:00:00+00:00,61762.0,49295.45825950809,49548.71096031375,-253.2527,12466.541740491914,12466.541740491914,False
2018-01-16 22:00:00+00:00,56799.0,46098.52323903825,46149.123947046064,-50.600708,10700.476760961748,10700.476760961748,False
2018-01-16 23:00:00+00:00,53942.0,43021.45666886622,43004.334764493055,17.121904,10920.543331133777,10920.543331133777,False
2018-01-17 00:00:00+00:00,51758.0,40977.30857753342,40924.49241542404,52.816162,10780.691422466582,10780.691422466582,False
2018-01-17 01:00:00+00:00,50932.0,39851.81906556419,39794.648811810526,57.170254,11080.180934435812,11080.180934435812,False
2018-01-17 02:00:00+00:00,51237.0,39786.20083286176,39694.63360263715,91.56723,11450.79916713824,11450.79916713824,False
2018-01-17 03:00:00+00:00,52809.0,40555.815033351566,40379.878876125,175.93616,12253.184966648434,12253.184966648434,False
2018-01-17 04:00:00+00:00,56155.0,42242.40250206993,41704.12235070274,538.28015,13912.597497930074,13912.597497930074,False
2018-01-17 05:00:00+00:00,63845.0,45753.176130764055,44366.369978420305,1386.8062,18091.823869235945,18091.823869235945,False
2018-01-17 06:00:00+00:00,70633.0,47947.9921959529,48269.85678945876,-321.8646,22685.007804047098,22685.007804047098,True
2018-01-17 07:00:00+00:00,73602.0,50873.564617682634,51557.67423682326,-684.1096,22728.435382317366,22728.435382317366,True
2018-01-17 08:00:00+00:00,74058.0,53430.199271454956,53984.0683510448,-553.8691,20627.800728545044,20627.800728545044,True
2018-01-17 09:00:00+00:00,75034.0,55625.62122133405,55778.60478761823,-152.98357,19408.378778665952,19408.378778665952,True
2018-01-17 10:00:00+00:00,75963.0,57321.103423917426,57206.55747970356,114.545944,18641.896576082574,18641.896576082574,True
2018-01-17 11:00:00+00:00,75549.0,57173.02927079489,57032.86761918356,140.16165,18375.97072920511,18375.97072920511,True
2018-01-17 12:00:00+00:00,74728.0,55907.51212994222,55754.61489788655,152.89723,18820.487870057783,18820.487870057783,True
2018-01-17 13:00:00+00:00,74237.0,54524.189514751764,54716.5647436336,-192.37523,19712.810485248236,19712.810485248236,True
2018-01-17 14:00:00+00:00,73836.0,54098.43806034654,54572.80829960435,-474.37024,19737.56193965346,19737.56193965346,True
2018-01-17 15:00:00+00:00,73108.0,55810.298411814416,56204.26502558395,-393.9666,17297.701588185584,17297.701588185584,True
2018-01-17 16:00:00+00:00,75842.0,58515.78231645784,58723.23721147737,-207.4549,17326.217683542163,17326.217683542163,True
2018-01-17 17:00:00+00:00,75760.0,58360.942733369935,58443.30741842853,-82.364685,17399.057266630065,17399.057266630065,True
2018-01-17 18:00:00+00:00,74205.0,56478.16269237483,56648.60312206233,-170.44043,17726.837307625166,17726.837307625166,True
2018-01-17 19:00:00+00:00,69295.0,52924.681409118966,53223.308697937326,-298.6273,16370.318590881034,16370.318590881034,False
2018-01-17 20:00:00+00:00,65098.0,50467.63860454506,50771.72051372475,-304.0819,14630.361395454936,14630.361395454936,False
2018-01-17 21:00:00+00:00,62624.0,49276.55069129113,49465.26310889367,-188.71242,13347.44930870887,13347.44930870887,False
2018-01-17 22:00:00+00:00,58092.0,46018.22388522245,46065.6760946951,-47.45221,12073.776114777553,12073.776114777553,False
2018-01-17 23:00:00+00:00,55134.0,42938.00881552686,42920.88691115369,17.121904,12195.99118447314,12195.99118447314,False
2018-01-18 00:00:00+00:00,52618.0,40862.16666997518,40841.04456151571,21.122108,11755.83333002482,11755.83333002482,False
2018-01-18 01:00:00+00:00,51826.0,39765.07491252092,39711.20095774797,53.873955,12060.925087479081,12060.925087479081,False
2018-01-18 02:00:00+00:00,51522.0,39697.47311731054,39611.185748536125,86.28737,11824.52688268946,11824.52688268946,False
2018-01-18 03:00:00+00:00,52681.0,40417.54135842015,40296.43102211644,121.11034,12263.458641579848,12263.458641579848,False
2018-01-18 04:00:00+00:00,56134.0,42167.96929666686,41620.67449686217,547.2948,13966.030703333141,13966.030703333141,False
2018-01-18 05:00:00+00:00,63870.0,45734.36987888021,44282.92212497396,1451.4478,18135.630121119793,18135.630121119793,False
2018-01-18 06:00:00+00:00,71156.0,47967.800171709234,48186.40893635767,-218.60876,23188.199828290766,23188.199828290766,True
2018-01-18 07:00:00+00:00,74112.0,50884.10333694526,51474.22638382026,-590.12305,23227.896663054737,23227.896663054737,True
2018-01-18 08:00:00+00:00,74758.0,53480.41450423615,53900.62049788849,-420.206,21277.58549576385,21277.58549576385,True
2018-01-18 09:00:00+00:00,75599.0,55604.70811987453,55695.15693426662,-90.448814,19994.29188012547,19994.29188012547,True
2018-01-18 10:00:00+00:00,75964.0,57246.17762696392,57123.109626170466,123.068,18717.822373036077,18717.822373036077,True
2018-01-18 11:00:00+00:00,75941.0,57106.13817989083,56949.41976558419,156.71841,18834.861820109167,18834.861820109167,True
2018-01-18 12:00:00+00:00,74306.0,55779.5012346652,55671.16704429655,108.33419,18526.4987653348,18526.4987653348,True
2018-01-18 13:00:00+00:00,73440.0,54593.38377387781,54633.11689002771,-39.733116,18846.61622612219,18846.61622612219,True
2018-01-18 14:00:00+00:00,72263.0,54260.7555264883,54489.36044592189,-228.60492,18002.244473511702,18002.244473511702,True
2018-01-18 15:00:00+00:00,71705.0,55846.130495752215,56120.817171777606,-274.68668,15858.869504247785,15858.869504247785,True
2018-01-18 16:00:00+00:00,74868.0,58477.18622340136,58639.789357556634,-162.60313,16390.81377659864,16390.81377659864,True
2018-01-18 17:00:00+00:00,74805.0,58317.34765884896,58359.85956451912,-42.511906,16487.652341151042,16487.652341151042,True
2018-01-18 18:00:00+00:00,72398.0,56390.479059777594,56565.15526827369,-174.67621,16007.520940222406,16007.520940222406,True
2018-01-18 19:00:00+00:00,68385.0,52903.09895758959,53139.86084418627,-236.76189,15481.901042410413,15481.901042410413,False
2018-01-18 20:00:00+00:00,64573.0,50448.300903992764,50688.27265997421,-239.97176,14124.699096007236,14124.699096007236,False
2018-01-18 21:00:00+00:00,61934.0,49241.46753767264,49381.81525495779,-140.34772,12692.532462327363,12692.532462327363,False
2018-01-18 22:00:00+00:00,57397.0,45932.39948226915,45982.2282405089,-49.82876,11464.600517730847,11464.600517730847,False
2018-01-18 23:00:00+00:00,53896.0,42854.56096107486,42837.43905670169,17.121904,11041.439038925142,11041.439038925142,False
2018-01-19 00:00:00+00:00,51343.0,40775.501453919984,40757.59670691071,17.904747,10567.498546080016,10567.498546080016,False
2018-01-19 01:00:00+00:00,50945.0,39656.78563102508,39627.753103101495,29.032528,11288.214368974921,11288.214368974921,False
2018-01-19 02:00:00+00:00,50671.0,39582.52985554922,39527.7378938793,54.79196,11088.470144450781,11088.470144450781,False
2018-01-19 03:00:00+00:00,51888.0,40310.68466742346,40212.9831674845,97.7015,11577.315332576538,11577.315332576538,False
2018-01-19 04:00:00+00:00,55204.0,41832.99333539064,41537.226642275404,295.7667,13371.006664609362,13371.006664609362,False
2018-01-19 05:00:00+00:00,62497.0,45379.681545883825,44199.4742704932,1180.2073,17117.318454116175,17117.318454116175,False
2018-01-19 06:00:00+00:00,68453.0,47970.35536907913,48102.961081969755,-132.60571,20482.64463092087,20482.64463092087,False
2018-01-19 07:00:00+00:00,70324.0,50883.817500406,51390.77852945874,-506.96103,19440.182499593997,19440.182499593997,True
2018-01-19 08:00:00+00:00,70340.0,53342.173223319725,53817.17264348574,-474.99942,16997.826776680275,16997.826776680275,True
2018-01-19 09:00:00+00:00,70928.0,55321.3621865008,55611.70907981135,-290.3469,15606.637813499197,15606.637813499197,True
2018-01-19 10:00:00+00:00,71383.0,56915.08254803358,57039.66177166639,-124.57922,14467.917451966423,14467.917451966423,True
2018-01-19 11:00:00+00:00,71137.0,56713.300280202915,56865.97191106229,-152.67163,14423.699719797085,14423.699719797085,True
2018-01-19 12:00:00+00:00,70032.0,55432.13958467463,55587.71918977717,-155.5796,14599.86041532537,14599.86041532537,True
2018-01-19 13:00:00+00:00,67936.0,54397.81266648551,54549.66903550406,-151.85637,13538.187333514492,13538.187333514492,False
2018-01-19 14:00:00+00:00,67232.0,54226.13012067453,54405.91259137765,-179.78247,13005.869879325473,13005.869879325473,False
2018-01-19 15:00:00+00:00,66978.0,55762.65447345006,56037.36931720006,-274.71484,11215.345526549943,11215.345526549943,False
2018-01-19 16:00:00+00:00,69783.0,58400.91369227938,58556.34150294832,-155.42781,11382.086307720623,11382.086307720623,True
2018-01-19 17:00:00+00:00,69813.0,58201.78810609307,58276.41170991387,-74.623604,11611.211893906933,11611.211893906933,True
2018-01-19 18:00:00+00:00,68078.0,56397.706933049034,56481.70741370089,-84.00048,11680.293066950966,11680.293066950966,False
2018-01-19 19:00:00+00:00,64573.0,52996.54514981035,53056.41298962358,-59.86784,11576.45485018965,11576.45485018965,False
2018-01-19 20:00:00+00:00,61404.0,50630.65932193693,50604.82480541166,25.834517,10773.340678063068,10773.340678063068,False
2018-01-19 21:00:00+00:00,58865.0,49414.12843244991,49298.367400345414,115.76103,9450.871567550093,9450.871567550093,False
2018-01-19 22:00:00+00:00,55730.0,45932.053514338724,45898.7803858292,33.27313,9797.946485661276,9797.946485661276,False
2018-01-19 23:00:00+00:00,52294.0,42650.00987870833,42753.99120195052,-103.98132,9643.990121291667,9643.990121291667,False
2018-01-20 00:00:00+00:00,49648.0,40580.00738025559,40674.148852118386,-94.14147,9067.992619744407,9067.992619744407,False
2018-01-20 01:00:00+00:00,47990.0,39371.930477179856,39544.30524829802,-172.37477,8618.069522820144,8618.069522820144,False
2018-01-20 02:00:00+00:00,47823.0,39058.40850831133,39444.29003907305,-385.88153,8764.591491688669,8764.591491688669,False
2018-01-20 03:00:00+00:00,48060.0,39476.14169696227,40129.53531268493,-653.3936,8583.858303037727,8583.858303037727,False
2018-01-20 04:00:00+00:00,47614.0,39381.61985194111,41453.77878748799,-2072.159,8232.380148058888,8232.380148058888,False
2018-01-20 05:00:00+00:00,48417.0,40398.21342745304,44116.02641573429,-3717.813,8018.78657254696,8018.78657254696,False
2018-01-20 06:00:00+00:00,51789.0,48792.66904998972,48019.51322723582,773.1558,2996.330950010277,2996.330950010277,False
2018-01-20 07:00:00+00:00,55833.0,53256.171617114705,51307.33067473189,1948.841,2576.8283828852946,2576.8283828852946,False
2018-01-20 08:00:00+00:00,59552.0,55368.03240593531,53733.72478874781,1634.3076,4183.967594064692,4183.967594064692,False
2018-01-20 09:00:00+00:00,61282.0,54819.074030235075,55528.261225059294,-709.1872,6462.925969764925,6462.925969764925,False
2018-01-20 10:00:00+00:00,61732.0,56981.422180298425,56956.21391690121,25.208263,4750.577819701575,4750.577819701575,False
2018-01-20 11:00:00+00:00,61067.0,56572.16939625815,56782.52405629233,-210.35466,4494.8306037418515,4494.8306037418515,False
2018-01-20 12:00:00+00:00,59203.0,55156.440005662174,55504.27133500788,-347.83133,4046.5599943378256,4046.5599943378256,False
2018-01-20 13:00:00+00:00,57695.0,54532.32832795042,54466.22118073362,66.10715,3162.6716720495824,3162.6716720495824,False
2018-01-20 14:00:00+00:00,56610.0,54447.026282927356,54322.46473660167,124.56155,2162.973717072644,2162.973717072644,False
2018-01-20 15:00:00+00:00,57270.0,56276.3531335577,55953.92146241512,322.43167,993.646866442301,993.646866442301,False
2018-01-20 16:00:00+00:00,60472.0,58939.745180137535,58472.89364815511,466.85153,1532.2548198624645,1532.2548198624645,False
2018-01-20 17:00:00+00:00,60956.0,58311.79717573915,58192.963855121474,118.83332,2644.2028242608503,2644.2028242608503,False
2018-01-20 18:00:00+00:00,59192.0,56351.06240010376,56398.259558917234,-47.19716,2840.9375998962423,2840.9375998962423,False
2018-01-20 19:00:00+00:00,56047.0,53071.559556229375,52972.965134842656,98.59442,2975.4404437706253,2975.4404437706253,False
2018-01-20 20:00:00+00:00,53489.0,50817.72091425381,50521.376950630765,296.34396,2671.279085746188,2671.279085746188,False
2018-01-20 21:00:00+00:00,52715.0,49624.22957362729,49214.91954555112,409.31003,3090.7704263727064,3090.7704263727064,False
2018-01-20 22:00:00+00:00,50093.0,46141.86646656368,45815.33253101681,326.53394,3951.1335334363175,3951.1335334363175,False
2018-01-20 23:00:00+00:00,46774.0,42697.7791926847,42670.5433471189,27.235846,4076.2208073153015,4076.2208073153015,False
2018-01-21 00:00:00+00:00,44572.0,40563.778149527905,40590.70099727571,-26.922848,4008.221850472095,4008.221850472095,False
2018-01-21 01:00:00+00:00,43010.0,39356.24122066182,39460.857393452345,-104.61617,3653.7587793381826,3653.7587793381826,False
2018-01-21 02:00:00+00:00,42712.0,39226.26798073541,39360.84218422662,-134.5742,3485.732019264593,3485.732019264593,False
2018-01-21 03:00:00+00:00,42677.0,39462.99334162936,40046.087457840295,-583.0941,3214.006658370643,3214.006658370643,False
2018-01-21 04:00:00+00:00,42152.0,39289.76354983412,41370.33093264662,-2080.5674,2862.2364501658813,2862.2364501658813,False
2018-01-21 05:00:00+00:00,41607.0,41187.57978160372,44032.5785609006,-2844.9988,419.42021839627705,419.42021839627705,False
2018-01-21 06:00:00+00:00,43289.0,48654.50690072914,47936.065372408826,718.4415,-5365.506900729139,5365.506900729139,False
2018-01-21 07:00:00+00:00,46936.0,52766.89282967243,51223.88281990681,1543.01,-5830.892829672433,5830.892829672433,False
2018-01-21 08:00:00+00:00,51023.0,54332.6490652674,53650.27693391974,682.37213,-3309.6490652673965,3309.6490652673965,False
2018-01-21 09:00:00+00:00,53708.0,56042.2329258915,55444.813370227435,597.41956,-2334.232925891498,2334.232925891498,False
2018-01-21 10:00:00+00:00,56169.0,56646.978845879305,56872.76606206583,-225.78722,-477.9788458793046,477.9788458793046,False
2018-01-21 11:00:00+00:00,56158.0,56030.59377958065,56699.07620145565,-668.4824,127.40622041934694,127.40622041934694,False
2018-01-21 12:00:00+00:00,54026.0,55269.822961372556,55420.823480171384,-151.00052,-1243.8229613725562,1243.8229613725562,False
2018-01-21 13:00:00+00:00,52726.0,54567.03960702475,54382.77332589682,184.26628,-1841.0396070247516,1841.0396070247516,False
2018-01-21 14:00:00+00:00,52121.0,54386.63867741767,54239.016881763375,147.6218,-2265.6386774176717,2265.6386774176717,False
2018-01-21 15:00:00+00:00,53048.0,56202.22095254512,55870.473607574415,331.74734,-3154.220952545118,3154.220952545118,False
2018-01-21 16:00:00+00:00,56763.0,59278.13390366374,58389.445793312174,888.6881,-2515.1339036637364,2515.1339036637364,False
2018-01-21 17:00:00+00:00,58269.0,58768.1267180522,58109.51600027876,658.6107,-499.12671805219725,499.12671805219725,False
2018-01-21 18:00:00+00:00,57057.0,56682.87649289524,56314.81170407688,368.0648,374.1235071047631,374.1235071047631,False
2018-01-21 19:00:00+00:00,54859.0,53724.085090061606,52889.51728000301,834.5678,1134.914909938394,1134.914909938394,False
2018-01-21 20:00:00+00:00,52929.0,51039.5767398341,50437.92909579113,601.64764,1889.4232601659023,1889.4232601659023,False
2018-01-21 21:00:00+00:00,53250.0,49369.41294436999,49131.471690707884,237.94125,3880.587055630007,3880.587055630007,False
2018-01-21 22:00:00+00:00,50745.0,45624.35968990161,45731.8846761687,-107.52499,5120.640310098388,5120.640310098388,False
2018-01-21 23:00:00+00:00,48117.0,42445.14314546388,42587.09549226564,-141.95235,5671.8568545361195,5671.8568545361195,False
2018-01-22 00:00:00+00:00,46606.0,40424.584876123066,40507.25314241945,-82.66827,6181.415123876934,6181.415123876934,False
2018-01-22 01:00:00+00:00,46247.0,39421.2852137967,39377.40953859528,43.875675,6825.714786203302,6825.714786203302,False
2018-01-22 02:00:00+00:00,46850.0,39384.12199813157,39277.39432936937,106.72767,7465.8780018684265,7465.8780018684265,False
2018-01-22 03:00:00+00:00,48715.0,40412.73551973157,39962.63960298352,450.09592,8302.26448026843,8302.26448026843,False
2018-01-22 04:00:00+00:00,52471.0,43019.55727212667,41286.883077790735,1732.6742,9451.442727873327,9451.442727873327,False
2018-01-22 05:00:00+00:00,60764.0,47790.737883781134,43949.13070604676,3841.6072,12973.262116218866,12973.262116218866,False
2018-01-22 06:00:00+00:00,66817.0,47224.316431131025,47852.617517556806,-628.3011,19592.683568868975,19592.683568868975,False
2018-01-22 07:00:00+00:00,69460.0,50299.842008512336,51140.434965055305,-840.59296,19160.157991487664,19160.157991487664,True
2018-01-22 08:00:00+00:00,70486.0,53057.041603481506,53566.829079067444,-509.78748,17428.958396518494,17428.958396518494,True
2018-01-22 09:00:00+00:00,71763.0,55066.87280907528,55361.365515374106,-294.4927,16696.127190924723,16696.127190924723,True
2018-01-22 10:00:00+00:00,72348.0,56769.541042752324,56789.31820721155,-19.777164,15578.458957247676,15578.458957247676,True
2018-01-22 11:00:00+00:00,72365.0,56682.23176304389,56615.62834660102,66.60342,15682.768236956108,15682.768236956108,True
2018-01-22 12:00:00+00:00,72006.0,55441.29141968936,55337.3756253168,103.915794,16564.70858031064,16564.70858031064,True
2018-01-22 13:00:00+00:00,71137.0,54188.922371982095,54299.32547104215,-110.4031,16948.077628017905,16948.077628017905,True
2018-01-22 14:00:00+00:00,69984.0,53539.42492290441,54155.56902690831,-616.1441,16444.575077095593,16444.575077095593,True
2018-01-22 15:00:00+00:00,68852.0,55230.38994949604,55787.0257527187,-556.6358,13621.610050503958,13621.610050503958,False
2018-01-22 16:00:00+00:00,71151.0,58082.30171042853,58305.997938455876,-223.69623,13068.698289571468,13068.698289571468,True
2018-01-22 17:00:00+00:00,71200.0,57936.2564846559,58026.068145422505,-89.81166,13263.743515344097,13263.743515344097,True
2018-01-22 18:00:00+00:00,69745.0,55871.78499179937,56231.36384922125,-359.57886,13873.215008200626,13873.215008200626,True
2018-01-22 19:00:00+00:00,65644.0,52280.02212290149,52806.06942514759,-526.0473,13363.977877098507,13363.977877098507,False
2018-01-22 20:00:00+00:00,62079.0,49805.76987618961,50354.481240935704,-548.71136,12273.23012381039,12273.23012381039,False
2018-01-22 21:00:00+00:00,59581.0,48706.78231973822,49048.0238358515,-341.24152,10874.217680261783,10874.217680261783,False
2018-01-22 22:00:00+00:00,55452.0,45646.27976450253,45648.436821311,-2.1570568,9805.720235497472,9805.720235497472,False
2018-01-22 23:00:00+00:00,52059.0,42536.39258674736,42503.64763740654,32.74495,9522.607413252641,9522.607413252641,False
2018-01-23 00:00:00+00:00,50135.0,40488.1233265,40423.80528755957,64.31804,9646.876673500003,9646.876673500003,False
2018-01-23 01:00:00+00:00,49192.0,39382.30802772932,39293.96168373518,88.346344,9809.69197227068,9809.69197227068,False
2018-01-23 02:00:00+00:00,49126.0,39288.79188008782,39193.946474509205,94.845406,9837.208119912182,9837.208119912182,False
2018-01-23 03:00:00+00:00,50400.0,40078.79503486666,39879.1917481235,199.60329,10321.204965133336,10321.204965133336,False
2018-01-23 04:00:00+00:00,53875.0,41882.905193634055,41203.43522293093,679.47,11992.094806365945,11992.094806365945,False
2018-01-23 05:00:00+00:00,61690.0,45212.41856896096,43865.68285118752,1346.7357,16477.58143103904,16477.58143103904,False
2018-01-23 06:00:00+00:00,67694.0,47552.4853060086,47769.169662698056,-216.68436,20141.514693991398,20141.514693991398,False
2018-01-23 07:00:00+00:00,70180.0,50273.79613119279,51056.98711019669,-783.191,19906.203868807213,19906.203868807213,True
2018-01-23 08:00:00+00:00,70979.0,52772.39483504845,53483.381224208606,-710.9864,18206.60516495155,18206.60516495155,True
2018-01-23 09:00:00+00:00,71727.0,55458.0174224779,55277.917660515006,180.09976,16268.982577522103,16268.982577522103,True
2018-01-23 10:00:00+00:00,71917.0,56822.66001757436,56705.87035235219,116.789665,15094.339982425641,15094.339982425641,True
2018-01-23 11:00:00+00:00,71999.0,56701.443476971064,56532.18049174157,169.26299,15297.556523028936,15297.556523028936,True
2018-01-23 12:00:00+00:00,71709.0,55455.7974298812,55253.92777045737,201.86966,16253.202570118803,16253.202570118803,True
2018-01-23 13:00:00+00:00,71237.0,53985.83100058211,54215.8776161827,-230.04662,17251.16899941789,17251.16899941789,True
2018-01-23 14:00:00+00:00,69927.0,53600.51893816203,54072.12117204875,-471.60223,16326.48106183797,16326.48106183797,True
2018-01-23 15:00:00+00:00,69933.0,55488.466951203685,55703.57789785896,-215.11095,14444.533048796315,14444.533048796315,True
2018-01-23 16:00:00+00:00,72577.0,58218.54379792855,58222.55008359597,-4.0062857,14358.456202071451,14358.456202071451,True
2018-01-23 17:00:00+00:00,72654.0,57965.22030429553,57942.62029056262,22.600014,14688.77969570447,14688.77969570447,True
2018-01-23 18:00:00+00:00,71395.0,56047.32744760861,56147.91599436154,-100.58855,15347.672552391392,15347.672552391392,True
2018-01-23 19:00:00+00:00,68457.0,52455.27696579574,52722.62157028793,-267.3446,16001.72303420426,16001.72303420426,False
2018-01-23 20:00:00+00:00,64748.0,49902.34683212097,50271.03338607605,-368.68655,14845.653167879027,14845.653167879027,False
2018-01-23 21:00:00+00:00,61207.0,48663.40355667516,48964.57598099157,-301.17242,12543.596443324837,12543.596443324837,False
2018-01-23 22:00:00+00:00,56746.0,45477.127989277884,45564.988966450735,-87.86098,11268.872010722116,11268.872010722116,False
2018-01-23 23:00:00+00:00,53466.0,42462.55369108472,42420.199782545904,42.35391,11003.446308915278,11003.446308915278,False
2018-01-24 00:00:00+00:00,51235.0,40446.014895772445,40340.357432698715,105.65746,10788.985104227555,10788.985104227555,False
2018-01-24 01:00:00+00:00,49968.0,39366.606159806885,39210.51382887427,156.09233,10601.393840193115,10601.393840193115,False
2018-01-24 02:00:00+00:00,50080.0,39272.847008320154,39110.49861964828,162.34839,10807.152991679846,10807.152991679846,False
2018-01-24 03:00:00+00:00,51113.0,40038.29285871671,39795.74389326261,242.54897,11074.707141283288,11074.707141283288,False
2018-01-24 04:00:00+00:00,54501.0,41788.782961331824,41119.987368070106,668.7956,12712.217038668176,12712.217038668176,False
2018-01-24 05:00:00+00:00,63204.0,45272.69593382684,43782.23499632684,1490.4609,17931.304066173157,17931.304066173157,False
2018-01-24 06:00:00+00:00,70648.0,47371.53482663633,47685.7218078375,-314.18698,23276.46517336367,23276.46517336367,True
2018-01-24 07:00:00+00:00,72766.0,50214.59314937914,50973.539255336174,-758.9461,22551.406850620857,22551.406850620857,True
2018-01-24 08:00:00+00:00,72839.0,52685.01131124257,53399.93336934804,-714.92206,20153.988688757432,20153.988688757432,True
2018-01-24 09:00:00+00:00,72659.0,55371.8586911524,55194.46980565436,177.38889,17287.141308847597,17287.141308847597,True
2018-01-24 10:00:00+00:00,72471.0,56691.413624505636,56622.422497491476,68.99113,15779.586375494364,15779.586375494364,True
2018-01-24 11:00:00+00:00,72316.0,56549.61751694675,56448.732636880835,100.88488,15766.382483053247,15766.382483053247,True
2018-01-24 12:00:00+00:00,71832.0,55303.022167183546,55170.47991559663,132.54225,16528.977832816454,16528.977832816454,True
2018-01-24 13:00:00+00:00,70512.0,54179.951844604424,54132.42976132195,47.522083,16332.048155395576,16332.048155395576,True
2018-01-24 14:00:00+00:00,70001.0,53787.77039360399,53988.673317187975,-200.90292,16213.22960639601,16213.22960639601,True
2018-01-24 15:00:00+00:00,70106.0,55398.25431057627,55620.13004299814,-221.87573,14707.745689423733,14707.745689423733,True
2018-01-24 16:00:00+00:00,73517.0,58085.38588580908,58139.10222873511,-53.716343,15431.614114190917,15431.614114190917,True
2018-01-24 17:00:00+00:00,74464.0,57875.63286012499,57859.172435701774,16.460424,16588.36713987501,16588.36713987501,True
2018-01-24 18:00:00+00:00,71960.0,55958.58319839965,56064.46813950072,-105.88494,16001.416801600353,16001.416801600353,True
2018-01-24 19:00:00+00:00,67793.0,52422.64118368885,52639.17371542713,-216.53253,15370.358816311149,15370.358816311149,False
2018-01-24 20:00:00+00:00,63973.0,49962.634389857834,50187.585531215256,-224.95114,14010.365610142166,14010.365610142166,False
2018-01-24 21:00:00+00:00,60861.0,48724.058912263514,48881.1281261307,-157.06921,12136.941087736486,12136.941087736486,False
2018-01-24 22:00:00+00:00,56224.0,45431.15278303753,45481.54111158977,-50.38833,10792.847216962473,10792.847216962473,False
2018-01-24 23:00:00+00:00,52476.0,42335.71762080103,42336.75192768484,-1.0343069,10140.282379198972,10140.282379198972,False
2018-01-25 00:00:00+00:00,50377.0,40290.79353856147,40256.90957783759,33.88396,10086.20646143853,10086.20646143853,False
2018-01-25 01:00:00+00:00,49093.0,39222.48888661079,39127.06597401313,95.42291,9870.511113389213,9870.511113389213,False
2018-01-25 02:00:00+00:00,49303.0,39146.59158204788,39027.050764787135,119.54082,10156.408417952123,10156.408417952123,False
2018-01-25 03:00:00+00:00,50811.0,39859.20892597471,39712.296038401466,146.91289,10951.791074025292,10951.791074025292,False
2018-01-25 04:00:00+00:00,53949.0,41413.15227566016,41036.53951320899,376.61276,12535.847724339837,12535.847724339837,False
2018-01-25 05:00:00+00:00,62100.0,44826.52591099702,43698.78714146577,1127.7388,17273.47408900298,17273.47408900298,False
2018-01-25 06:00:00+00:00,69324.0,47396.598980442286,47602.273952976466,-205.67497,21927.401019557714,21927.401019557714,True
2018-01-25 07:00:00+00:00,71470.0,50370.727691979046,50890.09140047514,-519.3637,21099.272308020954,21099.272308020954,True
2018-01-25 08:00:00+00:00,71174.0,52855.47996028777,53316.48551448699,-461.00555,18318.52003971223,18318.52003971223,True
2018-01-25 09:00:00+00:00,71680.0,55191.85387523176,55111.021950793285,80.831924,16488.14612476824,16488.14612476824,True
2018-01-25 10:00:00+00:00,71901.0,56581.37245833473,56538.97464263038,42.397816,15319.627541665272,15319.627541665272,True
2018-01-25 11:00:00+00:00,71431.0,56434.06819113839,56365.284782019735,68.78341,14996.931808861613,14996.931808861613,True
2018-01-25 12:00:00+00:00,70759.0,55196.9211903742,55087.03206073553,109.88913,15562.078809625797,15562.078809625797,True
2018-01-25 13:00:00+00:00,69276.0,54004.79265932951,54048.98190646086,-44.189247,15271.207340670488,15271.207340670488,False
2018-01-25 14:00:00+00:00,68489.0,53699.19544828879,53905.225462326875,-206.03001,14789.804551711211,14789.804551711211,False
2018-01-25 15:00:00+00:00,68294.0,55370.389066799136,55536.68218813703,-166.29312,12923.610933200864,12923.610933200864,False
2018-01-25 16:00:00+00:00,71105.0,58064.25172304085,58055.65437387398,8.597349,13040.748276959152,13040.748276959152,True
2018-01-25 17:00:00+00:00,71435.0,57809.38747985798,57775.724580840644,33.6629,13625.612520142022,13625.612520142022,True
2018-01-25 18:00:00+00:00,69894.0,55949.98524473789,55981.02028463962,-31.03504,13944.014755262113,13944.014755262113,True
2018-01-25 19:00:00+00:00,65788.0,52405.36285397423,52555.725860566024,-150.363,13382.637146025772,13382.637146025772,False
2018-01-25 20:00:00+00:00,62344.0,49913.92489254067,50104.13767635415,-190.21278,12430.075107459328,12430.075107459328,False
2018-01-25 21:00:00+00:00,58994.0,48686.582927824755,48797.68027126958,-111.09734,10307.417072175245,10307.417072175245,False
2018-01-25 22:00:00+00:00,54525.0,45408.946037070724,45398.09325672862,10.85278,9116.053962929276,9116.053962929276,False
2018-01-25 23:00:00+00:00,50725.0,42295.93983026995,42253.30407282366,42.635757,8429.060169730052,8429.060169730052,False
2018-01-26 00:00:00+00:00,48808.0,40197.855449325274,40173.4617229764,24.393726,8610.144550674726,8610.144550674726,False
2018-01-26 01:00:00+00:00,48096.0,39125.25592127595,39043.61811915193,81.6378,8970.744078724048,8970.744078724048,False
2018-01-26 02:00:00+00:00,48463.0,39066.10400092935,38943.60290992593,122.50109,9396.89599907065,9396.89599907065,False
2018-01-26 03:00:00+00:00,49868.0,39770.71242609398,39628.84818354027,141.86424,10097.287573906018,10097.287573906018,False
2018-01-26 04:00:00+00:00,53315.0,41222.924025291155,40953.091658347796,269.83237,12092.075974708845,12092.075974708845,False
2018-01-26 05:00:00+00:00,60808.0,44302.49120310849,43615.33928660458,687.1519,16505.50879689151,16505.50879689151,False
2018-01-26 06:00:00+00:00,67318.0,47427.10455575688,47518.82609811528,-91.72154,19890.89544424312,19890.89544424312,False
2018-01-26 07:00:00+00:00,69663.0,50461.633474813185,50806.643545613966,-345.01007,19201.366525186815,19201.366525186815,True
2018-01-26 08:00:00+00:00,69527.0,52969.81543062191,53233.037659625814,-263.22223,16557.184569378092,16557.184569378092,True
2018-01-26 09:00:00+00:00,69589.0,54912.53768083201,55027.574095932105,-115.036415,14676.462319167993,14676.462319167993,True
2018-01-26 10:00:00+00:00,69895.0,56341.1056146735,56455.5267877692,-114.42117,13553.894385326501,13553.894385326501,True
2018-01-26 11:00:00+00:00,69671.0,56151.75837491247,56281.83692715856,-130.07855,13519.241625087532,13519.241625087532,True
2018-01-26 12:00:00+00:00,68321.0,54821.6855852689,55003.584205874366,-181.89862,13499.314414731103,13499.314414731103,False
2018-01-26 13:00:00+00:00,66614.0,53778.13274544734,53965.53405159969,-187.4013,12835.867254552657,12835.867254552657,False
2018-01-26 14:00:00+00:00,65858.0,53742.61630680652,53821.7776074657,-79.1613,12115.383693193478,12115.383693193478,False
2018-01-26 15:00:00+00:00,65844.0,55413.04637551218,55453.234333275854,-40.187958,10430.953624487818,10430.953624487818,False
2018-01-26 16:00:00+00:00,68359.0,57967.29580963171,57972.20651901281,-4.9107094,10391.704190368291,10391.704190368291,False
2018-01-26 17:00:00+00:00,68505.0,57731.09118291916,57692.276725979464,38.814457,10773.908817080839,10773.908817080839,False
2018-01-26 18:00:00+00:00,66631.0,55841.15651715026,55897.57242977843,-56.415913,10789.843482849741,10789.843482849741,False
2018-01-26 19:00:00+00:00,62689.0,52372.14273653981,52472.27800570485,-100.13527,10316.857263460188,10316.857263460188,False
2018-01-26 20:00:00+00:00,59606.0,50026.38982130224,50020.689821492975,5.7,9579.61017869776,9579.61017869776,False
2018-01-26 21:00:00+00:00,57472.0,48813.47819735322,48714.2324164084,99.24578,8658.521802646777,8658.521802646777,False
2018-01-26 22:00:00+00:00,53521.0,45376.64582148414,45314.64540186744,62.00042,8144.3541785158595,8144.3541785158595,False
2018-01-26 23:00:00+00:00,49542.0,42074.57816467878,42169.85621796247,-95.27805,7467.42183532122,7467.42183532122,False
2018-01-27 00:00:00+00:00,47090.0,39961.75706269528,40090.0138681152,-128.2568,7128.24293730472,7128.24293730472,False
2018-01-27 01:00:00+00:00,45762.0,38765.9144506921,38960.17026429073,-194.25581,6996.0855493079,6996.0855493079,False
2018-01-27 02:00:00+00:00,45710.0,38484.71294691044,38860.15505506474,-375.4421,7225.28705308956,7225.28705308956,False
2018-01-27 03:00:00+00:00,45624.0,38905.2853384447,39545.400328679076,-640.115,6718.714661555299,6718.714661555299,False
2018-01-27 04:00:00+00:00,45575.0,38931.15198219754,40869.6438034866,-1938.4918,6643.848017802462,6643.848017802462,False
2018-01-27 05:00:00+00:00,46663.0,40005.98493760276,43531.89143174339,-3525.9065,6657.015062397237,6657.015062397237,False
2018-01-27 06:00:00+00:00,50178.0,48078.76960067597,47435.3782432541,643.39136,2099.2303993240275,2099.2303993240275,False
2018-01-27 07:00:00+00:00,54002.0,52387.369396807466,50723.19569075278,1664.1737,1614.6306031925342,1614.6306031925342,False
2018-01-27 08:00:00+00:00,57332.0,54271.450156327126,53149.589804764626,1121.8604,3060.549843672874,3060.549843672874,False
2018-01-27 09:00:00+00:00,59113.0,54298.70845542639,54944.126241070924,-645.4178,4814.291544573607,4814.291544573607,False
2018-01-27 10:00:00+00:00,60343.0,56400.53212085052,56372.078932908014,28.453188,3942.4678791494807,3942.4678791494807,False
2018-01-27 11:00:00+00:00,59868.0,56001.77214419677,56198.38907229736,-196.61693,3866.2278558032267,3866.2278558032267,False
2018-01-27 12:00:00+00:00,58013.0,54580.98150482176,54920.13635101316,-339.15485,3432.018495178243,3432.018495178243,False
2018-01-27 13:00:00+00:00,55857.0,53981.671394187215,53882.086196738484,99.5852,1875.328605812785,1875.328605812785,False
2018-01-27 14:00:00+00:00,55604.0,53898.26771036817,53738.3297526045,159.93796,1705.7322896318292,1705.7322896318292,False
2018-01-27 15:00:00+00:00,56060.0,55722.70282973301,55369.78647841465,352.91635,337.29717026698927,337.29717026698927,False
2018-01-27 16:00:00+00:00,59812.0,58551.392270108634,57888.7586641516,662.6336,1260.607729891366,1260.607729891366,False
2018-01-27 17:00:00+00:00,61340.0,58030.82322536631,57608.82887111826,421.99435,3309.176774633692,3309.176774633692,False
2018-01-27 18:00:00+00:00,60020.0,55895.15668703882,55814.12457491724,81.03211,4124.84331296118,4124.84331296118,False
2018-01-27 19:00:00+00:00,56261.0,52915.48084664443,52388.83015084365,526.6507,3345.51915335557,3345.51915335557,False
2018-01-27 20:00:00+00:00,53293.0,50616.94515266693,49937.24196663177,679.7032,2676.054847333071,2676.054847333071,False
2018-01-27 21:00:00+00:00,52373.0,49099.5877231683,48630.7845615472,468.80316,3273.412276831703,3273.412276831703,False
2018-01-27 22:00:00+00:00,49222.0,45094.89617066346,45231.19754700623,-136.30138,4127.103829336542,4127.103829336542,False
2018-01-27 23:00:00+00:00,46034.0,41952.367683169614,42086.408363101255,-134.04068,4081.632316830386,4081.632316830386,False
2018-01-28 00:00:00+00:00,43945.0,39921.69789496785,40006.566013253985,-84.86812,4023.3021050321477,4023.3021050321477,False
2018-01-28 01:00:00+00:00,42924.0,38811.97362250325,38876.722409429516,-64.74879,4112.026377496753,4112.026377496753,False
2018-01-28 02:00:00+00:00,42888.0,38564.302491341216,38776.70720020352,-212.40471,4323.6975086587845,4323.6975086587845,False
2018-01-28 03:00:00+00:00,43163.0,39181.48967474559,39461.95247381786,-280.4628,3981.510325254407,3981.510325254407,False
2018-01-28 04:00:00+00:00,42536.0,39612.50246718007,40786.19594862538,-1173.6935,2923.497532819929,2923.497532819929,False
2018-01-28 05:00:00+00:00,41856.0,40755.67868430405,43448.44357688218,-2692.765,1100.3213156959464,1100.3213156959464,False
2018-01-28 06:00:00+00:00,43584.0,47412.91373342462,47351.93038839288,60.983345,-3828.913733424619,3828.913733424619,False
2018-01-28 07:00:00+00:00,46808.0,51946.36612202438,50639.74783589157,1306.6183,-5138.366122024381,5138.366122024381,False
2018-01-28 08:00:00+00:00,50021.0,54303.20090986435,53066.14194990341,1237.059,-4282.200909864347,4282.200909864347,False
2018-01-28 09:00:00+00:00,53165.0,55179.855510233145,54860.67838620971,319.17712,-2014.8555102331447,2014.8555102331447,False
2018-01-28 10:00:00+00:00,55480.0,57029.34152726554,56288.63107804679,740.71045,-1549.3415272655402,1549.3415272655402,False
2018-01-28 11:00:00+00:00,55469.0,55375.57616616661,56114.94121743614,-739.36505,93.42383383338893,93.42383383338893,False
2018-01-28 12:00:00+00:00,53781.0,54143.59791998007,54836.688496151946,-693.0906,-362.5979199800713,362.5979199800713,False
2018-01-28 13:00:00+00:00,52365.0,53919.50221059065,53798.63834187727,120.86387,-1554.5022105906464,1554.5022105906464,False
2018-01-28 14:00:00+00:00,51921.0,53760.36065750891,53654.88189774328,105.47876,-1839.360657508907,1839.360657508907,False
2018-01-28 15:00:00+00:00,52728.0,55371.88121083371,55286.338623553434,85.54259,-2643.881210833708,2643.881210833708,False
2018-01-28 16:00:00+00:00,57019.0,58001.308886682964,57805.310809290386,195.99808,-982.3088866829639,982.3088866829639,False
2018-01-28 17:00:00+00:00,59684.0,57747.3661541965,57525.381016257044,221.98514,1936.6338458035025,1936.6338458035025,False
2018-01-28 18:00:00+00:00,57827.0,55949.093788537466,55730.67672005602,218.41707,1877.906211462534,1877.906211462534,False
2018-01-28 19:00:00+00:00,54825.0,52922.482332603526,52305.38229598243,617.10004,1902.5176673964743,1902.5176673964743,False
2018-01-28 20:00:00+00:00,52686.0,50659.31876997368,49853.794111770556,805.52466,2026.681230026319,2026.681230026319,False
2018-01-28 21:00:00+00:00,52722.0,49210.10214858051,48547.33670668598,662.76544,3511.8978514194896,3511.8978514194896,False
2018-01-28 22:00:00+00:00,49741.0,45216.08506506981,45147.74969214501,68.33537,4524.914934930188,4524.914934930188,False
2018-01-28 23:00:00+00:00,46761.0,41879.750425232225,42002.96050824004,-123.21008,4881.249574767775,4881.249574767775,False
2018-01-29 00:00:00+00:00,45025.0,39852.17313580976,39923.11815839277,-70.94502,5172.82686419024,5172.82686419024,False
2018-01-29 01:00:00+00:00,44428.0,38846.66293652631,38793.2745545683,53.388382,5581.337063473693,5581.337063473693,False
2018-01-29 02:00:00+00:00,45162.0,38721.46094255605,38693.2593453423,28.201597,6440.539057443952,6440.539057443952,False
2018-01-29 03:00:00+00:00,47395.0,39379.562581255035,39378.50461895664,1.0579623,8015.437418744965,8015.437418744965,False
2018-01-29 04:00:00+00:00,52018.0,40569.063538710456,40702.74809376417,-133.68456,11448.936461289544,11448.936461289544,False
2018-01-29 05:00:00+00:00,61112.0,43383.124105657436,43364.99572202096,18.128384,17728.875894342564,17728.875894342564,False
2018-01-29 06:00:00+00:00,68591.0,46974.95003231096,47268.482533531664,-293.5325,21616.04996768904,21616.04996768904,False
2018-01-29 07:00:00+00:00,71324.0,50243.08782282723,50556.29998103035,-313.21216,21080.912177172773,21080.912177172773,True
2018-01-29 08:00:00+00:00,72105.0,52766.64886799141,52982.69409504219,-216.04523,19338.35113200859,19338.35113200859,True
2018-01-29 09:00:00+00:00,72788.0,54659.330834998385,54777.23053134848,-117.8997,18128.669165001615,18128.669165001615,True
2018-01-29 10:00:00+00:00,73901.0,56318.895595011745,56205.18322318557,113.71237,17582.104404988255,17582.104404988255,True
2018-01-29 11:00:00+00:00,72446.0,56158.08486953293,56031.493362574925,126.59151,16287.915130467067,16287.915130467067,True
2018-01-29 12:00:00+00:00,71575.0,54912.13534038741,54753.24064129073,158.8947,16662.86465961259,16662.86465961259,True
2018-01-29 13:00:00+00:00,70992.0,53718.01642452559,53715.19048701605,2.8259375,17273.983575474413,17273.983575474413,True
2018-01-29 14:00:00+00:00,70582.0,53113.39598746214,53571.434042882065,-458.03806,17468.604012537857,17468.604012537857,True
2018-01-29 15:00:00+00:00,70035.0,54718.81258265706,55202.89076869222,-484.0782,15316.187417342939,15316.187417342939,True
2018-01-29 16:00:00+00:00,73023.0,57430.54456453659,57721.86295442917,-291.3184,15592.45543546341,15592.45543546341,True
2018-01-29 17:00:00+00:00,74179.0,57326.44602455501,57441.93316139583,-115.48714,16852.553975444993,16852.553975444993,True
2018-01-29 18:00:00+00:00,71953.0,55336.09477095652,55647.228865194804,-311.1341,16616.905229043477,16616.905229043477,True
2018-01-29 19:00:00+00:00,67003.0,51727.39122823059,52221.934441121215,-494.5432,15275.60877176941,15275.60877176941,False
2018-01-29 20:00:00+00:00,63032.0,49305.2443281984,49770.34625690934,-465.10193,13726.755671801599,13726.755671801599,False
2018-01-29 21:00:00+00:00,59769.0,48123.16601246929,48463.88885182476,-340.72284,11645.833987530707,11645.833987530707,False
2018-01-29 22:00:00+00:00,55347.0,44930.908053714455,45064.30183728379,-133.39378,10416.091946285545,10416.091946285545,False
2018-01-29 23:00:00+00:00,52027.0,41903.88190272269,41919.51265337882,-15.630751,10123.118097277307,10123.118097277307,False
2018-01-30 00:00:00+00:00,50386.0,39856.79220790472,39839.67030353155,17.121904,10529.20779209528,10529.20779209528,False
2018-01-30 01:00:00+00:00,49898.0,38761.19460055547,38709.82669970708,51.3679,11136.805399444529,11136.805399444529,False
2018-01-30 02:00:00+00:00,50207.0,38682.82578796644,38609.81149048109,73.0143,11524.174212033562,11524.174212033562,False
2018-01-30 03:00:00+00:00,52056.0,39401.533006160855,39295.056764095425,106.47624,12654.466993839145,12654.466993839145,False
2018-01-30 04:00:00+00:00,55647.0,40828.812171276,40619.30023890295,209.51193,14818.187828724003,14818.187828724003,False
2018-01-30 05:00:00+00:00,62889.0,43972.85633883943,43281.547867159745,691.3085,18916.143661160568,18916.143661160568,False
2018-01-30 06:00:00+00:00,69036.0,47059.235324117224,47185.03467867045,-125.799355,21976.764675882776,21976.764675882776,False
2018-01-30 07:00:00+00:00,70981.0,49874.474989938666,50472.852126169135,-598.37714,21106.525010061334,21106.525010061334,True
2018-01-30 08:00:00+00:00,70796.0,52423.95388178254,52899.246240180975,-475.29236,18372.046118217462,18372.046118217462,True
2018-01-30 09:00:00+00:00,71339.0,54851.47519662887,54693.782676487266,157.69252,16487.524803371132,16487.524803371132,True
2018-01-30 10:00:00+00:00,72286.0,56192.16015012367,56121.73536832436,70.42478,16093.839849876327,16093.839849876327,True
2018-01-30 11:00:00+00:00,72183.0,56036.9240096058,55948.04550771371,88.8785,16146.075990394202,16146.075990394202,True
2018-01-30 12:00:00+00:00,71085.0,54795.34807665168,54669.79278642951,125.55529,16289.65192334832,16289.65192334832,True
2018-01-30 13:00:00+00:00,69445.0,53609.28660798491,53631.742632154834,-22.456024,15835.713392015088,15835.713392015088,True
2018-01-30 14:00:00+00:00,68691.0,53269.18113430991,53487.98618802085,-218.80505,15421.81886569009,15421.81886569009,False
2018-01-30 15:00:00+00:00,67945.0,54864.10540467573,55119.442913831,-255.33751,13080.894595324273,13080.894595324273,False
2018-01-30 16:00:00+00:00,70763.0,57644.014206833424,57638.41509956795,5.5991073,13118.985793166576,13118.985793166576,True
2018-01-30 17:00:00+00:00,72028.0,57404.57183531269,57358.48530653461,46.08653,14623.428164687313,14623.428164687313,True
2018-01-30 18:00:00+00:00,70544.0,55564.748185876895,55563.78101033359,0.96717554,14979.251814123105,14979.251814123105,True
2018-01-30 19:00:00+00:00,66755.0,51994.90293757836,52138.48658626,-143.58365,14760.097062421642,14760.097062421642,False
2018-01-30 20:00:00+00:00,63322.0,49376.45910151101,49686.89840204812,-310.4393,13945.540898488987,13945.540898488987,False
2018-01-30 21:00:00+00:00,60040.0,48117.49852259831,48380.440996963545,-262.94247,11922.501477401689,11922.501477401689,False
2018-01-30 22:00:00+00:00,55790.0,44975.609402153714,44980.85398242257,-5.2445803,10814.390597846286,10814.390597846286,False
2018-01-30 23:00:00+00:00,51892.0,41885.299284143824,41836.064798517604,49.234486,10006.700715856176,10006.700715856176,False
2018-01-31 00:00:00+00:00,50067.0,39801.805456482834,39756.222448670334,45.583008,10265.194543517166,10265.194543517166,False
2018-01-31 01:00:00+00:00,48910.0,38701.8928905612,38626.378844845865,75.514046,10208.107109438803,10208.107109438803,False
2018-01-31 02:00:00+00:00,49251.0,38614.465121825924,38526.36363561987,88.10149,10636.534878174076,10636.534878174076,False
2018-01-31 03:00:00+00:00,50493.0,39348.33312188069,39211.60890923421,136.72421,11144.666878119308,11144.666878119308,False
2018-01-31 04:00:00+00:00,54205.0,41083.150052498764,40535.85238404173,547.29767,13121.849947501236,13121.849947501236,False
2018-01-31 05:00:00+00:00,63449.0,44414.3800415954,43198.10001229853,1216.28,19034.619958404597,19034.619958404597,False
2018-01-31 06:00:00+00:00,71127.0,46752.215821611964,47101.58682380923,-349.371,24374.784178388036,24374.784178388036,True
2018-01-31 07:00:00+00:00,73053.0,49725.8401233587,50389.40427130792,-663.56415,23327.1598766413,23327.1598766413,True
2018-01-31 08:00:00+00:00,73847.0,52283.05290192132,52815.79838531976,-532.7455,21563.94709807868,21563.94709807868,True
2018-01-31 09:00:00+00:00,74759.0,54771.466077729565,54610.33482162605,161.13126,19987.533922270435,19987.533922270435,True
2018-01-31 10:00:00+00:00,75109.0,56104.53485080445,56038.28751346314,66.24734,19004.465149195552,19004.465149195552,True
2018-01-31 11:00:00+00:00,73986.0,55963.73074764009,55864.59765285249,99.133095,18022.26925235991,18022.26925235991,True
2018-01-31 12:00:00+00:00,73317.0,54726.06180473724,54586.344931568296,139.71687,18590.93819526276,18590.93819526276,True
2018-01-31 13:00:00+00:00,72623.0,53611.66028632682,53548.29477729362,63.36551,19011.33971367318,19011.33971367318,True
2018-01-31 14:00:00+00:00,72629.0,53182.73576663131,53404.53833315963,-221.80257,19446.26423336869,19446.26423336869,True
2018-01-31 15:00:00+00:00,71823.0,54746.81750770025,55035.995058969784,-289.17755,17076.182492299748,17076.182492299748,True
2018-01-31 16:00:00+00:00,73968.0,57451.41692122041,57554.967244706735,-103.55032,16516.583078779593,16516.583078779593,True
2018-01-31 17:00:00+00:00,74640.0,57261.044300962334,57275.037451673394,-13.993151,17378.955699037666,17378.955699037666,True
2018-01-31 18:00:00+00:00,72297.0,55328.540598709675,55480.33315547237,-151.79256,16968.459401290325,16968.459401290325,True
2018-01-31 19:00:00+00:00,68071.0,51774.736119094094,52055.03873139878,-280.3026,16296.263880905906,16296.263880905906,False
2018-01-31 20:00:00+00:00,64244.0,49294.55024811464,49603.450547186905,-308.9003,14949.44975188536,14949.44975188536,False
2018-01-31 21:00:00+00:00,61714.0,48056.13247010526,48296.99314210233,-240.86067,13657.867529894742,13657.867529894742,False
2018-01-31 22:00:00+00:00,56076.0,44691.56904565218,44897.40612756136,-205.83708,11384.430954347823,11384.430954347823,False
2018-01-31 23:00:00+00:00,52567.0,41793.20721846718,41752.61694365639,40.590275,10773.792781532822,10773.792781532822,False
2018-02-01 00:00:00+00:00,50571.0,39792.54201171683,39672.77459380912,119.76742,10778.457988283168,10778.457988283168,False
2018-02-01 01:00:00+00:00,49160.0,38635.592519525664,38542.93098998465,92.66153,10524.407480474336,10524.407480474336,False
2018-02-01 02:00:00+00:00,49849.0,38533.91293499449,38442.91578075865,90.997154,11315.087065005508,11315.087065005508,False
2018-02-01 03:00:00+00:00,51942.0,39252.10805296918,39128.16105437299,123.947,12689.891947030817,12689.891947030817,False
2018-02-01 04:00:00+00:00,55471.0,40848.52138098716,40452.404529180516,396.11685,14622.478619012843,14622.478619012843,False
2018-02-01 05:00:00+00:00,63198.0,44185.77569259356,43114.65215743731,1071.1235,19012.22430740644,19012.22430740644,False
2018-02-01 06:00:00+00:00,69774.0,46739.40337324489,47018.13896894801,-278.7356,23034.596626755112,23034.596626755112,True
2018-02-01 07:00:00+00:00,71990.0,49797.90529950334,50305.9564164467,-508.05112,22192.09470049666,22192.09470049666,True
2018-02-01 08:00:00+00:00,72190.0,52296.919500185104,52732.35053045854,-435.43103,19893.080499814896,19893.080499814896,True
2018-02-01 09:00:00+00:00,72840.0,54618.745723783875,54526.88696676483,91.85876,18221.254276216125,18221.254276216125,True
2018-02-01 10:00:00+00:00,73378.0,56018.25188241784,55954.83965860192,63.412224,17359.74811758216,17359.74811758216,True
2018-02-01 11:00:00+00:00,73303.0,55869.933489397525,55781.149797991275,88.78369,17433.066510602475,17433.066510602475,True
2018-02-01 12:00:00+00:00,72939.0,54602.8592425396,54502.89707670708,99.962166,18336.1407574604,18336.1407574604,True
2018-02-01 13:00:00+00:00,71756.0,53204.294249092556,53464.8469224324,-260.55267,18551.705750907444,18551.705750907444,True
2018-02-01 14:00:00+00:00,70944.0,52933.43691384529,53321.090478298414,-387.65356,18010.56308615471,18010.56308615471,True
2018-02-01 15:00:00+00:00,70242.0,54689.99788770232,54952.54720410857,-262.54932,15552.002112297683,15552.002112297683,True
2018-02-01 16:00:00+00:00,72109.0,57468.195152975706,57471.51938984552,-3.3242369,14640.804847024294,14640.804847024294,True
2018-02-01 17:00:00+00:00,73452.0,57209.694203440595,57191.58959681218,18.104607,16242.305796559405,16242.305796559405,True
2018-02-01 18:00:00+00:00,72005.0,55304.7997140633,55396.88530061115,-92.08559,16700.2002859367,16700.2002859367,True
2018-02-01 19:00:00+00:00,67998.0,51674.103877025846,51971.590876537564,-297.487,16323.896122974154,16323.896122974154,False
2018-02-01 20:00:00+00:00,63988.0,49205.92584906397,49520.00269232569,-314.07684,14782.07415093603,14782.07415093603,False
2018-02-01 21:00:00+00:00,61375.0,48019.86726294912,48213.54528724111,-193.67802,13355.13273705088,13355.13273705088,False
2018-02-01 22:00:00+00:00,57202.0,44820.04906726343,44813.95827270014,6.0907946,12381.950932736567,12381.950932736567,False
2018-02-01 23:00:00+00:00,54271.0,41689.46171994446,41669.16908879517,20.292631,12581.538280055538,12581.538280055538,False
2018-02-02 00:00:00+00:00,52260.0,39619.41533910659,39589.3267389479,30.0886,12640.584660893408,12640.584660893408,False
2018-02-02 01:00:00+00:00,51088.0,38514.35361470717,38459.48313512343,54.87048,12573.646385292828,12573.646385292828,False
2018-02-02 02:00:00+00:00,51193.0,38420.06192385276,38359.467925897436,60.593998,12772.938076147242,12772.938076147242,False
2018-02-02 03:00:00+00:00,52446.0,39130.8874091065,39044.713199511774,86.17421,13315.1125908935,13315.1125908935,False
2018-02-02 04:00:00+00:00,55074.0,40686.64383862594,40368.9566743193,317.68716,14387.35616137406,14387.35616137406,False
2018-02-02 05:00:00+00:00,62677.0,44049.31703450969,43031.204302576094,1018.11273,18627.682965490312,18627.682965490312,False
2018-02-02 06:00:00+00:00,68954.0,46654.56211628406,46934.691114086796,-280.129,22299.43788371594,22299.43788371594,False
2018-02-02 07:00:00+00:00,70968.0,49746.30516192728,50222.508561585484,-476.2034,21221.69483807272,21221.69483807272,True
2018-02-02 08:00:00+00:00,71376.0,52239.26342388834,52648.902675597325,-409.63925,19136.73657611166,19136.73657611166,True
2018-02-02 09:00:00+00:00,71693.0,54206.831049159475,54443.439111903615,-236.60806,17486.168950840525,17486.168950840525,True
2018-02-02 10:00:00+00:00,72637.0,55683.05853652879,55871.391803740706,-188.33327,16953.94146347121,16953.94146347121,True
2018-02-02 11:00:00+00:00,71847.0,55472.88431617693,55697.70194313006,-224.81763,16374.115683823067,16374.115683823067,True
2018-02-02 12:00:00+00:00,70837.0,54181.14093327164,54419.44922184586,-238.30829,16655.859066728357,16655.859066728357,True
2018-02-02 13:00:00+00:00,68764.0,53250.98901813271,53381.39906757118,-130.41005,15513.010981867294,15513.010981867294,False
2018-02-02 14:00:00+00:00,67851.0,53151.48191787079,53237.6426234372,-86.160706,14699.518082129209,14699.518082129209,False
2018-02-02 15:00:00+00:00,67256.0,54665.90000842704,54869.09934924735,-203.19934,12590.099991572963,12590.099991572963,False
2018-02-02 16:00:00+00:00,69304.0,57264.51094996233,57388.0715349843,-123.560585,12039.489050037671,12039.489050037671,True
2018-02-02 17:00:00+00:00,69786.0,57069.41431351468,57108.14174195096,-38.72743,12716.58568648532,12716.58568648532,True
2018-02-02 18:00:00+00:00,67700.0,55231.39591132611,55313.437445749936,-82.041534,12468.604088673892,12468.604088673892,False
2018-02-02 19:00:00+00:00,63783.0,51797.603097054765,51888.14302167635,-90.539925,11985.396902945235,11985.396902945235,False
2018-02-02 20:00:00+00:00,60590.0,49434.17224693217,49436.55483746447,-2.3825905,11155.827753067832,11155.827753067832,False
2018-02-02 21:00:00+00:00,58194.0,48253.93171430128,48130.097432379895,123.83428,9940.068285698719,9940.068285698719,False
2018-02-02 22:00:00+00:00,54069.0,44765.23225392901,44730.51041783892,34.721836,9303.76774607099,9303.76774607099,False
2018-02-02 23:00:00+00:00,50678.0,41522.50808390954,41585.72123393395,-63.21315,9155.491916090461,9155.491916090461,False
2018-02-03 00:00:00+00:00,48468.0,39450.26816249855,39505.878884086684,-55.61072,9017.731837501451,9017.731837501451,False
2018-02-03 01:00:00+00:00,47134.0,38161.74011424659,38376.035280262215,-214.29517,8972.25988575341,8972.25988575341,False
2018-02-03 02:00:00+00:00,46952.0,37898.78761864364,38276.02007103622,-377.23245,9053.21238135636,9053.21238135636,False
2018-02-03 03:00:00+00:00,47145.0,38183.72670939665,38961.26534465056,-777.53864,8961.273290603349,8961.273290603349,False
2018-02-03 04:00:00+00:00,46688.0,37953.00466906746,40285.50881945808,-2332.5042,8734.995330932543,8734.995330932543,False
2018-02-03 05:00:00+00:00,47547.0,39206.681496543,42947.75644771488,-3741.075,8340.318503456998,8340.318503456998,False
2018-02-03 06:00:00+00:00,50874.0,47928.47897699902,46851.24325922558,1077.2357,2945.5210230009834,2945.5210230009834,False
2018-02-03 07:00:00+00:00,54864.0,51851.559119810205,50139.06070672427,1712.4984,3012.4408801897953,3012.4408801897953,False
2018-02-03 08:00:00+00:00,58005.0,53763.31089983767,52565.45482073611,1197.8561,4241.68910016233,4241.68910016233,False
2018-02-03 09:00:00+00:00,59392.0,53903.833114952555,54359.9912570424,-456.15814,5488.166885047445,5488.166885047445,False
2018-02-03 10:00:00+00:00,59900.0,55755.354349270114,55787.94394887949,-32.5896,4144.645650729886,4144.645650729886,False
2018-02-03 11:00:00+00:00,59326.0,55605.52589498576,55614.25408826884,-8.728193,3720.47410501424,3720.47410501424,False
2018-02-03 12:00:00+00:00,57855.0,53981.589898478785,54336.001366984645,-354.41147,3873.4101015212145,3873.4101015212145,False
2018-02-03 13:00:00+00:00,56291.0,53368.56521112305,53297.951212709966,70.614,2922.434788876948,2922.434788876948,False
2018-02-03 14:00:00+00:00,55898.0,53356.91786733086,53154.19476857598,202.7231,2541.0821326691366,2541.0821326691366,False
2018-02-03 15:00:00+00:00,55797.0,55257.26492822402,54785.65149438613,471.61343,539.7350717759764,539.7350717759764,False
2018-02-03 16:00:00+00:00,58863.0,58015.09395600199,57304.623680123084,710.4703,847.9060439980094,847.9060439980094,False
2018-02-03 17:00:00+00:00,61002.0,57631.78690466787,57024.69388708974,607.093,3370.213095332132,3370.213095332132,False
2018-02-03 18:00:00+00:00,59127.0,55195.8957302625,55229.98959088872,-34.09386,3931.1042697375015,3931.1042697375015,False
2018-02-03 19:00:00+00:00,55477.0,52384.25052570185,51804.69516681513,579.55536,3092.7494742981507,3092.7494742981507,False
2018-02-03 20:00:00+00:00,53129.0,49990.5561403181,49353.106982603254,637.44916,3138.443859681902,3138.443859681902,False
2018-02-03 21:00:00+00:00,52268.0,48486.41987170813,48046.64957751868,439.7703,3781.580128291869,3781.580128291869,False
2018-02-03 22:00:00+00:00,49560.0,44554.3778629655,44647.062562977706,-92.6847,5005.622137034501,5005.622137034501,False
2018-02-03 23:00:00+00:00,46552.0,41376.952440962385,41502.273379072736,-125.32094,5175.047559037615,5175.047559037615,False
2018-02-04 00:00:00+00:00,44166.0,39305.95291032898,39422.43102922547,-116.47812,4860.047089671018,4860.047089671018,False
2018-02-04 01:00:00+00:00,43148.0,38088.13475816467,38292.587425401,-204.45267,5059.86524183533,5059.86524183533,False
2018-02-04 02:00:00+00:00,42727.0,37940.82409300606,38192.572216175,-251.74812,4786.1759069939435,4786.1759069939435,False
2018-02-04 03:00:00+00:00,42832.0,38535.72584550223,38877.81748978934,-342.09164,4296.274154497769,4296.274154497769,False
2018-02-04 04:00:00+00:00,42263.0,38869.04851342499,40202.060964596865,-1333.0125,3393.9514865750098,3393.9514865750098,False
2018-02-04 05:00:00+00:00,41272.0,39852.36035066616,42864.30859285366,-3011.9482,1419.6396493338398,1419.6396493338398,False
2018-02-04 06:00:00+00:00,43322.0,46904.8701266544,46767.79540436436,137.07472,-3582.8701266544012,3582.8701266544012,False
2018-02-04 07:00:00+00:00,46910.0,51133.02288604274,50055.61285186305,1077.41,-4223.022886042738,4223.022886042738,False
2018-02-04 08:00:00+00:00,50905.0,53602.60645317958,52482.00696587489,1120.5995,-2697.6064531795782,2697.6064531795782,False
2018-02-04 09:00:00+00:00,53622.0,54396.43075417093,54276.54340218118,119.88735,-774.4307541709277,774.4307541709277,False
2018-02-04 10:00:00+00:00,56385.0,56270.4763796628,55704.49609401827,565.9803,114.52362033719692,114.52362033719692,False
2018-02-04 11:00:00+00:00,56308.0,55137.031300546296,55530.806233407624,-393.77493,1170.9686994537042,1170.9686994537042,False
2018-02-04 12:00:00+00:00,53969.0,53995.26063492616,54252.55351212343,-257.29288,-26.26063492616231,26.26063492616231,False
2018-02-04 13:00:00+00:00,52276.0,53353.27529998742,53214.50335784875,138.77194,-1077.275299987421,1077.275299987421,False
2018-02-04 14:00:00+00:00,51788.0,53175.61513881242,53070.746913714764,104.868225,-1387.61513881242,1387.61513881242,False
2018-02-04 15:00:00+00:00,52140.0,54828.55274535988,54702.203639524916,126.349106,-2688.552745359877,2688.552745359877,False
2018-02-04 16:00:00+00:00,56014.0,57774.87699713687,57221.17582526187,553.7012,-1760.8769971368674,1760.8769971368674,False
2018-02-04 17:00:00+00:00,58836.0,57530.596618166026,56941.246032228526,589.3506,1305.403381833974,1305.403381833974,False
2018-02-04 18:00:00+00:00,58150.0,55322.930041691565,55146.5417360275,176.3883,2827.069958308435,2827.069958308435,False
2018-02-04 19:00:00+00:00,55857.0,52432.33660638751,51721.24731195391,711.0893,3424.6633936124927,3424.6633936124927,False
2018-02-04 20:00:00+00:00,53857.0,49954.895516902194,49269.65912774204,685.2364,3902.104483097806,3902.104483097806,False
2018-02-04 21:00:00+00:00,54495.0,48518.16253808715,47963.20172265746,554.9608,5976.837461912852,5976.837461912852,False
2018-02-04 22:00:00+00:00,51565.0,44389.69594590946,44563.61470811649,-173.91876,7175.304054090542,7175.304054090542,False
2018-02-04 23:00:00+00:00,49170.0,41241.187249065035,41418.82552421152,-177.63828,7928.812750934965,7928.812750934965,False
2018-02-05 00:00:00+00:00,47275.0,39308.028828661125,39338.98317436425,-30.954346,7966.971171338875,7966.971171338875,False
2018-02-05 01:00:00+00:00,46844.0,38438.87521201927,38209.13957053978,229.73564,8405.124787980727,8405.124787980727,False
2018-02-05 02:00:00+00:00,47082.0,38332.84268406769,38109.124361313785,223.71832,8749.157315932309,8749.157315932309,False
2018-02-05 03:00:00+00:00,48331.0,39388.480291666405,38794.36963492812,594.11066,8942.519708333595,8942.519708333595,False
2018-02-05 04:00:00+00:00,51984.0,41972.77302184502,40118.61310973565,1854.1599,10011.226978154977,10011.226978154977,False
2018-02-05 05:00:00+00:00,60268.0,46940.45253486744,42780.86073799244,4159.592,13327.547465132557,13327.547465132557,False
2018-02-05 06:00:00+00:00,66475.0,46142.3163605383,46684.347549503145,-542.0312,20332.6836394617,20332.6836394617,False
2018-02-05 07:00:00+00:00,69331.0,48741.512287040896,49972.16499700183,-1230.6527,20589.487712959104,20589.487712959104,True
2018-02-05 08:00:00+00:00,70407.0,51236.30508269336,52398.559111013674,-1162.254,19170.69491730664,19170.69491730664,True
2018-02-05 09:00:00+00:00,71195.0,54290.84804213198,54193.095547319965,97.752495,16904.151957868024,16904.151957868024,True
2018-02-05 10:00:00+00:00,71313.0,55726.36642305598,55621.048239157055,105.318184,15586.63357694402,15586.63357694402,True
2018-02-05 11:00:00+00:00,70610.0,55608.773921148946,55447.35837854641,161.41554,15001.226078851054,15001.226078851054,True
2018-02-05 12:00:00+00:00,70338.0,54418.33966605127,54169.10565726221,249.23401,15919.660333948726,15919.660333948726,True
2018-02-05 13:00:00+00:00,69659.0,52916.38483343187,53131.05550298753,-214.67067,16742.615166568132,16742.615166568132,True
2018-02-05 14:00:00+00:00,68312.0,52387.30308717386,52987.29905885355,-599.996,15924.69691282614,15924.69691282614,False
2018-02-05 15:00:00+00:00,67667.0,54163.83970800354,54618.7557846637,-454.91608,13503.160291996457,13503.160291996457,False
2018-02-05 16:00:00+00:00,69414.0,57094.926819125016,57137.72797040065,-42.80115,12319.073180874984,12319.073180874984,True
2018-02-05 17:00:00+00:00,71878.0,56966.15089953528,56857.79817736731,108.35272,14911.849100464722,14911.849100464722,True
2018-02-05 18:00:00+00:00,70810.0,54939.12741235525,55063.093881166285,-123.96647,15870.87258764475,15870.87258764475,True
2018-02-05 19:00:00+00:00,67450.0,51090.84511138957,51637.7994570927,-546.95435,16359.154888610428,16359.154888610428,False
2018-02-05 20:00:00+00:00,63801.0,48418.65347258785,49186.21127288082,-767.5578,15382.346527412148,15382.346527412148,False
2018-02-05 21:00:00+00:00,61716.0,47245.862266233744,47879.753867796244,-633.8916,14470.137733766256,14470.137733766256,False
2018-02-05 22:00:00+00:00,58082.0,44290.67809898281,44480.16685325527,-189.48875,13791.321901017189,13791.321901017189,False
2018-02-05 23:00:00+00:00,54203.0,41372.90568448702,41335.3776693503,37.528015,12830.094315512979,12830.094315512979,False
2018-02-06 00:00:00+00:00,52799.0,39276.28889959642,39255.53531950303,20.75358,13522.711100403583,13522.711100403583,False
2018-02-06 01:00:00+00:00,52152.0,38183.291798076025,38125.691715678564,57.600082,13968.708201923975,13968.708201923975,False
2018-02-06 02:00:00+00:00,51965.0,38085.14859812737,38025.67650645257,59.47209,13879.851401872627,13879.851401872627,False
2018-02-06 03:00:00+00:00,53017.0,38830.091465430676,38710.92178006691,119.169685,14186.908534569324,14186.908534569324,False
2018-02-06 04:00:00+00:00,55682.0,40716.06076268693,40035.16525487443,680.8955,14965.939237313069,14965.939237313069,False
2018-02-06 05:00:00+00:00,62397.0,43807.48234113904,42697.41288313123,1110.0695,18589.51765886096,18589.51765886096,False
2018-02-06 06:00:00+00:00,67694.0,46135.479192932944,46600.89969464193,-465.4205,21558.520807067056,21558.520807067056,False
2018-02-06 07:00:00+00:00,70154.0,49142.96525005077,49888.71714214062,-745.7519,21011.034749949227,21011.034749949227,True
2018-02-06 08:00:00+00:00,70125.0,51560.2518201173,52315.11125615246,-754.85944,18564.7481798827,18564.7481798827,True
2018-02-06 09:00:00+00:00,70699.0,54199.69753529322,54109.64769245875,90.04984,16499.30246470678,16499.30246470678,True
2018-02-06 10:00:00+00:00,71075.0,55620.84795814838,55537.60038429584,83.247574,15454.152041851623,15454.152041851623,True
2018-02-06 11:00:00+00:00,70488.0,55461.98662689564,55363.91052368519,98.0761,15026.01337310436,15026.01337310436,True
2018-02-06 12:00:00+00:00,69431.0,54233.892986116814,54085.657802400994,148.23518,15197.107013883186,15197.107013883186,True
2018-02-06 13:00:00+00:00,68448.0,53140.200688592624,53047.607648126315,92.59304,15307.799311407376,15307.799311407376,False
2018-02-06 14:00:00+00:00,67675.0,52753.009956433736,52903.85120399233,-150.84125,14921.990043566264,14921.990043566264,False
2018-02-06 15:00:00+00:00,67315.0,54261.63068370873,54535.30792980248,-273.67725,13053.369316291268,13053.369316291268,False
2018-02-06 16:00:00+00:00,69534.0,57004.78242724598,57054.28011553943,-49.49769,12529.217572754023,12529.217572754023,True
2018-02-06 17:00:00+00:00,71935.0,56829.040679714344,56774.35032250609,54.690357,15105.959320285656,15105.959320285656,True
2018-02-06 18:00:00+00:00,70516.0,54972.566628149856,54979.64602630507,-7.079398,15543.433371850144,15543.433371850144,True
2018-02-06 19:00:00+00:00,66977.0,51294.52851263187,51554.35160223148,-259.8231,15682.47148736813,15682.47148736813,False
2018-02-06 20:00:00+00:00,64006.0,48711.91713506062,49102.763418019604,-390.84628,15294.08286493938,15294.08286493938,False
2018-02-06 21:00:00+00:00,61662.0,47524.276593989714,47796.30601293503,-272.02942,14137.723406010286,14137.723406010286,False
2018-02-06 22:00:00+00:00,58369.0,44389.70902343754,44396.718998394055,-7.009975,13979.290976562457,13979.290976562457,False
2018-02-06 23:00:00+00:00,55309.0,41255.47934952517,41251.929814489085,3.549535,14053.520650474828,14053.520650474828,False
2018-02-07 00:00:00+00:00,53476.0,39165.71212274957,39172.087464641816,-6.375342,14310.287877250426,14310.287877250426,False
2018-02-07 01:00:00+00:00,52360.0,38070.15018138925,38042.24386081735,27.90632,14289.849818610754,14289.849818610754,False
2018-02-07 02:00:00+00:00,52611.0,37969.52263886552,37942.22865159135,27.293987,14641.477361134479,14641.477361134479,False
2018-02-07 03:00:00+00:00,53489.0,38664.11421069763,38627.47392520569,36.640285,14824.885789302367,14824.885789302367,False
2018-02-07 04:00:00+00:00,55854.0,40246.80986827493,39951.717400013215,295.09247,15607.190131725067,15607.190131725067,False
2018-02-07 05:00:00+00:00,63414.0,43576.08337543798,42613.96502827001,962.11835,19837.91662456202,19837.91662456202,False
2018-02-07 06:00:00+00:00,68525.0,46278.34397540083,46517.45183978071,-239.10786,22246.65602459917,22246.65602459917,False
2018-02-07 07:00:00+00:00,70426.0,49311.5580751212,49805.2692872794,-493.7112,21114.441924878804,21114.441924878804,True
2018-02-07 08:00:00+00:00,71393.0,51815.60792033421,52231.66340129124,-416.05548,19577.39207966579,19577.39207966579,True
2018-02-07 09:00:00+00:00,72025.0,54121.8487404906,54026.19983759753,95.6489,17903.151259509403,17903.151259509403,True
2018-02-07 10:00:00+00:00,72384.0,55501.436842636525,55454.15252943462,47.284313,16882.563157363475,16882.563157363475,True
2018-02-07 11:00:00+00:00,71999.0,55380.576003479735,55280.46266882397,100.113335,16618.423996520265,16618.423996520265,True
2018-02-07 12:00:00+00:00,71464.0,54148.459657622785,54002.20994753978,146.24971,17315.540342377215,17315.540342377215,True
2018-02-07 13:00:00+00:00,70285.0,52999.66711366915,52964.1597932651,35.50732,17285.33288633085,17285.33288633085,True
2018-02-07 14:00:00+00:00,69580.0,52604.76045057154,52820.40334913111,-215.6429,16975.239549428457,16975.239549428457,True
2018-02-07 15:00:00+00:00,68668.0,54175.34124559556,54451.860074941265,-276.51883,14492.658754404438,14492.658754404438,False
2018-02-07 16:00:00+00:00,70291.0,56932.10187585156,56970.83226067822,-38.730385,13358.898124148443,13358.898124148443,True
2018-02-07 17:00:00+00:00,73061.0,56733.78602401084,56690.902467644875,42.883556,16327.213975989158,16327.213975989158,True
2018-02-07 18:00:00+00:00,71976.0,54883.13342840186,54896.19817144385,-13.064743,17092.86657159814,17092.86657159814,True
2018-02-07 19:00:00+00:00,68243.0,51277.74114971401,51470.90374737026,-193.1626,16965.258850285987,16965.258850285987,False
2018-02-07 20:00:00+00:00,64549.0,48725.49390788495,49019.31556315839,-293.82166,15823.50609211505,15823.50609211505,False
2018-02-07 21:00:00+00:00,61650.0,47524.866397819904,47712.85815807381,-187.99176,14125.133602180096,14125.133602180096,False
2018-02-07 22:00:00+00:00,58036.0,44286.50217304334,44313.27114353284,-26.76897,13749.497826956664,13749.497826956664,False
2018-02-07 23:00:00+00:00,54957.0,41185.60386400104,41168.48195962787,17.121904,13771.396135998963,13771.396135998963,False
2018-02-08 00:00:00+00:00,53203.0,39086.83573922186,39088.6396097806,-1.8038706,14116.16426077814,14116.16426077814,False
2018-02-08 01:00:00+00:00,52688.0,37960.20282088895,37958.79600595613,1.4068149,14727.797179111047,14727.797179111047,False
2018-02-08 02:00:00+00:00,53039.0,37862.20321317873,37858.780796730134,3.4224164,15176.796786821273,15176.796786821273,False
2018-02-08 03:00:00+00:00,53595.0,38586.0212867141,38544.02607034447,41.995216,15008.978713285898,15008.978713285898,False
2018-02-08 04:00:00+00:00,56257.0,40114.60824449282,39868.269545152,246.3387,16142.391755507182,16142.391755507182,False
2018-02-08 05:00:00+00:00,63042.0,43546.714561104105,42530.51717340879,1016.1974,19495.285438895895,19495.285438895895,False
2018-02-08 06:00:00+00:00,68910.0,46250.017015925354,46434.003984919495,-183.98697,22659.982984074646,22659.982984074646,False
2018-02-08 07:00:00+00:00,70729.0,49291.87889701779,49721.82143241818,-429.94254,21437.121102982208,21437.121102982208,True
2018-02-08 08:00:00+00:00,71198.0,51763.85568314877,52148.21554643002,-384.35986,19434.144316851227,19434.144316851227,True
2018-02-08 09:00:00+00:00,71553.0,54029.44013123485,53942.751982736314,86.68815,17523.55986876515,17523.55986876515,True
2018-02-08 10:00:00+00:00,71944.0,55444.152191968424,55370.704674573404,73.44752,16499.847808031576,16499.847808031576,True
2018-02-08 11:00:00+00:00,71208.0,55309.280149045764,55197.014813962756,112.265335,15898.719850954236,15898.719850954236,True
2018-02-08 12:00:00+00:00,70494.0,54044.67883309604,53918.76209267856,125.91674,16449.32116690396,16449.32116690396,True
2018-02-08 13:00:00+00:00,69452.0,52738.48128654841,52880.71193840388,-142.23065,16713.518713451587,16713.518713451587,True
2018-02-08 14:00:00+00:00,68920.0,52424.74528919177,52736.955494269896,-312.2102,16495.25471080823,16495.25471080823,False
2018-02-08 15:00:00+00:00,68201.0,54085.18889244333,54368.41222008005,-283.22333,14115.81110755667,14115.81110755667,False
2018-02-08 16:00:00+00:00,70004.0,56906.87976905247,56887.384405817,19.495363,13097.120230947527,13097.120230947527,True
2018-02-08 17:00:00+00:00,72253.0,56686.02027898239,56607.45461278366,78.56567,15566.979721017611,15566.979721017611,True
2018-02-08 18:00:00+00:00,70963.0,54829.81521793456,54812.750316582635,17.064901,16133.184782065437,16133.184782065437,True
2018-02-08 19:00:00+00:00,67505.0,51290.04744524342,51387.455892509046,-97.40845,16214.952554756579,16214.952554756579,False
2018-02-08 20:00:00+00:00,64191.0,48751.82341203252,48935.86770829717,-184.0443,15439.176587967479,15439.176587967479,False
2018-02-08 21:00:00+00:00,62123.0,47567.84468279023,47629.41030321259,-61.56562,14555.15531720977,14555.15531720977,False
2018-02-08 22:00:00+00:00,58746.0,44246.94519304479,44229.82328867162,17.121904,14499.05480695521,14499.05480695521,False
2018-02-08 23:00:00+00:00,56085.0,41102.15600913982,41085.03410476665,17.121904,14982.84399086018,14982.84399086018,False
2018-02-09 00:00:00+00:00,54030.0,39027.1677337707,39005.19175491938,21.975979,15002.8322662293,15002.8322662293,False
2018-02-09 01:00:00+00:00,53244.0,37913.903643496036,37875.34815109491,38.555492,15330.096356503964,15330.096356503964,False
2018-02-09 02:00:00+00:00,53443.0,37811.31471524538,37775.33294186892,35.981773,15631.685284754618,15631.685284754618,False
2018-02-09 03:00:00+00:00,54331.0,38497.08933151109,38460.578215483256,36.511116,15833.910668488912,15833.910668488912,False
2018-02-09 04:00:00+00:00,56627.0,40063.21750327906,39784.82169029078,278.3958,16563.782496720938,16563.782496720938,False
2018-02-09 05:00:00+00:00,63523.0,43017.76859833273,42447.069318547576,570.6993,20505.231401667268,20505.231401667268,False
2018-02-09 06:00:00+00:00,69061.0,46151.32303679656,46350.55613005828,-199.2331,22909.67696320344,22909.67696320344,False
2018-02-09 07:00:00+00:00,71391.0,49366.1842159847,49638.373577556966,-272.18936,22024.8157840153,22024.8157840153,True
2018-02-09 08:00:00+00:00,72097.0,51842.87787528463,52064.767691568806,-221.88982,20254.122124715374,20254.122124715374,True
2018-02-09 09:00:00+00:00,72683.0,53786.90830725742,53859.3041278751,-72.39582,18896.09169274258,18896.09169274258,True
2018-02-09 10:00:00+00:00,73367.0,55235.76254557278,55287.25681971219,-51.494274,18131.237454427217,18131.237454427217,True
2018-02-09 11:00:00+00:00,72745.0,54998.11977739988,55113.56695910154,-115.44718,17746.88022260012,17746.88022260012,True
2018-02-09 12:00:00+00:00,71336.0,53656.35574172359,53835.31423781734,-178.9585,17679.644258276407,17679.644258276407,True
2018-02-09 13:00:00+00:00,69665.0,52672.84523741229,52797.264083542665,-124.418846,16992.154762587707,16992.154762587707,True
2018-02-09 14:00:00+00:00,68607.0,52610.60946130809,52653.50763940868,-42.89818,15996.390538691907,15996.390538691907,False
2018-02-09 15:00:00+00:00,68049.0,54162.13402769442,54284.96436521883,-122.83034,13886.865972305583,13886.865972305583,False
2018-02-09 16:00:00+00:00,69946.0,56746.87747655393,56803.93655095578,-57.059074,13199.122523446073,13199.122523446073,True
2018-02-09 17:00:00+00:00,71474.0,56545.22880191353,56524.00675792244,21.222044,14928.77119808647,14928.77119808647,True
2018-02-09 18:00:00+00:00,69645.0,54677.11809358787,54729.30246172142,-52.18437,14967.881906412127,14967.881906412127,True
2018-02-09 19:00:00+00:00,65368.0,51241.96905907117,51304.00803764783,-62.03898,14126.030940928831,14126.030940928831,False
2018-02-09 20:00:00+00:00,61787.0,48846.429393993814,48852.41985343595,-5.9904594,12940.570606006186,12940.570606006186,False
2018-02-09 21:00:00+00:00,59810.0,47665.44133781671,47545.962448351376,119.47889,12144.558662183292,12144.558662183292,False
2018-02-09 22:00:00+00:00,56522.0,44175.911637194804,44146.375433810405,29.536203,12346.088362805196,12346.088362805196,False
2018-02-09 23:00:00+00:00,53238.0,40921.454009610025,41001.586249905435,-80.13224,12316.545990389975,12316.545990389975,False
2018-02-10 00:00:00+00:00,50723.0,38842.104671237365,38921.743900058165,-79.63923,11880.895328762635,11880.895328762635,False
2018-02-10 01:00:00+00:00,49574.0,37658.36236288409,37791.900296233696,-133.53793,11915.637637115913,11915.637637115913,False
2018-02-10 02:00:00+00:00,49101.0,37376.49272250575,37691.8850870077,-315.39236,11724.507277494253,11724.507277494253,False
2018-02-10 03:00:00+00:00,49152.0,37770.5255022236,38377.13036062204,-606.60486,11381.474497776398,11381.474497776398,False
2018-02-10 04:00:00+00:00,49117.0,37683.834406718626,39701.373835429564,-2017.5394,11433.165593281374,11433.165593281374,False
2018-02-10 05:00:00+00:00,49712.0,38545.227664858234,42363.62146368636,-3818.3938,11166.772335141766,11166.772335141766,False
2018-02-10 06:00:00+00:00,52218.0,47063.132628224404,46267.10827519706,796.02435,5154.8673717755955,5154.8673717755955,False
2018-02-10 07:00:00+00:00,55898.0,51237.708681680124,49554.92572269575,1682.783,4660.291318319876,4660.291318319876,False
2018-02-10 08:00:00+00:00,59016.0,53082.09620389509,51981.31983670759,1100.7764,5933.903796104911,5933.903796104911,False
2018-02-10 09:00:00+00:00,60993.0,53298.36246808224,53775.85627301388,-477.4938,7694.6375319177605,7694.6375319177605,False
2018-02-10 10:00:00+00:00,61728.0,55133.26592743642,55203.80896485097,-70.54304,6594.73407256358,6594.73407256358,False
2018-02-10 11:00:00+00:00,61120.0,55023.9660056571,55030.11910424032,-6.1530986,6096.033994342899,6096.033994342899,False
2018-02-10 12:00:00+00:00,59653.0,53422.314960836986,53751.86638295613,-329.55142,6230.685039163014,6230.685039163014,False
2018-02-10 13:00:00+00:00,58120.0,52717.57950788105,52713.81622868145,3.7632792,5402.420492118952,5402.420492118952,False
2018-02-10 14:00:00+00:00,57534.0,52752.290192262306,52570.05978454746,182.23041,4781.709807737694,4781.709807737694,False
2018-02-10 15:00:00+00:00,57436.0,54629.88183628535,54201.516510357615,428.36533,2806.118163714651,2806.118163714651,False
2018-02-10 16:00:00+00:00,59987.0,57273.04216289144,56720.488696094566,552.55347,2713.957837108559,2713.957837108559,False
2018-02-10 17:00:00+00:00,62153.0,57018.65057786591,56440.558903061225,578.0917,5134.349422134088,5134.349422134088,False
2018-02-10 18:00:00+00:00,60516.0,54647.09710132412,54645.8546068602,1.2424945,5868.9028986758785,5868.9028986758785,False
2018-02-10 19:00:00+00:00,57082.0,51736.540102220206,51220.56018278661,515.9799,5345.459897779794,5345.459897779794,False
2018-02-10 20:00:00+00:00,54138.0,49372.40644681692,48768.971998574736,603.43445,4765.593553183076,4765.593553183076,False
2018-02-10 21:00:00+00:00,53279.0,47905.40112913469,47462.51459349016,442.88654,5373.598870865309,5373.598870865309,False
2018-02-10 22:00:00+00:00,50177.0,43942.91701223776,44062.92757894919,-120.01057,6234.082987762238,6234.082987762238,False
2018-02-10 23:00:00+00:00,47850.0,40795.79398128689,40918.13839504422,-122.34441,7054.2060187131065,7054.2060187131065,False
2018-02-11 00:00:00+00:00,46075.0,38742.92318142742,38838.29604519695,-95.37286,7332.076818572583,7332.076818572583,False
2018-02-11 01:00:00+00:00,44996.0,37504.16577450236,37708.45244137248,-204.28667,7491.834225497638,7491.834225497638,False
2018-02-11 02:00:00+00:00,44799.0,37347.355170378905,37608.43723214648,-261.08206,7451.644829621095,7451.644829621095,False
2018-02-11 03:00:00+00:00,44809.0,37909.17182460848,38293.68250576082,-384.51068,6899.828175391522,6899.828175391522,False
2018-02-11 04:00:00+00:00,44335.0,38016.37886142772,39617.92598056835,-1601.5471,6318.621138572278,6318.621138572278,False
2018-02-11 05:00:00+00:00,43801.0,39264.27395062202,42280.17360882514,-3015.8997,4536.726049377983,4536.726049377983,False
2018-02-11 06:00:00+00:00,45826.0,46490.64278117569,46183.660420335844,306.98236,-664.6427811756876,664.6427811756876,False
2018-02-11 07:00:00+00:00,49086.0,50941.62191080328,49471.47786783453,1470.144,-1855.621910803282,1855.621910803282,False
2018-02-11 08:00:00+00:00,52731.0,53185.46719669012,51897.87198184637,1287.5952,-454.46719669012236,454.46719669012236,False
2018-02-11 09:00:00+00:00,55141.0,53935.49827716145,53692.40841815266,243.08986,1205.5017228385477,1205.5017228385477,False
2018-02-11 10:00:00+00:00,57380.0,55624.00115515577,55120.36110998975,503.64005,1755.998844844231,1755.998844844231,False
2018-02-11 11:00:00+00:00,56879.0,54573.612808216996,54946.671249379106,-373.05844,2305.387191783004,2305.387191783004,False
2018-02-11 12:00:00+00:00,54981.0,53153.33143092694,53668.41852809491,-515.0871,1827.6685690730592,1827.6685690730592,False
2018-02-11 13:00:00+00:00,53266.0,52705.73286051457,52630.36837382023,75.36449,560.2671394854333,560.2671394854333,False
2018-02-11 14:00:00+00:00,52524.0,52577.6857898547,52486.611929686245,91.07386,-53.68578985470231,53.68578985470231,False
2018-02-11 15:00:00+00:00,52448.0,54248.40996409015,54118.0686554964,130.34131,-1800.4099640901477,1800.4099640901477,False
2018-02-11 16:00:00+00:00,55739.0,57137.74521745405,56637.04084123335,500.70438,-1398.7452174540522,1398.7452174540522,False
2018-02-11 17:00:00+00:00,59828.0,56931.251245953914,56357.11104820001,574.1402,2896.748754046086,2896.748754046086,False
2018-02-11 18:00:00+00:00,58930.0,54733.31139982613,54562.406751998984,170.90465,4196.688600173868,4196.688600173868,False
2018-02-11 19:00:00+00:00,55781.0,51822.029991499614,51137.112327925395,684.91766,3958.970008500386,3958.970008500386,False
2018-02-11 20:00:00+00:00,54144.0,49382.063267248675,48685.52414371352,696.5391,4761.936732751325,4761.936732751325,False
2018-02-11 21:00:00+00:00,54659.0,47903.69729282816,47379.06673862894,524.63055,6755.302707171839,6755.302707171839,False
2018-02-11 22:00:00+00:00,51939.0,43801.46132198836,43979.47972408797,-178.0184,8137.538678011639,8137.538678011639,False
2018-02-11 23:00:00+00:00,49767.0,40632.20402895253,40834.690540183,-202.48651,9134.795971047468,9134.795971047468,False
2018-02-12 00:00:00+00:00,48200.0,38614.137680081825,38754.84819033573,-140.71051,9585.862319918175,9585.862319918175,False
2018-02-12 01:00:00+00:00,47421.0,37724.85604982913,37625.00458651126,99.85146,9696.143950170866,9696.143950170866,False
2018-02-12 02:00:00+00:00,47497.0,37764.80703475597,37524.98937728527,239.81766,9732.19296524403,9732.19296524403,False
2018-02-12 03:00:00+00:00,49066.0,38907.14242677851,38210.234650899605,696.9078,10158.857573221489,10158.857573221489,False
2018-02-12 04:00:00+00:00,52022.0,41226.00693430088,39534.47812570713,1691.5288,10795.99306569912,10795.99306569912,False
2018-02-12 05:00:00+00:00,59886.0,45922.31584185455,42196.725753963925,3725.59,13963.68415814545,13963.68415814545,False
2018-02-12 06:00:00+00:00,66222.0,45558.79062943947,46100.21256547463,-541.42194,20663.20937056053,20663.20937056053,False
2018-02-12 07:00:00+00:00,68574.0,48568.38200271941,49388.030012973315,-819.648,20005.61799728059,20005.61799728059,False
2018-02-12 08:00:00+00:00,70237.0,51259.308831575,51814.424126985155,-555.1153,18977.691168425,18977.691168425,True
2018-02-12 09:00:00+00:00,71309.0,53475.640449155704,53608.960563291446,-133.32011,17833.359550844296,17833.359550844296,True
2018-02-12 10:00:00+00:00,71897.0,55068.00682965246,55036.91325512854,31.093575,16828.993170347538,16828.993170347538,True
2018-02-12 11:00:00+00:00,70878.0,54924.02628529548,54863.22339451789,60.80289,15953.973714704523,15953.973714704523,True
2018-02-12 12:00:00+00:00,69470.0,53678.56295076055,53584.97067323369,93.59228,15791.437049239452,15791.437049239452,True
2018-02-12 13:00:00+00:00,67523.0,52500.926054084746,52546.920518959014,-45.994465,15022.073945915254,15022.073945915254,False
2018-02-12 14:00:00+00:00,66692.0,51795.969921993,52403.16407482503,-607.19415,14896.030078007003,14896.030078007003,False
2018-02-12 15:00:00+00:00,66488.0,53409.270641943775,54034.62080063518,-625.35016,13078.729358056225,13078.729358056225,False
2018-02-12 16:00:00+00:00,67750.0,56195.063964155335,56553.59298637213,-358.52902,11554.936035844665,11554.936035844665,False
2018-02-12 17:00:00+00:00,70610.0,56222.56071149675,56273.66319333879,-51.10248,14387.43928850325,14387.43928850325,True
2018-02-12 18:00:00+00:00,69252.0,54200.79913761628,54478.95889713777,-278.15976,15051.200862383717,15051.200862383717,False
2018-02-12 19:00:00+00:00,65480.0,50484.36558390402,51053.66447306418,-569.2989,14995.634416095978,14995.634416095978,False
2018-02-12 20:00:00+00:00,62694.0,47922.1964060398,48602.0762888523,-679.8799,14771.803593960198,14771.803593960198,False
2018-02-12 21:00:00+00:00,61026.0,46904.99507395327,47295.618883767725,-390.6238,14121.004926046728,14121.004926046728,False
2018-02-12 22:00:00+00:00,57424.0,43887.930868440926,43896.031869226754,-8.101001,13536.069131559074,13536.069131559074,False
2018-02-12 23:00:00+00:00,55010.0,40765.2587032356,40751.242685321784,14.016018,14244.741296764398,14244.741296764398,False
2018-02-13 00:00:00+00:00,53045.0,38679.949384851956,38671.400335474515,8.549049,14365.050615148044,14365.050615148044,False
2018-02-13 01:00:00+00:00,52195.0,37545.89030594509,37541.556731650046,4.3335743,14649.10969405491,14649.10969405491,False
2018-02-13 02:00:00+00:00,52295.0,37444.378277938195,37441.54152242405,2.8367555,14850.621722061805,14850.621722061805,False
2018-02-13 03:00:00+00:00,52643.0,38270.13019508624,38126.78679603839,143.3434,14372.86980491376,14372.86980491376,False
2018-02-13 04:00:00+00:00,55723.0,40085.7137425256,39451.03027084591,634.6835,15637.2862574744,15637.2862574744,False
2018-02-13 05:00:00+00:00,62145.0,43366.38849480583,42113.27789910271,1253.1106,18778.611505194167,18778.611505194167,False
2018-02-13 06:00:00+00:00,67014.0,45743.79593009583,46016.76471061341,-272.96878,21270.204069904168,21270.204069904168,False
2018-02-13 07:00:00+00:00,69291.0,48595.68005850272,49304.5821581121,-708.9021,20695.319941497277,20695.319941497277,False
2018-02-13 08:00:00+00:00,69122.0,51049.71357681144,51730.97627212394,-681.2627,18072.28642318856,18072.28642318856,False
2018-02-13 09:00:00+00:00,69291.0,53688.58328032964,53525.51270843023,163.07057,15602.416719670357,15602.416719670357,False
2018-02-13 10:00:00+00:00,70025.0,55026.83351855345,54953.46540026732,73.36812,14998.166481446548,14998.166481446548,True
2018-02-13 11:00:00+00:00,69195.0,54872.10249735931,54779.77553965667,92.32696,14322.897502640692,14322.897502640692,False
2018-02-13 12:00:00+00:00,68479.0,53616.086699292886,53501.522818372476,114.56388,14862.913300707114,14862.913300707114,False
2018-02-13 13:00:00+00:00,67062.0,52478.367903927814,52463.4726640978,14.89524,14583.632096072186,14583.632096072186,False
2018-02-13 14:00:00+00:00,65734.0,52080.75534349897,52319.71621996381,-238.96088,13653.244656501032,13653.244656501032,False
2018-02-13 15:00:00+00:00,64942.0,53754.50662497318,53951.172945773964,-196.66632,11187.493375026817,11187.493375026817,False
2018-02-13 16:00:00+00:00,66910.0,56515.50391141814,56470.145131510915,45.35878,10394.496088581858,10394.496088581858,False
2018-02-13 17:00:00+00:00,70527.0,56312.43980289408,56190.215338477574,122.224464,14214.560197105922,14214.560197105922,True
2018-02-13 18:00:00+00:00,69563.0,54402.87169376962,54395.51104227655,7.3606515,15160.128306230377,15160.128306230377,True
2018-02-13 19:00:00+00:00,65910.0,50709.76828446273,50970.21661820296,-260.44833,15200.231715537273,15200.231715537273,False
2018-02-13 20:00:00+00:00,62976.0,48150.87379531921,48518.628433991085,-367.75464,14825.12620468079,14825.12620468079,False
2018-02-13 21:00:00+00:00,60839.0,47041.857765967055,47212.17102890651,-170.31326,13797.142234032945,13797.142234032945,False
2018-02-13 22:00:00+00:00,57279.0,43853.281157920224,43812.58401436554,40.697144,13425.718842079776,13425.718842079776,False
2018-02-13 23:00:00+00:00,54509.0,40689.585151810665,40667.79483046057,21.790321,13819.414848189335,13819.414848189335,False
2018-02-14 00:00:00+00:00,52693.0,38601.94537573964,38587.9524806133,13.992895,14091.05462426036,14091.05462426036,False
2018-02-14 01:00:00+00:00,51715.0,37487.19139250538,37458.10887678883,29.082516,14227.808607494619,14227.808607494619,False
2018-02-14 02:00:00+00:00,52091.0,37390.94263606869,37358.09366756283,32.84897,14700.057363931308,14700.057363931308,False
2018-02-14 03:00:00+00:00,53258.0,38199.094571670335,38043.33894117717,155.75563,15058.905428329665,15058.905428329665,False
2018-02-14 04:00:00+00:00,56070.0,39999.33864157063,39367.582415984696,631.7562,16070.661358429366,16070.661358429366,False
2018-02-14 05:00:00+00:00,62693.0,42962.57272002274,42029.83004424149,932.7427,19730.42727997726,19730.42727997726,False
2018-02-14 06:00:00+00:00,68126.0,45500.74855741235,45933.31685575219,-432.5683,22625.25144258765,22625.25144258765,False
2018-02-14 07:00:00+00:00,69725.0,48616.192652860256,49221.13430325088,-604.94165,21108.807347139744,21108.807347139744,True
2018-02-14 08:00:00+00:00,69611.0,51114.09567800491,51647.52841726272,-533.43274,18496.90432199509,18496.90432199509,True
2018-02-14 09:00:00+00:00,71104.0,53614.283389945966,53442.06485356901,172.21854,17489.716610054034,17489.716610054034,True
2018-02-14 10:00:00+00:00,71930.0,54939.530545894384,54870.0175454061,69.513,16990.469454105616,16990.469454105616,True
2018-02-14 11:00:00+00:00,71476.0,54799.85335007866,54696.327684795455,103.525665,16676.146649921342,16676.146649921342,True
2018-02-14 12:00:00+00:00,70281.0,53567.42681592825,53418.07496351126,149.35185,16713.57318407175,16713.57318407175,True
2018-02-14 13:00:00+00:00,68638.0,52433.432699556404,52380.02480923658,53.40789,16204.567300443596,16204.567300443596,False
2018-02-14 14:00:00+00:00,67994.0,52092.993798452204,52236.268365102595,-143.27457,15901.006201547796,15901.006201547796,False
2018-02-14 15:00:00+00:00,67380.0,53641.019371918606,53867.72509091275,-226.70572,13738.980628081394,13738.980628081394,False
2018-02-14 16:00:00+00:00,69297.0,56373.09599452995,56386.6972766497,-13.601282,12923.904005470053,12923.904005470053,False
2018-02-14 17:00:00+00:00,72643.0,56223.31157388735,56106.76748361636,116.54409,16419.688426112647,16419.688426112647,True
2018-02-14 18:00:00+00:00,71825.0,54383.855385596486,54312.06318741533,71.7922,17441.144614403514,17441.144614403514,True
2018-02-14 19:00:00+00:00,68392.0,50714.42951468452,50886.768763341744,-172.33925,17677.570485315482,17677.570485315482,False
2018-02-14 20:00:00+00:00,64852.0,48100.64487356346,48435.18057912987,-334.5357,16751.355126436538,16751.355126436538,False
2018-02-14 21:00:00+00:00,62024.0,46899.098753879276,47128.72317404529,-229.62442,15124.901246120724,15124.901246120724,False
2018-02-14 22:00:00+00:00,57914.0,43754.731883610155,43729.13615950432,25.595724,14159.268116389845,14159.268116389845,False
2018-02-14 23:00:00+00:00,55166.0,40645.06535938841,40584.34697559935,60.718384,14520.934640611587,14520.934640611587,False
2018-02-15 00:00:00+00:00,53709.0,38560.43886037122,38504.50462575208,55.934235,15148.561139628779,15148.561139628779,False
2018-02-15 01:00:00+00:00,52980.0,37464.10284779431,37374.66102192761,89.441826,15515.897152205689,15515.897152205689,False
2018-02-15 02:00:00+00:00,52919.0,37369.12008638326,37274.645812701616,94.47427,15549.879913616744,15549.879913616744,False
2018-02-15 03:00:00+00:00,53996.0,38143.7024113892,37959.891086315954,183.81133,15852.297588610803,15852.297588610803,False
2018-02-15 04:00:00+00:00,56281.0,40008.07218319379,39284.13456112348,723.9376,16272.927816806208,16272.927816806208,False
2018-02-15 05:00:00+00:00,64020.0,43326.35264836465,41946.382189380274,1379.9705,20693.64735163535,20693.64735163535,False
2018-02-15 06:00:00+00:00,70113.0,45478.85899112535,45849.869000890976,-371.01,24634.14100887465,24634.14100887465,True
2018-02-15 07:00:00+00:00,72901.0,48598.91288881935,49137.686448389664,-538.77356,24302.08711118065,24302.08711118065,True
2018-02-15 08:00:00+00:00,73929.0,51118.033046532364,51564.080562401505,-446.04752,22810.966953467636,22810.966953467636,True
2018-02-15 09:00:00+00:00,74623.0,53257.41166118338,53358.616998707796,-101.20534,21365.58833881662,21365.58833881662,True
2018-02-15 10:00:00+00:00,75155.0,54874.48416503219,54786.569690544886,87.914474,20280.51583496781,20280.51583496781,True
2018-02-15 11:00:00+00:00,74313.0,54712.76985221207,54612.87982993424,99.89002,19600.23014778793,19600.23014778793,True
2018-02-15 12:00:00+00:00,73840.0,53449.78693683608,53334.62710865004,115.15983,20390.213063163923,20390.213063163923,True
2018-02-15 13:00:00+00:00,72961.0,52313.43619395361,52296.57695437536,16.85924,20647.56380604639,20647.56380604639,True
2018-02-15 14:00:00+00:00,71885.0,51853.19074949919,52152.82051024138,-299.62976,20031.80925050081,20031.80925050081,True
2018-02-15 15:00:00+00:00,71024.0,53507.83567721364,53784.27723605153,-276.44156,17516.16432278636,17516.16432278636,True
2018-02-15 16:00:00+00:00,72021.0,56176.63270731094,56303.24942178848,-126.616714,15844.367292689058,15844.367292689058,True
2018-02-15 17:00:00+00:00,73563.0,56023.28186439215,56023.31962875514,-0.037764363,17539.71813560785,17539.71813560785,True
2018-02-15 18:00:00+00:00,71853.0,54149.002150486245,54228.615332554116,-79.61318,17703.997849513755,17703.997849513755,True
2018-02-15 19:00:00+00:00,67915.0,50619.33618252838,50803.32090848053,-183.98473,17295.66381747162,17295.66381747162,False
2018-02-15 20:00:00+00:00,64857.0,48151.72834499619,48351.73272426865,-200.00438,16705.27165500381,16705.27165500381,False
2018-02-15 21:00:00+00:00,62297.0,46935.879323090325,47045.275319184075,-109.395996,15361.120676909675,15361.120676909675,False
2018-02-15 22:00:00+00:00,58332.0,43628.9839989943,43645.6883046431,-16.704306,14703.0160010057,14703.0160010057,False
2018-02-15 23:00:00+00:00,55205.0,40518.0210251113,40500.89912073813,17.121904,14686.978974888698,14686.978974888698,False
2018-02-16 00:00:00+00:00,52860.0,38441.59259852758,38421.056770890864,20.535828,14418.407401472417,14418.407401472417,False
2018-02-16 01:00:00+00:00,51429.0,37339.471647138416,37291.213167066395,48.25848,14089.528352861584,14089.528352861584,False
2018-02-16 02:00:00+00:00,51859.0,37265.70314582868,37191.1979578404,74.50519,14593.29685417132,14593.29685417132,False
2018-02-16 03:00:00+00:00,53193.0,37982.03576838101,37876.44323145474,105.59254,15210.964231618993,15210.964231618993,False
2018-02-16 04:00:00+00:00,56321.0,39640.167449670465,39200.68670626226,439.48074,16680.832550329535,16680.832550329535,False
2018-02-16 05:00:00+00:00,63239.0,43158.54041362062,41862.93433451906,1295.6061,20080.45958637938,20080.45958637938,False
2018-02-16 06:00:00+00:00,68252.0,45568.6574131196,45766.42114602976,-197.76373,22683.342586880397,22683.342586880397,False
2018-02-16 07:00:00+00:00,70241.0,48507.122748801885,49054.23859352845,-547.11584,21733.877251198115,21733.877251198115,True
2018-02-16 08:00:00+00:00,70431.0,51030.89109987427,51480.63270754029,-449.7416,19400.108900125728,19400.108900125728,True
2018-02-16 09:00:00+00:00,70948.0,53116.01367204482,53275.16914384658,-159.15547,17831.98632795518,17831.98632795518,True
2018-02-16 10:00:00+00:00,71621.0,54567.08469579109,54703.12183568367,-136.03714,17053.91530420891,17053.91530420891,True
2018-02-16 11:00:00+00:00,70762.0,54348.246184057396,54529.43197507302,-181.18579,16413.753815942604,16413.753815942604,True
2018-02-16 12:00:00+00:00,69320.0,53096.76068994605,53251.179253788825,-154.41856,16223.239310053948,16223.239310053948,True
2018-02-16 13:00:00+00:00,67842.0,52171.83911004271,52213.129099514146,-41.28999,15670.16088995729,15670.16088995729,False
2018-02-16 14:00:00+00:00,66619.0,52000.63929508963,52069.37265538016,-68.73336,14618.360704910367,14618.360704910367,False
2018-02-16 15:00:00+00:00,65846.0,53504.37071724988,53700.82938119031,-196.45866,12341.629282750117,12341.629282750117,False
2018-02-16 16:00:00+00:00,66927.0,56090.22322830422,56219.801566927265,-129.57834,10836.776771695782,10836.776771695782,False
2018-02-16 17:00:00+00:00,69806.0,55961.852811033816,55939.87177389392,21.981037,13844.147188966184,13844.147188966184,True
2018-02-16 18:00:00+00:00,68313.0,54095.005864228544,54145.1674776929,-50.161613,14217.994135771456,14217.994135771456,False
2018-02-16 19:00:00+00:00,64315.0,50655.2098379821,50719.87305361931,-64.663216,13659.790162017896,13659.790162017896,False
2018-02-16 20:00:00+00:00,61092.0,48302.74439165475,48268.284869407435,34.459522,12789.255608345251,12789.255608345251,False
2018-02-16 21:00:00+00:00,58732.0,47146.059779386334,46961.82746432286,184.23232,11585.940220613666,11585.940220613666,False
2018-02-16 22:00:00+00:00,55405.0,43703.527070875636,43562.240449781886,141.28662,11701.472929124364,11701.472929124364,False
2018-02-16 23:00:00+00:00,52474.0,40323.88971955123,40417.451265876916,-93.56155,12150.110280448767,12150.110280448767,False
2018-02-17 00:00:00+00:00,50322.0,38238.916258558944,38337.60891602965,-98.69266,12083.083741441056,12083.083741441056,False
2018-02-17 01:00:00+00:00,48893.0,37067.09850312315,37207.76531220518,-140.66681,11825.901496876853,11825.901496876853,False
2018-02-17 02:00:00+00:00,49027.0,36788.31135175848,37107.75010297918,-319.43875,12238.688648241521,12238.688648241521,False
2018-02-17 03:00:00+00:00,48831.0,37202.45259094899,37792.99537659352,-590.5428,11628.54740905101,11628.54740905101,False
2018-02-17 04:00:00+00:00,48636.0,37163.878988119795,39117.238851401045,-1953.3599,11472.121011880205,11472.121011880205,False
2018-02-17 05:00:00+00:00,49510.0,38004.54946793909,41779.48647965784,-3774.937,11505.45053206091,11505.45053206091,False
2018-02-17 06:00:00+00:00,52031.0,46339.30959487948,45682.97329116854,656.3363,5691.69040512052,5691.69040512052,False
2018-02-17 07:00:00+00:00,56136.0,50679.85372694848,48970.79073866723,1709.063,5456.1462730515195,5456.1462730515195,False
2018-02-17 08:00:00+00:00,59264.0,52803.99185951501,51397.18485267907,1406.807,6460.008140484992,6460.008140484992,False
2018-02-17 09:00:00+00:00,61101.0,52764.56552726661,53191.72128898536,-427.15576,8336.434472733388,8336.434472733388,False
2018-02-17 10:00:00+00:00,61596.0,54539.03833781708,54619.67398082245,-80.63564,7056.961662182919,7056.961662182919,False
2018-02-17 11:00:00+00:00,61127.0,54539.37862857362,54445.984120211804,93.39451,6587.6213714263795,6587.6213714263795,False
2018-02-17 12:00:00+00:00,59562.0,52827.04023681823,53167.73139892761,-340.69116,6734.959763181767,6734.959763181767,False
2018-02-17 13:00:00+00:00,57822.0,51997.24557570762,52129.68124465293,-132.43567,5824.754424292383,5824.754424292383,False
2018-02-17 14:00:00+00:00,56899.0,52060.636851910545,51985.924800518944,74.71205,4838.363148089455,4838.363148089455,False
2018-02-17 15:00:00+00:00,56428.0,53761.69138655859,53617.381526329096,144.30986,2666.3086134414116,2666.3086134414116,False
2018-02-17 16:00:00+00:00,58164.0,56367.225996001594,56136.35371206605,230.87228,1796.7740039984055,1796.7740039984055,False
2018-02-17 17:00:00+00:00,61551.0,55995.23095638622,55856.423919032706,138.80704,5555.769043613778,5555.769043613778,False
2018-02-17 18:00:00+00:00,59608.0,54037.174252729754,54061.71962283168,-24.54537,5570.825747270246,5570.825747270246,False
2018-02-17 19:00:00+00:00,56203.0,51008.002499783484,50636.425198758094,371.5773,5194.997500216516,5194.997500216516,False
2018-02-17 20:00:00+00:00,53689.0,48750.37021767122,48184.83701454622,565.5332,4938.629782328782,4938.629782328782,False
2018-02-17 21:00:00+00:00,52894.0,47551.285127039766,46878.37960946164,672.9055,5342.714872960234,5342.714872960234,False
2018-02-17 22:00:00+00:00,50523.0,43836.73989106325,43478.79259492067,357.9473,6686.260108936753,6686.260108936753,False
2018-02-17 23:00:00+00:00,47079.0,40189.27271338386,40334.0034110157,-144.7307,6889.727286616137,6889.727286616137,False
2018-02-18 00:00:00+00:00,45451.0,38149.21224677634,38254.16106116843,-104.948814,7301.78775322366,7301.78775322366,False
2018-02-18 01:00:00+00:00,44525.0,36978.09901251974,37124.31745734396,-146.21844,7546.900987480258,7546.900987480258,False
2018-02-18 02:00:00+00:00,44134.0,36761.11075031523,37024.302248117965,-263.1915,7372.889249684769,7372.889249684769,False
2018-02-18 03:00:00+00:00,43879.0,37329.49448218152,37709.547521732304,-380.05304,6549.5055178184775,6549.5055178184775,False
2018-02-18 04:00:00+00:00,43338.0,37543.018413532016,39033.79099653983,-1490.7726,5794.981586467984,5794.981586467984,False
2018-02-18 05:00:00+00:00,42334.0,38428.87798026537,41696.03862479662,-3267.1606,3905.1220197346265,3905.1220197346265,False
2018-02-18 06:00:00+00:00,43901.0,45743.00843801631,45599.525436307325,143.483,-1842.0084380163098,1842.0084380163098,False
2018-02-18 07:00:00+00:00,48445.0,50245.93541310289,48887.34288380601,1358.5925,-1800.9354131028886,1800.9354131028886,False
2018-02-18 08:00:00+00:00,52199.0,52181.47857496629,51313.736997817854,867.7416,17.52142503370851,17.52142503370851,False
2018-02-18 09:00:00+00:00,54336.0,53249.92844816223,53108.273434124145,141.65501,1086.0715518377692,1086.0715518377692,False
2018-02-18 10:00:00+00:00,55543.0,54859.51231980889,54536.226125961235,323.2862,683.4876801911087,683.4876801911087,False
2018-02-18 11:00:00+00:00,54071.0,53687.57398507715,54362.53626535059,-674.9623,383.4260149228503,383.4260149228503,False
2018-02-18 12:00:00+00:00,52405.0,52935.272435667954,53084.28354406639,-149.01111,-530.2724356679537,530.2724356679537,False
2018-02-18 13:00:00+00:00,51169.0,52220.99220937179,52046.23338979171,174.75882,-1051.9922093717905,1051.9922093717905,False
2018-02-18 14:00:00+00:00,51131.0,52079.471452493664,51902.47694565773,176.9945,-948.4714524936644,948.4714524936644,False
2018-02-18 15:00:00+00:00,51311.0,53716.82260274229,53533.93367146788,182.88893,-2405.8226027422934,2405.8226027422934,False
2018-02-18 16:00:00+00:00,54146.0,56719.55246365014,56052.90585720483,666.6466,-2573.552463650143,2573.552463650143,False
2018-02-18 17:00:00+00:00,58588.0,56849.43736788243,55772.97606417149,1076.4613,1738.5626321175732,1738.5626321175732,False
2018-02-18 18:00:00+00:00,57722.0,53986.36062943592,53978.271767970466,8.088861,3735.6393705640803,3735.6393705640803,False
2018-02-18 19:00:00+00:00,55721.0,51446.29472670938,50552.97734389688,893.3174,4274.705273290623,4274.705273290623,False
2018-02-18 20:00:00+00:00,54118.0,48832.241149431095,48101.389159685,730.852,5285.7588505689055,5285.7588505689055,False
2018-02-18 21:00:00+00:00,54028.0,47191.97011519613,46794.931754600424,397.03836,6836.029884803873,6836.029884803873,False
2018-02-18 22:00:00+00:00,50904.0,43289.73800482996,43395.34474005945,-105.606735,7614.26199517004,7614.26199517004,False
2018-02-18 23:00:00+00:00,48872.0,40133.46870312714,40250.55555615448,-117.08685,8738.531296872861,8738.531296872861,False
2018-02-19 00:00:00+00:00,47100.0,38107.887145058434,38170.71320630721,-62.82606,8992.112854941566,8992.112854941566,False
2018-02-19 01:00:00+00:00,46534.0,37133.02667645735,37040.869602482744,92.157074,9400.973323542647,9400.973323542647,False
2018-02-19 02:00:00+00:00,47153.0,37057.867805732334,36940.85439325675,117.01341,10095.132194267666,10095.132194267666,False
2018-02-19 03:00:00+00:00,48672.0,38101.19762829687,37626.09966687109,475.09796,10570.802371703132,10570.802371703132,False
2018-02-19 04:00:00+00:00,52230.0,40836.7639180458,38950.34314167861,1886.4208,11393.236081954201,11393.236081954201,False
2018-02-19 05:00:00+00:00,61045.0,45867.24409024791,41612.59076993541,4254.6533,15177.755909752093,15177.755909752093,False
2018-02-19 06:00:00+00:00,66340.0,44692.47455410236,45516.07758144611,-823.603,21647.52544589764,21647.52544589764,False
2018-02-19 07:00:00+00:00,68940.0,47664.37024867136,48803.8950289448,-1139.5248,21275.62975132864,21275.62975132864,False
2018-02-19 08:00:00+00:00,69346.0,50260.34407459726,51230.28914295664,-969.94507,19085.655925402738,19085.655925402738,True
2018-02-19 09:00:00+00:00,70233.0,53203.34848270531,53024.82557926293,178.5229,17029.65151729469,17029.65151729469,True
2018-02-19 10:00:00+00:00,71333.0,54578.32365073869,54452.77827110002,125.54538,16754.67634926131,16754.67634926131,True
2018-02-19 11:00:00+00:00,70727.0,54455.58464156847,54279.08841048937,176.49623,16271.415358431528,16271.415358431528,True
2018-02-19 12:00:00+00:00,70118.0,53251.99364818955,53000.835689205174,251.15796,16866.00635181045,16866.00635181045,True
2018-02-19 13:00:00+00:00,69187.0,51800.74206264046,51962.785534930495,-162.04347,17386.257937359544,17386.257937359544,False
2018-02-19 14:00:00+00:00,68557.0,51264.3072890387,51819.02909079651,-554.7218,17292.692710961303,17292.692710961303,False
2018-02-19 15:00:00+00:00,67317.0,52955.810828813694,53450.48581660666,-494.675,14361.189171186306,14361.189171186306,False
2018-02-19 16:00:00+00:00,68068.0,55944.83251596971,55969.458002343614,-24.625486,12123.167484030288,12123.167484030288,False
2018-02-19 17:00:00+00:00,71131.0,55795.39383278439,55689.52820931027,105.86562,15335.606167215607,15335.606167215607,True
2018-02-19 18:00:00+00:00,70205.0,53781.84243727917,53894.82391310925,-112.981476,16423.15756272083,16423.15756272083,True
2018-02-19 19:00:00+00:00,66271.0,49913.133248801285,50469.52948903566,-556.39624,16357.866751198715,16357.866751198715,False
2018-02-19 20:00:00+00:00,62517.0,47235.31068958941,48017.941304823784,-782.6306,15281.689310410591,15281.689310410591,False
2018-02-19 21:00:00+00:00,59843.0,46158.52796712202,46711.48389973921,-552.95593,13684.47203287798,13684.47203287798,False
2018-02-19 22:00:00+00:00,56067.0,43242.603359502435,43311.896885198235,-69.293526,12824.396640497565,12824.396640497565,False
2018-02-19 23:00:00+00:00,52984.0,40159.16031407479,40167.107701293266,-7.947387,12824.83968592521,12824.83968592521,False
2018-02-20 00:00:00+00:00,51416.0,38071.24017635139,38087.265351445996,-16.025175,13344.759823648608,13344.759823648608,False
2018-02-20 01:00:00+00:00,50406.0,36975.40333217048,36957.42174762153,17.981585,13430.596667829523,13430.596667829523,False
2018-02-20 02:00:00+00:00,50794.0,36898.93821945632,36857.40653839553,41.53168,13895.061780543678,13895.061780543678,False
2018-02-20 03:00:00+00:00,52339.0,37621.70517199522,37542.65181200987,79.05336,14717.294828004779,14717.294828004779,False
2018-02-20 04:00:00+00:00,55261.0,39471.097740430676,38866.895286817395,604.20245,15789.902259569324,15789.902259569324,False
2018-02-20 05:00:00+00:00,61891.0,42554.183686558565,41529.14291507419,1025.0408,19336.816313441435,19336.816313441435,False
2018-02-20 06:00:00+00:00,66918.0,45183.526790793876,45432.62972658489,-249.10294,21734.473209206124,21734.473209206124,False
2018-02-20 07:00:00+00:00,69348.0,48084.41543580233,48720.44717408358,-636.03174,21263.58456419767,21263.58456419767,True
2018-02-20 08:00:00+00:00,69307.0,50565.68424463839,51146.84128809542,-581.15704,18741.31575536161,18741.31575536161,True
2018-02-20 09:00:00+00:00,70251.0,53117.61330484605,52941.37772440171,176.23558,17133.386695153953,17133.386695153953,True
2018-02-20 10:00:00+00:00,70826.0,54453.88499692728,54369.3304162388,84.55458,16372.115003072722,16372.115003072722,True
2018-02-20 11:00:00+00:00,70353.0,54320.17443013987,54195.64055562815,124.533875,16032.825569860128,16032.825569860128,True
2018-02-20 12:00:00+00:00,70683.0,53092.793779168176,52917.38783434396,175.40594,17590.206220831824,17590.206220831824,True
2018-02-20 13:00:00+00:00,69909.0,51839.49254533417,51879.33768006928,-39.845135,18069.50745466583,18069.50745466583,True
2018-02-20 14:00:00+00:00,69253.0,51341.65124325951,51735.58123593529,-393.93,17911.348756740488,17911.348756740488,False
2018-02-20 15:00:00+00:00,67725.0,53009.286344313805,53367.037961745446,-357.75162,14715.713655686195,14715.713655686195,False
2018-02-20 16:00:00+00:00,68366.0,55843.98382988596,55886.0101474824,-42.026318,12522.016170114039,12522.016170114039,False
2018-02-20 17:00:00+00:00,71275.0,55656.663293597005,55606.080354449055,50.58294,15618.336706402995,15618.336706402995,True
2018-02-20 18:00:00+00:00,70620.0,53780.244386342514,53811.37605824803,-31.131672,16839.755613657486,16839.755613657486,True
2018-02-20 19:00:00+00:00,67142.0,50073.16708339319,50386.08163417444,-312.91455,17068.832916606807,17068.832916606807,False
2018-02-20 20:00:00+00:00,63407.0,47498.79713038249,47934.49344996257,-435.69632,15908.202869617511,15908.202869617511,False
2018-02-20 21:00:00+00:00,60649.0,46424.822742265686,46628.03604487799,-203.2133,14224.177257734314,14224.177257734314,False
2018-02-20 22:00:00+00:00,57019.0,43248.110390124006,43228.44903033702,19.66136,13770.889609875994,13770.889609875994,False
2018-02-20 23:00:00+00:00,53544.0,40102.302931911785,40083.65984643205,18.643085,13441.697068088215,13441.697068088215,False
2018-02-21 00:00:00+00:00,51672.0,38030.84485559357,38003.81749658478,27.027359,13641.155144406432,13641.155144406432,False
2018-02-21 01:00:00+00:00,50964.0,36930.433540892634,36873.97389276031,56.45965,14033.566459107366,14033.566459107366,False
2018-02-21 02:00:00+00:00,51291.0,36827.24568228309,36773.958683534314,53.287,14463.754317716906,14463.754317716906,False
2018-02-21 03:00:00+00:00,52283.0,37540.884033747774,37459.20395714865,81.68008,14742.115966252226,14742.115966252226,False
2018-02-21 04:00:00+00:00,55190.0,39270.84400788391,38783.44743195618,487.39658,15919.155992116088,15919.155992116088,False
2018-02-21 05:00:00+00:00,62547.0,42544.39281411922,41445.69506021297,1098.6978,20002.607185880777,20002.607185880777,False
2018-02-21 06:00:00+00:00,67413.0,45124.72375709965,45349.181871723675,-224.45811,22288.27624290035,22288.27624290035,False
2018-02-21 07:00:00+00:00,69331.0,48083.873159554394,48636.99931922236,-553.12616,21247.126840445606,21247.126840445606,True
2018-02-21 08:00:00+00:00,69470.0,50607.80239929866,51063.3934332342,-455.59103,18862.197600701344,18862.197600701344,True
2018-02-21 09:00:00+00:00,69908.0,53008.71038711862,52857.929869540494,150.78052,16899.28961288138,16899.28961288138,True
2018-02-21 10:00:00+00:00,70098.0,54347.96714847475,54285.882561377584,62.084587,15750.032851525248,15750.032851525248,True
2018-02-21 11:00:00+00:00,69016.0,54222.4913000101,54112.19270076694,110.2986,14793.5086999899,14793.5086999899,False
2018-02-21 12:00:00+00:00,69151.0,52962.06795494661,52833.93997948274,128.12798,16188.932045053392,16188.932045053392,False
2018-02-21 13:00:00+00:00,68346.0,51800.080012662285,51795.88982520806,4.1901875,16545.919987337715,16545.919987337715,False
2018-02-21 14:00:00+00:00,67736.0,51423.93179721177,51652.133381074076,-228.20158,16312.068202788229,16312.068202788229,False
2018-02-21 15:00:00+00:00,66376.0,53052.95483771919,53283.59010688423,-230.63527,13323.04516228081,13323.04516228081,False
2018-02-21 16:00:00+00:00,67440.0,55789.6435285068,55802.56229262118,-12.918764,11650.3564714932,11650.3564714932,False
2018-02-21 17:00:00+00:00,70753.0,55608.11842335493,55522.63249958784,85.48592,15144.881576645072,15144.881576645072,True
2018-02-21 18:00:00+00:00,70662.0,53773.539001268895,53727.928203386815,45.610798,16888.460998731105,16888.460998731105,True
2018-02-21 19:00:00+00:00,67391.0,50149.72391298022,50302.633779313226,-152.90987,17241.27608701978,17241.27608701978,False
2018-02-21 20:00:00+00:00,63891.0,47588.16064637088,47851.04559510135,-262.88495,16302.839353629119,16302.839353629119,False
2018-02-21 21:00:00+00:00,60983.0,46375.050546584156,46544.58819001677,-169.53764,14607.949453415844,14607.949453415844,False
2018-02-21 22:00:00+00:00,57131.0,43147.284438443865,43145.0011754758,2.283263,13983.715561556135,13983.715561556135,False
2018-02-21 23:00:00+00:00,54076.0,40024.82995917642,40000.21199157083,24.617968,14051.170040823577,14051.170040823577,False
2018-02-22 00:00:00+00:00,52472.0,37959.12059158318,37920.36964172356,38.75095,14512.879408416818,14512.879408416818,False
2018-02-22 01:00:00+00:00,51598.0,36851.15307494743,36790.52603789909,60.627037,14746.846925052567,14746.846925052567,False
2018-02-22 02:00:00+00:00,51429.0,36747.055155455324,36690.5108286731,56.544327,14681.944844544676,14681.944844544676,False
2018-02-22 03:00:00+00:00,52411.0,37446.39604064193,37375.756102287436,70.63994,14964.603959358072,14964.603959358072,False
2018-02-22 04:00:00+00:00,55211.0,39085.42752509301,38699.99957709496,385.42795,16125.572474906992,16125.572474906992,False
2018-02-22 05:00:00+00:00,62226.0,42286.04664382832,41362.247205351756,923.79944,19939.95335617168,19939.95335617168,False
2018-02-22 06:00:00+00:00,67512.0,45069.88277479703,45265.73401686246,-195.85124,22442.117225202972,22442.117225202972,False
2018-02-22 07:00:00+00:00,69562.0,48154.630108159974,48553.551464361146,-398.92136,21407.369891840026,21407.369891840026,True
2018-02-22 08:00:00+00:00,69859.0,50624.78655127338,50979.945578372986,-355.15903,19234.213448726623,19234.213448726623,True
2018-02-22 09:00:00+00:00,70182.0,52799.9586839908,52774.48201467928,25.47667,17382.0413160092,17382.0413160092,True
2018-02-22 10:00:00+00:00,70816.0,54227.885491199595,54202.43470651637,25.450785,16588.114508800405,16588.114508800405,True
2018-02-22 11:00:00+00:00,69893.0,54085.96488908809,54028.74484590572,57.220043,15807.035110911907,15807.035110911907,True
2018-02-22 12:00:00+00:00,69655.0,52830.072103564395,52750.49212462152,79.57998,16824.927896435605,16824.927896435605,True
2018-02-22 13:00:00+00:00,69304.0,51709.087921141065,51712.441970346845,-3.3540492,17594.912078858935,17594.912078858935,True
2018-02-22 14:00:00+00:00,68676.0,51363.474329313445,51568.68552621286,-205.2112,17312.525670686555,17312.525670686555,False
2018-02-22 15:00:00+00:00,68015.0,52918.532510812074,53200.14225202301,-281.60974,15096.467489187926,15096.467489187926,False
2018-02-22 16:00:00+00:00,69200.0,55558.93264454707,55719.11443775996,-160.1818,13641.067355452928,13641.067355452928,False
2018-02-22 17:00:00+00:00,71910.0,55504.624677685606,55439.18464472662,65.44003,16405.375322314394,16405.375322314394,True
2018-02-22 18:00:00+00:00,70749.0,53641.94035619314,53644.4803485256,-2.5399923,17107.05964380686,17107.05964380686,True
2018-02-22 19:00:00+00:00,66810.0,50083.50085059947,50219.18592445201,-135.68507,16726.49914940053,16726.49914940053,False
2018-02-22 20:00:00+00:00,63571.0,47585.23676306728,47767.59774024013,-182.36098,15985.763236932718,15985.763236932718,False
2018-02-22 21:00:00+00:00,61005.0,46362.19767768485,46461.14033515556,-98.94266,14642.802322315147,14642.802322315147,False
2018-02-22 22:00:00+00:00,57320.0,43089.72167464901,43061.553320614585,28.168354,14230.278325350992,14230.278325350992,False
2018-02-22 23:00:00+00:00,53965.0,39936.86479512636,39916.764136709615,20.100658,14028.135204873637,14028.135204873637,False
2018-02-23 00:00:00+00:00,52401.0,37878.34508855912,37836.921786862345,41.4233,14522.654911440877,14522.654911440877,False
2018-02-23 01:00:00+00:00,51862.0,36784.63386998856,36707.07818303788,77.55569,15077.36613001144,15077.36613001144,False
2018-02-23 02:00:00+00:00,52143.0,36676.2804420736,36607.06297381188,69.21747,15466.7195579264,15466.7195579264,False
2018-02-23 03:00:00+00:00,53309.0,37345.77850041694,37292.30824742622,53.470253,15963.221499583058,15963.221499583058,False
2018-02-23 04:00:00+00:00,56196.0,38937.21895856187,38616.551722233744,320.66724,17258.78104143813,17258.78104143813,False
2018-02-23 05:00:00+00:00,63247.0,42026.16989492413,41278.79935049054,747.37054,21220.830105075867,21220.830105075867,False
2018-02-23 06:00:00+00:00,67791.0,44924.3194261614,45182.28616200124,-257.96674,22866.680573838603,22866.680573838603,False
2018-02-23 07:00:00+00:00,69972.0,48106.92068713665,48470.10360949993,-363.18292,21865.079312863352,21865.079312863352,True
2018-02-23 08:00:00+00:00,70047.0,50564.41059582622,50896.49772351177,-332.08713,19482.589404173777,19482.589404173777,True
2018-02-23 09:00:00+00:00,70509.0,52571.622393765814,52691.03415981806,-119.411766,17937.377606234186,17937.377606234186,True
2018-02-23 10:00:00+00:00,71661.0,53985.435841523315,54118.98685165515,-133.55101,17675.564158476685,17675.564158476685,True
2018-02-23 11:00:00+00:00,71100.0,53788.20850532673,53945.2969910445,-157.08849,17311.79149467327,17311.79149467327,True
2018-02-23 12:00:00+00:00,69465.0,52508.26767369097,52667.04426976031,-158.7766,16956.73232630903,16956.73232630903,True
2018-02-23 13:00:00+00:00,67881.0,51674.3383194346,51628.99411548563,45.344204,16206.661680565398,16206.661680565398,False
2018-02-23 14:00:00+00:00,67147.0,51695.06564376375,51485.23767135164,209.82797,15451.934356236248,15451.934356236248,False
2018-02-23 15:00:00+00:00,66165.0,53119.23748965104,53116.694397161795,2.5430925,13045.762510348963,13045.762510348963,False
2018-02-23 16:00:00+00:00,67154.0,55518.292185620914,55635.666582898746,-117.3744,11635.707814379086,11635.707814379086,False
2018-02-23 17:00:00+00:00,70479.0,55397.834320230395,55355.736789865405,42.09753,15081.165679769605,15081.165679769605,True
2018-02-23 18:00:00+00:00,70110.0,53569.554725720045,53561.03249366438,8.522232,16540.445274279955,16540.445274279955,True
2018-02-23 19:00:00+00:00,66150.0,50048.29333692478,50135.73806959079,-87.44473,16101.706663075223,16101.706663075223,False
2018-02-23 20:00:00+00:00,62287.0,47678.27538605793,47684.149885378916,-5.8744993,14608.724613942068,14608.724613942068,False
2018-02-23 21:00:00+00:00,60435.0,46557.399084298246,46377.69248029434,179.7066,13877.600915701754,13877.600915701754,False
2018-02-23 22:00:00+00:00,56602.0,43062.9068955019,42978.10546575337,84.80143,13539.093104498097,13539.093104498097,False
2018-02-23 23:00:00+00:00,53577.0,39737.150479846445,39833.3162818484,-96.1658,13839.849520153555,13839.849520153555,False
2018-02-24 00:00:00+00:00,51745.0,37670.62893840982,37753.47393200113,-82.84499,14074.37106159018,14074.37106159018,False
2018-02-24 01:00:00+00:00,50551.0,36484.00842571084,36623.63032817666,-139.6219,14066.99157428916,14066.99157428916,False
2018-02-24 02:00:00+00:00,49971.0,36159.76801201707,36523.61511895066,-363.8471,13811.23198798293,13811.23198798293,False
2018-02-24 03:00:00+00:00,49599.0,36598.50821971344,37208.860392565,-610.3522,13000.49178028656,13000.49178028656,False
2018-02-24 04:00:00+00:00,49321.0,36448.04917987253,38533.10386737253,-2085.0547,12872.950820127473,12872.950820127473,False
2018-02-24 05:00:00+00:00,50166.0,37446.11321437932,41195.35149562932,-3749.2383,12719.886785620678,12719.886785620678,False
2018-02-24 06:00:00+00:00,52776.0,46133.399830577524,45098.838307140024,1034.5615,6642.600169422476,6642.600169422476,False
2018-02-24 07:00:00+00:00,56914.0,50137.69921166996,48386.65575463871,1751.0435,6776.300788330038,6776.300788330038,False
2018-02-24 08:00:00+00:00,59128.0,52049.08209521305,50813.04986865055,1236.0322,7078.9179047869475,7078.9179047869475,False
2018-02-24 09:00:00+00:00,61124.0,51917.19506960528,52607.58630495684,-690.39124,9206.80493039472,9206.80493039472,False
2018-02-24 10:00:00+00:00,62347.0,53852.95359335155,54035.53899679393,-182.5854,8494.04640664845,8494.04640664845,False
2018-02-24 11:00:00+00:00,60611.0,53952.10057813885,53861.849136183286,90.25144,6658.899421861148,6658.899421861148,False
2018-02-24 12:00:00+00:00,58718.0,52333.297479962566,52583.59641489909,-250.29893,6384.702520037434,6384.702520037434,False
2018-02-24 13:00:00+00:00,56977.0,51573.91033342409,51545.54626062441,28.364073,5403.089666575906,5403.089666575906,False
2018-02-24 14:00:00+00:00,55443.0,51642.7932039416,51401.789816490425,241.00339,3800.2067960584027,3800.2067960584027,False
2018-02-24 15:00:00+00:00,56273.0,53505.69035943925,53033.24654230058,472.44382,2767.3096405607503,2767.3096405607503,False
2018-02-24 16:00:00+00:00,58826.0,55811.66831299847,55552.21872803753,259.4496,3014.3316870015333,3014.3316870015333,False
2018-02-24 17:00:00+00:00,62536.0,55620.29082709403,55272.28893500419,348.0019,6915.709172905968,6915.709172905968,False
2018-02-24 18:00:00+00:00,61781.0,53637.6539289643,53477.584638803164,160.06929,8143.346071035703,8143.346071035703,False
2018-02-24 19:00:00+00:00,57832.0,50598.80834217098,50052.290214729575,546.5181,7233.191657829018,7233.191657829018,False
2018-02-24 20:00:00+00:00,55169.0,48358.526981689574,47600.7020305177,757.82495,6810.473018310426,6810.473018310426,False
2018-02-24 21:00:00+00:00,54730.0,46921.7131312925,46294.24462543312,627.4685,7808.286868707502,7808.286868707502,False
2018-02-24 22:00:00+00:00,52120.0,42751.07498454938,42894.65761089215,-143.58263,9368.925015450623,9368.925015450623,False
2018-02-24 23:00:00+00:00,49612.0,39594.979190536986,39749.86842698718,-154.88924,10017.020809463014,10017.020809463014,False
2018-02-25 00:00:00+00:00,47887.0,37600.51442705446,37670.02607713991,-69.51165,10286.485572945538,10286.485572945538,False
2018-02-25 01:00:00+00:00,46732.0,36440.76050676271,36540.18247331544,-99.42197,10291.239493237292,10291.239493237292,False
2018-02-25 02:00:00+00:00,46091.0,36169.8274813746,36440.16726408945,-270.33978,9921.172518625397,9921.172518625397,False
2018-02-25 03:00:00+00:00,45929.0,36756.59301866082,37125.412537703785,-368.81952,9172.406981339183,9172.406981339183,False
2018-02-25 04:00:00+00:00,45106.0,36918.50952813631,38449.65601251131,-1531.1465,8187.49047186369,8187.49047186369,False
2018-02-25 05:00:00+00:00,44001.0,38021.41902162748,41111.903640768105,-3090.4846,5979.58097837252,5979.58097837252,False
2018-02-25 06:00:00+00:00,45244.0,45406.944834603026,45015.39045227881,391.55438,-162.9448346030258,162.9448346030258,False
2018-02-25 07:00:00+00:00,48781.0,49614.31703063687,48303.207899777495,1311.1091,-833.3170306368702,833.3170306368702,False
2018-02-25 08:00:00+00:00,52091.0,51364.77468224637,50729.602013789336,635.17267,726.2253177536331,726.2253177536331,False
2018-02-25 09:00:00+00:00,54176.0,52942.74416298625,52524.13845009563,418.6057,1233.2558370137485,1233.2558370137485,False
2018-02-25 10:00:00+00:00,55660.0,54157.20749019932,53952.09114193272,205.11635,1502.7925098006817,1502.7925098006817,False
2018-02-25 11:00:00+00:00,55027.0,53070.477697337694,53778.40128132207,-707.9236,1956.5223026623062,1956.5223026623062,False
2018-02-25 12:00:00+00:00,52819.0,52482.29789017703,52500.14856003787,-17.85067,336.70210982296703,336.70210982296703,False
2018-02-25 13:00:00+00:00,51931.0,51727.326585694835,51462.098405763194,265.22818,203.67341430516535,203.67341430516535,False
2018-02-25 14:00:00+00:00,51657.0,51611.89710689288,51318.34196162921,293.55515,45.1028931071196,45.1028931071196,False
2018-02-25 15:00:00+00:00,51881.0,53536.01615570108,52949.79868743936,586.21747,-1655.0161557010797,1655.0161557010797,False
2018-02-25 16:00:00+00:00,55288.0,55921.40273963139,55468.77087317631,452.63187,-633.4027396313904,633.4027396313904,False
2018-02-25 17:00:00+00:00,60526.0,55913.86610455703,55188.84108014297,725.025,4612.133895442967,4612.133895442967,False
2018-02-25 18:00:00+00:00,60320.0,53491.138851507865,53394.13678394195,97.00207,6828.861148492135,6828.861148492135,False
2018-02-25 19:00:00+00:00,58102.0,50772.221327153515,49968.84235986836,803.37897,7329.778672846485,7329.778672846485,False
2018-02-25 20:00:00+00:00,55843.0,48310.26937341039,47517.25417565648,793.0152,7532.730626589611,7532.730626589611,False
2018-02-25 21:00:00+00:00,56619.0,46875.898333071906,46210.796770571906,665.10156,9743.101666928094,9743.101666928094,False
2018-02-25 22:00:00+00:00,53997.0,42753.357899799244,42811.209756030934,-57.851856,11243.642100200756,11243.642100200756,False
2018-02-25 23:00:00+00:00,51660.0,39458.67310508495,39666.420572125964,-207.74747,12201.326894915052,12201.326894915052,False
2018-02-26 00:00:00+00:00,50473.0,37528.59940147791,37586.578222278695,-57.97882,12944.400598522087,12944.400598522087,False
2018-02-26 01:00:00+00:00,50017.0,36575.16754081751,36456.734618454226,118.43292,13441.832459182493,13441.832459182493,False
2018-02-26 02:00:00+00:00,50183.0,36549.3122284421,36356.71940922823,192.59282,13633.687771557903,13633.687771557903,False
2018-02-26 03:00:00+00:00,51342.0,37749.20418479569,37041.96468284257,707.2395,13592.795815204307,13592.795815204307,False
2018-02-26 04:00:00+00:00,54956.0,40129.434353939156,38366.20815765009,1763.2262,14826.565646060844,14826.565646060844,False
2018-02-26 05:00:00+00:00,63167.0,44908.63010231314,41028.45578590689,3880.1743,18258.36989768686,18258.36989768686,False
2018-02-26 06:00:00+00:00,68148.0,44314.2200632379,44931.94259741759,-617.72253,23833.779936762097,23833.779936762097,False
2018-02-26 07:00:00+00:00,70877.0,47246.8843124944,48219.76004491628,-972.87573,23630.115687505597,23630.115687505597,True
2018-02-26 08:00:00+00:00,70870.0,49734.16386351796,50646.15415892812,-911.9903,21135.836136482038,21135.836136482038,True
2018-02-26 09:00:00+00:00,71768.0,52601.089612568394,52440.69059523441,160.39902,19166.910387431606,19166.910387431606,True
2018-02-26 10:00:00+00:00,72938.0,53959.38024080685,53868.6432870715,90.73695,18978.61975919315,18978.61975919315,True
2018-02-26 11:00:00+00:00,72552.0,53870.358806709875,53694.95342646085,175.40538,18681.641193290125,18681.641193290125,True
2018-02-26 12:00:00+00:00,72360.0,52674.86839926845,52416.700705176656,258.1677,19685.131600731547,19685.131600731547,True
2018-02-26 13:00:00+00:00,71625.0,51021.0675125719,51378.65055090198,-357.58304,20603.9324874281,20603.9324874281,True
2018-02-26 14:00:00+00:00,71023.0,50621.924990557054,51234.89410676799,-612.9691,20401.075009442946,20401.075009442946,True
2018-02-26 15:00:00+00:00,70507.0,52307.761294003925,52866.350832578144,-558.58954,18199.238705996075,18199.238705996075,True
2018-02-26 16:00:00+00:00,71465.0,55012.299245121736,55385.323018315095,-373.02377,16452.700754878264,16452.700754878264,True
2018-02-26 17:00:00+00:00,74756.0,55078.09562930397,55105.393225281754,-27.297596,19677.90437069603,19677.90437069603,True
2018-02-26 18:00:00+00:00,75163.0,53136.35256433464,53310.68892908073,-174.33636,22026.647435665363,22026.647435665363,True
2018-02-26 19:00:00+00:00,71493.0,49368.15506408917,49885.39450500714,-517.23944,22124.844935910827,22124.844935910827,True
2018-02-26 20:00:00+00:00,67712.0,46665.03477538511,47433.806320795265,-768.77155,21046.96522461489,21046.96522461489,False
2018-02-26 21:00:00+00:00,65393.0,45517.89756073022,46127.34891571069,-609.45135,19875.10243926978,19875.10243926978,False
2018-02-26 22:00:00+00:00,62032.0,42533.37989738554,42727.76190116972,-194.382,19498.620102614463,19498.620102614463,False
2018-02-26 23:00:00+00:00,59442.0,39636.34685895786,39582.97271726475,53.37414,19805.653141042138,19805.653141042138,False
2018-02-27 00:00:00+00:00,57381.0,37539.001812119626,37503.13036741748,35.871445,19841.998187880374,19841.998187880374,False
2018-02-27 01:00:00+00:00,56488.0,36407.74511472826,36373.28676359301,34.45835,20080.254885271737,20080.254885271737,False
2018-02-27 02:00:00+00:00,56192.0,36335.205537216134,36273.27155436701,61.933983,19856.794462783866,19856.794462783866,False
2018-02-27 03:00:00+00:00,57025.0,37102.43958799112,36958.51682798135,143.92276,19922.560412008883,19922.560412008883,False
2018-02-27 04:00:00+00:00,59594.0,38915.27916265216,38282.760302788876,632.51886,20678.720837347842,20678.720837347842,False
2018-02-27 05:00:00+00:00,66445.0,41994.417232803484,40945.00793104567,1049.4093,24450.582767196516,24450.582767196516,False
2018-02-27 06:00:00+00:00,71166.0,44466.78862683372,44848.49474255637,-381.70612,26699.211373166283,26699.211373166283,True
2018-02-27 07:00:00+00:00,73487.0,47421.44451427381,48136.31219005506,-714.8677,26065.55548572619,26065.55548572619,True
2018-02-27 08:00:00+00:00,73386.0,49921.527226918464,50562.7063040669,-641.1791,23464.472773081536,23464.472773081536,True
2018-02-27 09:00:00+00:00,73463.0,52503.19708607632,52357.24274037319,145.95435,20959.802913923682,20959.802913923682,True
2018-02-27 10:00:00+00:00,73359.0,53857.37748482259,53785.19543221028,72.18205,19501.622515177412,19501.622515177412,True
2018-02-27 11:00:00+00:00,73258.0,53729.965868230494,53611.505571599635,118.4603,19528.034131769506,19528.034131769506,True
2018-02-27 12:00:00+00:00,72664.0,52433.95158841358,52333.25285031544,100.69874,20230.048411586416,20230.048411586416,True
2018-02-27 13:00:00+00:00,71563.0,51089.60159130443,51295.20269604076,-205.6011,20473.398408695568,20473.398408695568,True
2018-02-27 14:00:00+00:00,71373.0,50870.05422309818,51151.446251906775,-281.39203,20502.94577690182,20502.94577690182,True
2018-02-27 15:00:00+00:00,70168.0,52528.54955364466,52782.90297771693,-254.35342,17639.45044635534,17639.45044635534,True
2018-02-27 16:00:00+00:00,71167.0,55206.02976550466,55301.87516345388,-95.8454,15960.97023449534,15960.97023449534,True
2018-02-27 17:00:00+00:00,74282.0,55051.38099931153,55021.94537042054,29.435629,19230.61900068847,19230.61900068847,True
2018-02-27 18:00:00+00:00,74159.0,53241.57739032822,53227.24107421951,14.336316,20917.422609671783,20917.422609671783,True
2018-02-27 19:00:00+00:00,70891.0,49700.03556310979,49801.946650145925,-101.91109,21190.964436890208,21190.964436890208,True
2018-02-27 20:00:00+00:00,67372.0,47029.08911778952,47350.35846593405,-321.26935,20342.910882210483,20342.910882210483,False
2018-02-27 21:00:00+00:00,64772.0,45789.69178655748,46043.90106084947,-254.20927,18982.30821344252,18982.30821344252,False
2018-02-27 22:00:00+00:00,61269.0,42619.185830518705,42644.3140463085,-25.128216,18649.814169481295,18649.814169481295,False
2018-02-27 23:00:00+00:00,58674.0,39531.44631015744,39499.52486240353,31.921448,19142.553689842563,19142.553689842563,False
2018-02-28 00:00:00+00:00,57284.0,37464.77559116954,37419.68251255626,45.09308,19819.224408830458,19819.224408830458,False
2018-02-28 01:00:00+00:00,56290.0,36365.39601474986,36289.83890873179,75.557106,19924.60398525014,19924.60398525014,False
2018-02-28 02:00:00+00:00,55539.0,36278.985724957456,36189.823699505796,89.162025,19260.014275042544,19260.014275042544,False
2018-02-28 03:00:00+00:00,56418.0,37074.71826511232,36875.068973120135,199.64929,19343.281734887678,19343.281734887678,False
2018-02-28 04:00:00+00:00,59332.0,38892.78266277141,38199.31244792766,693.4702,20439.21733722859,20439.21733722859,False
2018-02-28 05:00:00+00:00,66897.0,41921.478533215704,40861.560076184454,1059.9185,24975.521466784296,24975.521466784296,False
2018-02-28 06:00:00+00:00,71155.0,44372.716504394375,44765.046887695156,-392.33038,26782.283495605625,26782.283495605625,True
2018-02-28 07:00:00+00:00,73604.0,47413.772538318844,48052.864335193844,-639.0918,26190.227461681156,26190.227461681156,True
2018-02-28 08:00:00+00:00,73997.0,49967.17373240881,50479.258449205685,-512.0847,24029.82626759119,24029.82626759119,True
2018-02-28 09:00:00+00:00,74666.0,52372.66568171559,52273.794885511976,98.8708,22293.33431828441,22293.33431828441,True
2018-02-28 10:00:00+00:00,74081.0,53734.93973127973,53701.747577349066,33.192154,20346.06026872027,20346.06026872027,True
2018-02-28 11:00:00+00:00,73082.0,53595.617081057266,53528.05771673842,67.559364,19486.382918942734,19486.382918942734,True
2018-02-28 12:00:00+00:00,72286.0,52333.740717805296,52249.80499545422,83.93572,19952.259282194704,19952.259282194704,True
2018-02-28 13:00:00+00:00,71772.0,51197.33506426304,51211.75484117954,-14.419777,20574.66493573696,20574.66493573696,True
2018-02-28 14:00:00+00:00,71183.0,50889.83186262173,51067.99839704556,-178.16653,20293.16813737827,20293.16813737827,True
2018-02-28 15:00:00+00:00,70920.0,52490.35812273364,52699.45512285571,-209.097,18429.64187726636,18429.64187726636,True
2018-02-28 16:00:00+00:00,72142.0,55059.66461328016,55218.42730859266,-158.7627,17082.33538671984,17082.33538671984,True
2018-02-28 17:00:00+00:00,75696.0,54976.40581405175,54938.49751555932,37.9083,20719.59418594825,20719.59418594825,True
2018-02-28 18:00:00+00:00,75578.0,53117.19825437722,53143.7932193583,-26.594965,22460.801745622783,22460.801745622783,True
2018-02-28 19:00:00+00:00,71746.0,49619.1543586392,49718.49879528471,-99.34444,22126.8456413608,22126.8456413608,True
2018-02-28 20:00:00+00:00,68878.0,47054.803936878496,47266.91061107283,-212.10667,21823.196063121504,21823.196063121504,False
2018-02-28 21:00:00+00:00,67232.0,45781.64157573923,45960.453205988255,-178.81163,21450.35842426077,21450.35842426077,False
2018-02-28 22:00:00+00:00,63687.0,42511.76259189894,42560.86619144728,-49.1036,21175.237408101057,21175.237408101057,False
2018-02-28 23:00:00+00:00,60562.0,39444.40020776814,39416.07700754231,28.3232,21117.599792231857,21117.599792231857,False
2018-03-01 00:00:00+00:00,58596.0,37397.04307215427,37336.234657695044,60.808414,21198.956927845727,21198.956927845727,False
2018-03-01 01:00:00+00:00,57048.0,36270.73902292575,36206.391053870575,64.34797,20777.26097707425,20777.26097707425,False
2018-03-01 02:00:00+00:00,56558.0,36176.640470193895,36106.37584464458,70.264626,20381.359529806105,20381.359529806105,False
2018-03-01 03:00:00+00:00,57529.0,36885.68834848353,36791.62111825892,94.06723,20643.311651516473,20643.311651516473,False
2018-03-01 04:00:00+00:00,59942.0,38539.250762500036,38115.86459306644,423.38617,21402.749237499964,21402.749237499964,False
2018-03-01 05:00:00+00:00,67028.0,41724.196755014644,40778.11222132324,946.08453,25303.803244985356,25303.803244985356,False
2018-03-01 06:00:00+00:00,72091.0,44392.98672814644,44681.59903283394,-288.6123,27698.01327185356,27698.01327185356,True
2018-03-01 07:00:00+00:00,73500.0,47478.16547325255,47969.41648033263,-491.251,26021.83452674745,26021.83452674745,True
2018-03-01 08:00:00+00:00,73152.0,49989.46122911009,50395.81059434447,-406.34937,23162.538770889907,23162.538770889907,True
2018-03-01 09:00:00+00:00,73028.0,52173.816623698855,52190.34703065076,-16.530407,20854.183376301145,20854.183376301145,True
2018-03-01 10:00:00+00:00,73213.0,53622.392194564265,53618.29972248785,4.092472,19590.607805435735,19590.607805435735,True
2018-03-01 11:00:00+00:00,73070.0,53461.73176625037,53444.6098618772,17.121904,19608.26823374963,19608.26823374963,True
2018-03-01 12:00:00+00:00,71984.0,52183.479044966174,52166.357140593005,17.121904,19800.520955033826,19800.520955033826,True
2018-03-01 13:00:00+00:00,71248.0,51125.671828256345,51128.30698631833,-2.635158,20122.328171743655,20122.328171743655,True
2018-03-01 14:00:00+00:00,70458.0,50939.2174542632,50984.55054218434,-45.333088,19518.7825457368,19518.7825457368,True
2018-03-01 15:00:00+00:00,69947.0,52517.02376274547,52616.00726799449,-98.983505,17429.97623725453,17429.97623725453,True
2018-03-01 16:00:00+00:00,70993.0,55035.75994079199,55134.979453731445,-99.21951,15957.240059208008,15957.240059208008,True
2018-03-01 17:00:00+00:00,73959.0,54865.450146690535,54855.0496606981,10.400486,19093.549853309465,19093.549853309465,True
2018-03-01 18:00:00+00:00,73886.0,52997.43035213746,53060.34536449708,-62.915012,20888.56964786254,20888.56964786254,True
2018-03-01 19:00:00+00:00,69768.0,49483.78830614615,49635.05094042349,-151.26263,20284.211693853853,20284.211693853853,True
2018-03-01 20:00:00+00:00,66555.0,46987.20895677314,47183.462756211615,-196.2538,19567.79104322686,19567.79104322686,False
2018-03-01 21:00:00+00:00,64672.0,45789.19968706454,45877.00535112704,-87.805664,18882.800312935462,18882.800312935462,False
2018-03-01 22:00:00+00:00,61020.0,42477.85562349946,42477.418336586066,0.4372869,18542.14437650054,18542.14437650054,False
2018-03-01 23:00:00+00:00,59637.0,39355.17934074567,39332.6291526811,22.550188,20281.82065925433,20281.82065925433,False
2018-03-02 00:00:00+00:00,58180.0,37299.153154915126,37252.78680283383,46.366352,20880.846845084874,20880.846845084874,False
2018-03-02 01:00:00+00:00,57068.0,36191.7598265118,36122.94319900936,68.81663,20876.2401734882,20876.2401734882,False
2018-03-02 02:00:00+00:00,56801.0,36101.886440100745,36022.92798978336,78.95845,20699.113559899255,20699.113559899255,False
2018-03-02 03:00:00+00:00,56981.0,36787.415138092525,36708.1732633977,79.241875,20193.584861907475,20193.584861907475,False
2018-03-02 04:00:00+00:00,59360.0,38376.530690841944,38032.416738205226,344.11395,20983.469309158056,20983.469309158056,False
2018-03-02 05:00:00+00:00,66284.0,41400.527586676864,40694.66436646202,705.8632,24883.472413323136,24883.472413323136,False
2018-03-02 06:00:00+00:00,71411.0,44331.22722777741,44598.15117797272,-266.92395,27079.77277222259,27079.77277222259,True
2018-03-02 07:00:00+00:00,74462.0,47539.49560301047,47885.96862547141,-346.47302,26922.504396989527,26922.504396989527,True
2018-03-02 08:00:00+00:00,74580.0,49998.24491111411,50312.36273948325,-314.11783,24581.75508888589,24581.75508888589,True
2018-03-02 09:00:00+00:00,74514.0,51984.64196601171,52106.89917578954,-122.25721,22529.35803398829,22529.35803398829,True
2018-03-02 10:00:00+00:00,74157.0,53389.25695795866,53534.85186762663,-145.59491,20767.743042041337,20767.743042041337,True
2018-03-02 11:00:00+00:00,73666.0,53141.87280718688,53361.162007015984,-219.2892,20524.127192813117,20524.127192813117,True
2018-03-02 12:00:00+00:00,71795.0,51884.82720870542,52082.90928573179,-198.08208,19910.17279129458,19910.17279129458,True
2018-03-02 13:00:00+00:00,70776.0,50988.74560988118,51044.85913145711,-56.11352,19787.25439011882,19787.25439011882,True
2018-03-02 14:00:00+00:00,69695.0,50932.180964911015,50901.102687323124,31.078278,18762.819035088985,18762.819035088985,True
2018-03-02 15:00:00+00:00,69079.0,52413.37043303074,52532.55941313328,-119.18898,16665.629566969263,16665.629566969263,False
2018-03-02 16:00:00+00:00,70238.0,54906.82172948546,55051.53159887023,-144.70987,15331.178270514538,15331.178270514538,True
2018-03-02 17:00:00+00:00,72184.0,54711.75212016794,54771.601805836886,-59.849686,17472.24787983206,17472.24787983206,True
2018-03-02 18:00:00+00:00,71986.0,52915.260649742064,52976.89750963586,-61.63686,19070.739350257936,19070.739350257936,True
2018-03-02 19:00:00+00:00,67991.0,49449.437932058856,49551.603085562274,-102.16515,18541.562067941144,18541.562067941144,False
2018-03-02 20:00:00+00:00,64369.0,46983.22249717559,47100.0149013504,-116.792404,17385.777502824407,17385.777502824407,False
2018-03-02 21:00:00+00:00,62559.0,45746.17435188716,45793.55749626582,-47.383144,16812.82564811284,16812.82564811284,False
2018-03-02 22:00:00+00:00,60119.0,42357.78362259399,42393.97048172485,-36.18686,17761.21637740601,17761.21637740601,False
2018-03-02 23:00:00+00:00,56726.0,39097.60167745855,39249.18129781988,-151.57962,17628.39832254145,17628.39832254145,False
2018-03-03 00:00:00+00:00,54823.0,37036.44276877339,37169.33894797261,-132.89618,17786.55723122661,17786.55723122661,False
2018-03-03 01:00:00+00:00,53371.0,35911.63185690449,36039.49534414814,-127.86349,17459.36814309551,17459.36814309551,False
2018-03-03 02:00:00+00:00,52726.0,35638.874849277614,35939.480134922145,-300.6053,17087.125150722386,17087.125150722386,False
2018-03-03 03:00:00+00:00,52647.0,36063.2876033607,36624.725408536484,-561.4378,16583.712396639297,16583.712396639297,False
2018-03-03 04:00:00+00:00,52399.0,36084.28235990651,37948.96888334401,-1864.6865,16314.717640093491,16314.717640093491,False
2018-03-03 05:00:00+00:00,52347.0,37100.85347449143,40611.216511600804,-3510.363,15246.146525508571,15246.146525508571,False
2018-03-03 06:00:00+00:00,55018.0,45616.17439244744,44514.703323111506,1101.4711,9401.825607552557,9401.825607552557,False
2018-03-03 07:00:00+00:00,59067.0,49570.458270610194,47802.520770610194,1767.9375,9496.541729389806,9496.541729389806,False
2018-03-03 08:00:00+00:00,61563.0,51222.70583921188,50228.914884622034,993.79095,10340.294160788122,10340.294160788122,False
2018-03-03 09:00:00+00:00,63177.0,51234.20852307676,52023.451320928325,-789.2428,11942.791476923237,11942.791476923237,False
2018-03-03 10:00:00+00:00,63042.0,53466.84048375083,53451.404012765415,15.436471,9575.159516249172,9575.159516249172,False
2018-03-03 11:00:00+00:00,61316.0,53015.954569635236,53277.71415215477,-261.75958,8300.045430364764,8300.045430364764,False
2018-03-03 12:00:00+00:00,58828.0,51682.625096642056,51999.46143087057,-316.83633,7145.374903357944,7145.374903357944,False
2018-03-03 13:00:00+00:00,57616.0,51092.74335362226,50961.41127659589,131.33208,6523.25664637774,6523.25664637774,False
2018-03-03 14:00:00+00:00,57698.0,51209.26664886816,50817.65483246191,391.61182,6488.733351131843,6488.733351131843,False
2018-03-03 15:00:00+00:00,57502.0,52755.64210636776,52449.11155827206,306.53055,4746.357893632237,4746.357893632237,False
2018-03-03 16:00:00+00:00,58813.0,54876.53689952659,54968.08374400901,-91.546844,3936.463100473411,3936.463100473411,False
2018-03-03 17:00:00+00:00,61400.0,54898.35344438387,54688.15395097567,210.1995,6501.646555616127,6501.646555616127,False
2018-03-03 18:00:00+00:00,61207.0,53166.41910667894,52893.449654774646,272.96945,8040.580893321057,8040.580893321057,False
2018-03-03 19:00:00+00:00,58298.0,49965.97340697059,49468.15523070106,497.81818,8332.026593029412,8332.026593029412,False
2018-03-03 20:00:00+00:00,56422.0,47554.00533994621,47016.56704648918,537.4383,8867.994660053788,8867.994660053788,False
2018-03-03 21:00:00+00:00,55674.0,46083.15874418781,45710.109641404604,373.0491,9590.841255812193,9590.841255812193,False
2018-03-03 22:00:00+00:00,52940.0,42235.79386709801,42310.52262686363,-74.72876,10704.206132901993,10704.206132901993,False
2018-03-03 23:00:00+00:00,50260.0,39005.129179653,39165.73344295866,-160.60426,11254.870820347001,11254.870820347001,False
2018-03-04 00:00:00+00:00,48070.0,36970.26919827497,37085.89109311139,-115.621895,11099.730801725033,11099.730801725033,False
2018-03-04 01:00:00+00:00,46881.0,35845.99075710919,35956.047489286924,-110.05673,11035.00924289081,11035.00924289081,False
2018-03-04 02:00:00+00:00,46166.0,35631.66739663808,35856.03228006093,-224.36488,10534.332603361923,10534.332603361923,False
2018-03-04 03:00:00+00:00,45878.0,36237.890712854954,36541.27755367527,-303.38684,9640.109287145046,9640.109287145046,False
2018-03-04 04:00:00+00:00,44918.0,36654.433748209354,37865.52102848279,-1211.0873,8263.566251790646,8263.566251790646,False
2018-03-04 05:00:00+00:00,43963.0,37848.35776806771,40527.76865673959,-2679.411,6114.642231932288,6114.642231932288,False
2018-03-04 06:00:00+00:00,45529.0,44639.34248912431,44431.25546825029,208.08702,889.6575108756879,889.6575108756879,False
2018-03-04 07:00:00+00:00,49377.0,48924.78190012398,47719.07291574898,1205.709,452.2180998760232,452.2180998760232,False
2018-03-04 08:00:00+00:00,52200.0,50993.76005954597,50145.46702976082,848.293,1206.2399404540265,1206.2399404540265,False
2018-03-04 09:00:00+00:00,53778.0,52103.948824343475,51940.00346606711,163.94536,1674.0511756565247,1674.0511756565247,False
2018-03-04 10:00:00+00:00,55147.0,53982.57017157607,53367.9561579042,614.614,1164.4298284239267,1164.4298284239267,False
2018-03-04 11:00:00+00:00,54128.0,52545.36889739121,53194.26629729355,-648.8974,1582.6311026087933,1582.6311026087933,False
2018-03-04 12:00:00+00:00,52313.0,51506.54326961287,51916.013576009354,-409.4703,806.4567303871299,806.4567303871299,False
2018-03-04 13:00:00+00:00,51302.0,51137.836010846004,50877.963421734676,259.8726,164.16398915399623,164.16398915399623,False
2018-03-04 14:00:00+00:00,50549.0,50990.04227423155,50734.20697760069,255.8353,-441.0422742315495,441.0422742315495,False
2018-03-04 15:00:00+00:00,51687.0,52893.15723368428,52365.66370341084,527.4935,-1206.15723368428,1206.15723368428,False
2018-03-04 16:00:00+00:00,54004.0,55374.012811755216,54884.635889147794,489.37692,-1370.0128117552158,1370.0128117552158,False
2018-03-04 17:00:00+00:00,58984.0,55048.94474357539,54604.70609611445,444.23865,3935.05525642461,3935.05525642461,False
2018-03-04 18:00:00+00:00,59328.0,52999.90756163218,52810.00179991343,189.90576,6328.092438367821,6328.092438367821,False
2018-03-04 19:00:00+00:00,56885.0,50149.80570347656,49384.70737583984,765.0983,6735.194296523441,6735.194296523441,False
2018-03-04 20:00:00+00:00,55243.0,47618.760793190464,46933.119191627964,685.6416,7624.239206809536,7624.239206809536,False
2018-03-04 21:00:00+00:00,55163.0,46004.74928043987,45626.66178654339,378.0875,9158.250719560128,9158.250719560128,False
2018-03-04 22:00:00+00:00,52090.0,42123.503513457494,42227.074772002416,-103.57126,9966.496486542506,9966.496486542506,False
2018-03-04 23:00:00+00:00,48770.0,38986.56225283133,39082.285588097446,-95.723335,9783.437747168668,9783.437747168668,False
2018-03-05 00:00:00+00:00,47620.0,37037.8646593012,37002.44323825018,35.42142,10582.135340698798,10582.135340698798,False
2018-03-05 01:00:00+00:00,47136.0,36063.9419958759,35872.59963442571,191.34236,11072.058004124097,11072.058004124097,False
2018-03-05 02:00:00+00:00,47289.0,35905.43717788526,35772.58442519971,132.85275,11383.562822114742,11383.562822114742,False
2018-03-05 03:00:00+00:00,48879.0,36827.41047884335,36457.82969881405,369.58078,12051.589521156653,12051.589521156653,False
2018-03-05 04:00:00+00:00,53043.0,39347.57280741064,37782.073173621575,1565.4996,13695.427192589363,13695.427192589363,False
2018-03-05 05:00:00+00:00,61227.0,44163.50048937837,40444.32080187837,3719.1797,17063.49951062163,17063.49951062163,False
2018-03-05 06:00:00+00:00,66430.0,43718.80730821329,44347.80761338907,-629.0003,22711.19269178671,22711.19269178671,False
2018-03-05 07:00:00+00:00,68394.0,47039.96197495026,47635.62506088776,-595.6631,21354.03802504974,21354.03802504974,False
2018-03-05 08:00:00+00:00,68780.0,49530.786203708194,50062.0191748996,-531.233,19249.213796291806,19249.213796291806,False
2018-03-05 09:00:00+00:00,69126.0,51976.8595891722,51856.55561120589,120.30398,17149.1404108278,17149.1404108278,False
2018-03-05 10:00:00+00:00,69224.0,53396.030855533216,53284.50830304298,111.52255,15827.969144466784,15827.969144466784,False
2018-03-05 11:00:00+00:00,68496.0,53304.87418278878,53110.81844243233,194.05574,15191.125817211221,15191.125817211221,False
2018-03-05 12:00:00+00:00,67746.0,52071.021165484075,51832.56572114814,238.45544,15674.978834515925,15674.978834515925,False
2018-03-05 13:00:00+00:00,66487.0,50419.25986008635,50794.51556687346,-375.2557,16067.74013991365,16067.74013991365,False
2018-03-05 14:00:00+00:00,65221.0,50088.18002117697,50650.75912273947,-562.5791,15132.819978823027,15132.819978823027,False
2018-03-05 15:00:00+00:00,64343.0,51824.88808976056,52282.215848549626,-457.32776,12518.111910239437,12518.111910239437,False
2018-03-05 16:00:00+00:00,64834.0,54552.42785667427,54801.18803428658,-248.76018,10281.572143325728,10281.572143325728,False
2018-03-05 17:00:00+00:00,68518.0,54601.595063763,54521.258241253236,80.33682,13916.404936236999,13916.404936236999,False
2018-03-05 18:00:00+00:00,68887.0,52736.556422698086,52726.55394505221,10.002478,16150.443577301914,16150.443577301914,False
2018-03-05 19:00:00+00:00,64804.0,48712.55975291222,49301.25952097862,-588.69977,16091.440247087783,16091.440247087783,False
2018-03-05 20:00:00+00:00,61649.0,46029.17048227456,46849.67133676675,-820.50085,15619.82951772544,15619.82951772544,False
2018-03-05 21:00:00+00:00,59257.0,44896.302066447795,45543.21393168217,-646.91187,14360.697933552205,14360.697933552205,False
2018-03-05 22:00:00+00:00,54890.0,42159.12168623757,42143.6269171412,15.494769,12730.878313762427,12730.878313762427,False
2018-03-05 23:00:00+00:00,52335.0,39136.355540243065,38998.83773323623,137.5178,13198.644459756935,13198.644459756935,False
2018-03-06 00:00:00+00:00,50691.0,36961.86004937407,36918.99538338896,42.864666,13729.139950625933,13729.139950625933,False
2018-03-06 01:00:00+00:00,49804.0,35841.201675804725,35789.15177956449,52.049896,13962.798324195275,13962.798324195275,False
2018-03-06 02:00:00+00:00,50224.0,35745.92132604528,35689.136570338494,56.784756,14478.078673954718,14478.078673954718,False
2018-03-06 03:00:00+00:00,51575.0,36469.54988899678,36374.38184395283,95.168045,15105.450111003222,15105.450111003222,False
2018-03-06 04:00:00+00:00,54870.0,38400.68372940489,37698.62531876036,702.0584,16469.31627059511,16469.31627059511,False
2018-03-06 05:00:00+00:00,61784.0,41541.27016381403,40360.87294701715,1180.3972,20242.729836185972,20242.729836185972,False
2018-03-06 06:00:00+00:00,65627.0,43833.23268333254,44264.359758527855,-431.12708,21793.767316667458,21793.767316667458,False
2018-03-06 07:00:00+00:00,67550.0,46855.6811733117,47552.17720602654,-696.49603,20694.3188266883,20694.3188266883,False
2018-03-06 08:00:00+00:00,68116.0,49304.592621307915,49978.57132003838,-673.9787,18811.407378692085,18811.407378692085,False
2018-03-06 09:00:00+00:00,68316.0,51907.68006774604,51773.107756344674,134.57231,16408.31993225396,16408.31993225396,False
2018-03-06 10:00:00+00:00,69407.0,53259.561100495,53201.060448181765,58.500652,16147.438899505003,16147.438899505003,True
2018-03-06 11:00:00+00:00,68830.0,53129.480984909984,53027.37058757112,102.1104,15700.519015090016,15700.519015090016,False
2018-03-06 12:00:00+00:00,67684.0,51873.365028152155,51749.11786628692,124.24716,15810.634971847845,15810.634971847845,False
2018-03-06 13:00:00+00:00,66731.0,50757.67474478812,50711.06771201224,46.607033,15973.32525521188,15973.32525521188,False
2018-03-06 14:00:00+00:00,66605.0,50450.87254717513,50567.311267878256,-116.43872,16154.127452824869,16154.127452824869,False
2018-03-06 15:00:00+00:00,65675.0,51920.19993948919,52198.76799368841,-278.56805,13754.80006051081,13754.80006051081,False
2018-03-06 16:00:00+00:00,66232.0,54588.322790509344,54717.74017942536,-129.41739,11643.677209490656,11643.677209490656,False
2018-03-06 17:00:00+00:00,69537.0,54438.14317539587,54437.81038639202,0.332789,15098.856824604132,15098.856824604132,True
2018-03-06 18:00:00+00:00,69719.0,52612.89722597896,52643.106090190995,-30.208864,17106.10277402104,17106.10277402104,True
2018-03-06 19:00:00+00:00,65560.0,48984.25223313401,49217.811666117406,-233.55943,16575.747766865992,16575.747766865992,False
2018-03-06 20:00:00+00:00,61944.0,46336.39294601686,46766.22348190553,-429.83054,15607.607053983142,15607.607053983142,False
2018-03-06 21:00:00+00:00,59194.0,45119.94909073697,45459.76607682095,-339.817,14074.050909263031,14074.050909263031,False
2018-03-06 22:00:00+00:00,55116.0,41888.54916420869,42060.17906227998,-171.6299,13227.450835791307,13227.450835791307,False
2018-03-06 23:00:00+00:00,51721.0,38932.39049635597,38915.38987837501,17.000618,12788.609503644031,12788.609503644031,False
2018-03-07 00:00:00+00:00,49922.0,36849.09544875479,36835.54752852774,13.54792,13072.904551245207,13072.904551245207,False
2018-03-07 01:00:00+00:00,48572.0,35689.53721861807,35705.70392470327,-16.166706,12882.462781381932,12882.462781381932,False
2018-03-07 02:00:00+00:00,49042.0,35584.90379001646,35605.68871547728,-20.784925,13457.096209983538,13457.096209983538,False
2018-03-07 03:00:00+00:00,50603.0,36299.14373259137,36290.933989091616,8.2097435,14303.856267408628,14303.856267408628,False
2018-03-07 04:00:00+00:00,54226.0,37881.082676301485,37615.17746389914,265.9052,16344.917323698515,16344.917323698515,False
2018-03-07 05:00:00+00:00,61642.0,41453.36100524187,40277.425092155936,1175.9359,20188.638994758127,20188.638994758127,False
2018-03-07 06:00:00+00:00,66370.0,44042.69503049769,44180.91190366664,-138.21687,22327.304969502307,22327.304969502307,False
2018-03-07 07:00:00+00:00,68976.0,46926.38358700517,47468.729351165326,-542.34576,22049.61641299483,22049.61641299483,False
2018-03-07 08:00:00+00:00,68920.0,49462.98833334123,49895.12346517717,-432.13513,19457.01166665877,19457.01166665877,False
2018-03-07 09:00:00+00:00,69071.0,51772.627232416075,51689.65990148346,82.96733,17298.372767583925,17298.372767583925,False
2018-03-07 10:00:00+00:00,70242.0,53199.57559075707,53117.61259332055,81.963,17042.42440924293,17042.42440924293,True
2018-03-07 11:00:00+00:00,70525.0,53051.15813767816,52943.9227327099,107.235405,17473.84186232184,17473.84186232184,True
2018-03-07 12:00:00+00:00,70235.0,51735.38963117668,51665.670011425704,69.71962,18499.61036882332,18499.61036882332,True
2018-03-07 13:00:00+00:00,69401.0,50274.28233273696,50627.619857151025,-353.33752,19126.717667263038,19126.717667263038,True
2018-03-07 14:00:00+00:00,68523.0,50012.79828850532,50483.86341301704,-471.06512,18510.20171149468,18510.20171149468,False
2018-03-07 15:00:00+00:00,67741.0,51714.598062411176,52115.32013882719,-400.72208,16026.401937588824,16026.401937588824,False
2018-03-07 16:00:00+00:00,69013.0,54429.25710727899,54634.29232456414,-205.03522,14583.742892721013,14583.742892721013,False
2018-03-07 17:00:00+00:00,71063.0,54336.733816015665,54354.3625315308,-17.628716,16726.266183984335,16726.266183984335,True
2018-03-07 18:00:00+00:00,71130.0,52501.83234192768,52559.65823532978,-57.825893,18628.16765807232,18628.16765807232,True
2018-03-07 19:00:00+00:00,66722.0,48952.13445639779,49134.36381125619,-182.22935,17769.86554360221,17769.86554360221,False
2018-03-07 20:00:00+00:00,63486.0,46446.4717940365,46682.77562704431,-236.30383,17039.5282059635,17039.5282059635,False
2018-03-07 21:00:00+00:00,61076.0,45232.13413992849,45376.31822195974,-144.18408,15843.865860071513,15843.865860071513,False
2018-03-07 22:00:00+00:00,56516.0,41961.17687945398,41976.731207418765,-15.554328,14554.823120546018,14554.823120546018,False
2018-03-07 23:00:00+00:00,52894.0,38849.12354779053,38831.942023513795,17.181524,14044.876452209472,14044.876452209472,False
2018-03-08 00:00:00+00:00,50266.0,36794.85301152663,36752.099673666526,42.753338,13471.146988473367,13471.146988473367,False
2018-03-08 01:00:00+00:00,49309.0,35682.41380375929,35622.25606984206,60.157734,13626.586196240707,13626.586196240707,False
2018-03-08 02:00:00+00:00,50051.0,35583.737476979586,35522.24086061606,61.496616,14467.262523020414,14467.262523020414,False
2018-03-08 03:00:00+00:00,51973.0,36263.06587666204,36207.4861342304,55.579742,15709.93412333796,15709.93412333796,False
2018-03-08 04:00:00+00:00,55282.0,37901.903742338705,37531.729609037924,370.17413,17380.096257661295,17380.096257661295,False
2018-03-08 05:00:00+00:00,63271.0,41135.99469334941,40193.97723729472,942.01746,22135.005306650593,22135.005306650593,False
2018-03-08 06:00:00+00:00,67377.0,43829.06054538745,44097.46404880542,-268.4035,23547.939454612548,23547.939454612548,False
2018-03-08 07:00:00+00:00,69533.0,47023.82882906778,47385.28149630411,-361.45267,22509.17117093222,22509.17117093222,True
2018-03-08 08:00:00+00:00,69771.0,49494.97877193704,49811.67561031595,-316.69684,20276.021228062957,20276.021228062957,True
2018-03-08 09:00:00+00:00,70870.0,51650.88875102898,51606.21204662224,44.676704,19219.11124897102,19219.11124897102,True
2018-03-08 10:00:00+00:00,71733.0,53060.81762961839,53034.16473845933,26.652891,18672.18237038161,18672.18237038161,True
2018-03-08 11:00:00+00:00,71018.0,52925.5373549605,52860.47487784868,65.06248,18092.4626450395,18092.4626450395,True
2018-03-08 12:00:00+00:00,70533.0,51671.58024219681,51582.22215656449,89.358086,18861.41975780319,18861.41975780319,True
2018-03-08 13:00:00+00:00,69494.0,50490.336362336195,50544.17200228981,-53.83564,19003.663637663805,19003.663637663805,True
2018-03-08 14:00:00+00:00,69051.0,50155.361664112854,50400.41555815582,-245.0539,18895.638335887146,18895.638335887146,False
2018-03-08 15:00:00+00:00,68132.0,51731.18417361441,52031.872283965975,-300.6881,16400.815826385588,16400.815826385588,False
2018-03-08 16:00:00+00:00,68253.0,54355.248934424606,54550.844469702926,-195.59554,13897.751065575394,13897.751065575394,False
2018-03-08 17:00:00+00:00,70410.0,54265.546274188506,54270.914676669585,-5.3684025,16144.453725811494,16144.453725811494,True
2018-03-08 18:00:00+00:00,71552.0,52430.17320624371,52476.21038046856,-46.037174,19121.826793756292,19121.826793756292,True
2018-03-08 19:00:00+00:00,67533.0,48854.11863889009,49050.91595639497,-196.79732,18678.88136110991,18678.88136110991,False
2018-03-08 20:00:00+00:00,63972.0,46325.27714352099,46599.3277721831,-274.05063,17646.722856479013,17646.722856479013,False
2018-03-08 21:00:00+00:00,61408.0,45084.58745389051,45292.87036709852,-208.28291,16323.412546109488,16323.412546109488,False
2018-03-08 22:00:00+00:00,56912.0,41777.73941487444,41893.28335255755,-115.54394,15134.260585125558,15134.260585125558,False
2018-03-08 23:00:00+00:00,53444.0,38794.82404841332,38748.49416865258,46.32988,14649.17595158668,14649.17595158668,False
2018-03-09 00:00:00+00:00,51936.0,36759.79818873939,36668.65181880531,91.14637,15176.20181126061,15176.20181126061,False
2018-03-09 01:00:00+00:00,50854.0,35646.44256098914,35538.80821498084,107.634346,15207.55743901086,15207.55743901086,False
2018-03-09 02:00:00+00:00,51372.0,35535.56596260299,35438.793005754844,96.77296,15836.434037397012,15836.434037397012,False
2018-03-09 03:00:00+00:00,52745.0,36204.041971996136,36124.03827936918,80.00369,16540.958028003864,16540.958028003864,False
2018-03-09 04:00:00+00:00,56184.0,37728.47212282905,37448.28175417671,280.19037,18455.52787717095,18455.52787717095,False
2018-03-09 05:00:00+00:00,63413.0,40843.675317492096,40110.5293824335,733.14594,22569.324682507904,22569.324682507904,False
2018-03-09 06:00:00+00:00,68532.0,43773.95602853893,44014.016193944204,-240.06017,24758.04397146107,24758.04397146107,False
2018-03-09 07:00:00+00:00,70931.0,47006.58449593508,47301.83364144289,-295.24915,23924.41550406492,23924.41550406492,True
2018-03-09 08:00:00+00:00,70667.0,49454.423342612936,49728.22775545473,-273.8044,21212.576657387064,21212.576657387064,True
2018-03-09 09:00:00+00:00,71678.0,51371.24118150712,51522.76419176102,-151.52301,20306.758818492883,20306.758818492883,True
2018-03-09 10:00:00+00:00,71741.0,52738.87513249948,52950.716883598114,-211.84175,19002.12486750052,19002.12486750052,True
2018-03-09 11:00:00+00:00,70749.0,52510.65159574137,52777.027022987466,-266.37543,18238.348404258628,18238.348404258628,True
2018-03-09 12:00:00+00:00,69356.0,51222.95044916421,51498.77430170327,-275.82385,18133.049550835793,18133.049550835793,True
2018-03-09 13:00:00+00:00,67716.0,50295.066386808474,50460.72414742859,-165.65776,17420.933613191526,17420.933613191526,False
2018-03-09 14:00:00+00:00,67162.0,50213.470312547535,50316.967703294606,-103.49739,16948.529687452465,16948.529687452465,False
2018-03-09 15:00:00+00:00,66274.0,51705.52829568191,51948.42442910476,-242.89613,14568.471704318094,14568.471704318094,False
2018-03-09 16:00:00+00:00,66674.0,54202.33490829874,54467.39661484171,-265.0617,12471.66509170126,12471.66509170126,False
2018-03-09 17:00:00+00:00,68858.0,54113.27514852956,54187.46682180837,-74.19167,14744.72485147044,14744.72485147044,False
2018-03-09 18:00:00+00:00,68372.0,52309.61517911076,52392.762525607344,-83.14735,16062.384820889238,16062.384820889238,False
2018-03-09 19:00:00+00:00,63902.0,48847.61403659235,48967.468101533756,-119.854065,15054.38596340765,15054.38596340765,False
2018-03-09 20:00:00+00:00,60383.0,46468.95487230845,46515.87991732188,-46.925045,13914.045127691548,13914.045127691548,False
2018-03-09 21:00:00+00:00,58205.0,45287.45103091406,45209.4225122373,78.02852,12917.54896908594,12917.54896908594,False
2018-03-09 22:00:00+00:00,54607.0,41875.49083979838,41809.83549769633,65.65534,12731.509160201618,12731.509160201618,False
2018-03-09 23:00:00+00:00,50650.0,38579.58151581773,38665.04631379136,-85.4648,12070.418484182272,12070.418484182272,False
2018-03-10 00:00:00+00:00,47815.0,36487.56413240112,36585.20396394409,-97.63983,11327.435867598877,11327.435867598877,False
2018-03-10 01:00:00+00:00,46636.0,35332.32502839355,35455.36036011962,-123.03533,11303.674971606451,11303.674971606451,False
2018-03-10 02:00:00+00:00,46365.0,35067.27352613777,35355.34515089363,-288.07162,11297.726473862233,11297.726473862233,False
2018-03-10 03:00:00+00:00,46615.0,35532.75494477164,36040.590424507966,-507.83548,11082.245055228363,11082.245055228363,False
2018-03-10 04:00:00+00:00,46869.0,35564.08438759674,37364.83389931549,-1800.7495,11304.91561240326,11304.91561240326,False
2018-03-10 05:00:00+00:00,47876.0,36655.620590072285,40027.081527572285,-3371.461,11220.379409927715,11220.379409927715,False
2018-03-10 06:00:00+00:00,50813.0,44751.04667160252,43930.56833908299,820.47833,6061.9533283974815,6061.9533283974815,False
2018-03-10 07:00:00+00:00,54576.0,48771.3811479098,47218.385786581675,1552.9954,5804.6188520902,5804.6188520902,False
2018-03-10 08:00:00+00:00,57742.0,50878.192009968516,49644.779900593516,1233.4121,6863.807990031484,6863.807990031484,False
2018-03-10 09:00:00+00:00,59127.0,50670.39690330606,51439.31633689981,-768.91943,8456.603096693943,8456.603096693943,False
2018-03-10 10:00:00+00:00,59418.0,52667.93516643221,52867.2690287369,-199.33386,6750.064833567791,6750.064833567791,False
2018-03-10 11:00:00+00:00,58600.0,52695.1563903543,52693.57916812625,1.5772222,5904.843609645701,5904.843609645701,False
2018-03-10 12:00:00+00:00,57526.0,51072.00863678346,51415.32644684205,-343.3178,6453.991363216541,6453.991363216541,False
2018-03-10 13:00:00+00:00,55607.0,50265.21561599267,50377.276292567374,-112.06068,5341.784384007333,5341.784384007333,False
2018-03-10 14:00:00+00:00,54509.0,50448.036343184365,50233.51984843339,214.5165,4060.9636568156347,4060.9636568156347,False
2018-03-10 15:00:00+00:00,54435.0,52373.803997339244,51864.97657424354,508.82742,2061.1960026607558,2061.1960026607558,False
2018-03-10 16:00:00+00:00,55988.0,54638.004729218774,54383.94875998049,254.05597,1349.9952707812263,1349.9952707812263,False
2018-03-10 17:00:00+00:00,59241.0,54069.94198635633,54104.01896694715,-34.07698,5171.058013643669,5171.058013643669,False
2018-03-10 18:00:00+00:00,59316.0,52372.93935794095,52309.31467074613,63.624687,6943.060642059048,6943.060642059048,False
2018-03-10 19:00:00+00:00,54877.0,49379.07407968035,48884.02024667254,495.05383,5497.925920319649,5497.925920319649,False
2018-03-10 20:00:00+00:00,51932.0,47162.260614706756,46432.43206246066,729.82855,4769.739385293244,4769.739385293244,False
2018-03-10 21:00:00+00:00,50262.0,45694.90477212218,45125.974657376086,568.9301,4567.09522787782,4567.09522787782,False
2018-03-10 22:00:00+00:00,46728.0,41624.180901502106,41726.387642835114,-102.20674,5103.819098497894,5103.819098497894,False
2018-03-10 23:00:00+00:00,44010.0,38470.06167761911,38581.598458930144,-111.53678,5539.938322380891,5539.938322380891,False
2018-03-11 00:00:00+00:00,41592.0,36429.99996742028,36501.756109082875,-71.75614,5162.000032579723,5162.000032579723,False
2018-03-11 01:00:00+00:00,40196.0,35264.047270883406,35371.912505258406,-107.865234,4931.952729116594,4931.952729116594,False
2018-03-11 02:00:00+00:00,40057.0,34985.21797474335,35271.89729603241,-286.67932,5071.782025256653,5071.782025256653,False
2018-03-11 03:00:00+00:00,40611.0,35621.702536687764,35957.14256964675,-335.44003,4989.297463312236,4989.297463312236,False
2018-03-11 04:00:00+00:00,40653.0,35893.022396993336,37281.38604445427,-1388.3636,4759.977603006664,4759.977603006664,False
2018-03-11 05:00:00+00:00,40358.0,37220.75989341419,39943.63367271107,-2722.8738,3137.2401065858066,3137.2401065858066,False
2018-03-11 06:00:00+00:00,42128.0,44116.44274984677,43847.12048422177,269.32227,-1988.4427498467703,1988.4427498467703,False
2018-03-11 07:00:00+00:00,46076.0,48220.71246785327,47134.93793172046,1085.7745,-2144.712467853271,2144.712467853271,False
2018-03-11 08:00:00+00:00,49199.0,50357.72572249011,49561.3320457323,796.3937,-1158.7257224901114,1158.7257224901114,False
2018-03-11 09:00:00+00:00,51263.0,51541.63380186281,51355.86848203859,185.76532,-278.63380186280847,278.63380186280847,False
2018-03-11 10:00:00+00:00,53034.0,53211.14820024287,52783.82117387568,427.32703,-177.14820024286746,177.14820024286746,False
2018-03-11 11:00:00+00:00,53136.0,51882.33401101894,52610.13131326503,-727.7973,1253.6659889810617,1253.6659889810617,False
2018-03-11 12:00:00+00:00,51532.0,50904.51997992029,51331.878591980836,-427.3586,627.4800200797108,627.4800200797108,False
2018-03-11 13:00:00+00:00,49836.0,50540.80646504991,50293.82843770616,246.97803,-704.8064650499073,704.8064650499073,False
2018-03-11 14:00:00+00:00,48963.0,50388.89718888467,50150.07199357217,238.8252,-1425.8971888846718,1425.8971888846718,False
2018-03-11 15:00:00+00:00,48570.0,52331.81228871826,51781.528719382324,550.28357,-3761.8122887182617,3761.8122887182617,False
2018-03-11 16:00:00+00:00,50526.0,54786.63280209193,54300.500905119276,486.1319,-4260.632802091932,4260.632802091932,False
2018-03-11 17:00:00+00:00,54862.0,54320.78214113867,54020.571112085934,300.21103,541.2178588613315,541.2178588613315,False
2018-03-11 18:00:00+00:00,56469.0,52583.80312569936,52225.86681588491,357.9363,3885.1968743006364,3885.1968743006364,False
2018-03-11 19:00:00+00:00,53084.0,49331.62256270976,48800.57239181132,531.0502,3752.377437290241,3752.377437290241,False
2018-03-11 20:00:00+00:00,51584.0,47097.97975203304,46348.984207599446,748.99554,4486.020247966961,4486.020247966961,False
2018-03-11 21:00:00+00:00,51530.0,45282.14006850608,45042.52680251487,239.61327,6247.85993149392,6247.85993149392,False
2018-03-11 22:00:00+00:00,47822.0,41520.84181128933,41642.9397879739,-122.09798,6301.158188710673,6301.158188710673,False
2018-03-11 23:00:00+00:00,44889.0,38500.231080114536,38498.15060406893,2.080476,6388.768919885464,6388.768919885464,False
2018-03-12 00:00:00+00:00,43278.0,36533.273967722635,36418.30825422166,114.96571,6744.726032277365,6744.726032277365,False
2018-03-12 01:00:00+00:00,42610.0,35455.272969488986,35288.46465039719,166.80832,7154.727030511014,7154.727030511014,False
2018-03-12 02:00:00+00:00,43456.0,35419.19040796807,35188.44944117119,230.74097,8036.809592031932,8036.809592031932,False
2018-03-12 03:00:00+00:00,45528.0,36764.246594668344,35873.69471478553,890.5519,8763.753405331656,8763.753405331656,False
2018-03-12 04:00:00+00:00,49792.0,39467.73994740556,37197.93818959306,2269.8018,10324.260052594444,10324.260052594444,False
2018-03-12 05:00:00+00:00,58774.0,44633.18874753735,39860.18581784985,4773.003,14140.811252462649,14140.811252462649,False
2018-03-12 06:00:00+00:00,65099.0,42718.579001430866,43763.67262936055,-1045.0936,22380.420998569134,22380.420998569134,False
2018-03-12 07:00:00+00:00,67655.0,46277.75881465221,47051.49007685924,-773.73126,21377.24118534779,21377.24118534779,False
2018-03-12 08:00:00+00:00,69049.0,48659.42398579296,49477.88419087108,-818.4602,20389.576014207043,20389.576014207043,False
2018-03-12 09:00:00+00:00,70228.0,51452.22943455042,51272.42062717737,179.8088,18775.77056544958,18775.77056544958,True
2018-03-12 10:00:00+00:00,70683.0,52832.91109977618,52700.37331901446,132.53778,17850.08890022382,17850.08890022382,True
2018-03-12 11:00:00+00:00,69787.0,52748.78872878956,52526.683458403815,222.10527,17038.211271210443,17038.211271210443,True
2018-03-12 12:00:00+00:00,69367.0,51518.912090879385,51248.43073711962,270.48135,17848.087909120615,17848.087909120615,True
2018-03-12 13:00:00+00:00,67527.0,49854.88223079416,50210.38058284494,-355.49835,17672.11776920584,17672.11776920584,False
2018-03-12 14:00:00+00:00,66682.0,49569.597924111345,50066.624138710955,-497.0262,17112.402075888655,17112.402075888655,False
2018-03-12 15:00:00+00:00,65345.0,51206.19487819298,51698.08086452111,-491.886,14138.805121807018,14138.805121807018,False
2018-03-12 16:00:00+00:00,66458.0,53877.51056978931,54217.05305025806,-339.54248,12580.489430210691,12580.489430210691,False
2018-03-12 17:00:00+00:00,69236.0,53774.98807961241,53937.12325722472,-162.13518,15461.011920387587,15461.011920387587,False
2018-03-12 18:00:00+00:00,69943.0,51886.49334762037,52142.41896102369,-255.92561,18056.506652379627,18056.506652379627,True
2018-03-12 19:00:00+00:00,65286.0,48001.93435140323,48717.124536950105,-715.1902,17284.06564859677,17284.06564859677,False
2018-03-12 20:00:00+00:00,61392.0,45317.688086136666,46265.53635273823,-947.84827,16074.311913863334,16074.311913863334,False
2018-03-12 21:00:00+00:00,58237.0,44242.378386130214,44959.07894765365,-716.70056,13994.621613869786,13994.621613869786,False
2018-03-12 22:00:00+00:00,53876.0,41507.303433662,41559.49193311268,-52.1885,12368.696566338003,12368.696566338003,False
2018-03-12 23:00:00+00:00,50879.0,38692.70793719599,38414.70274920771,278.0052,12186.292062804008,12186.292062804008,False
2018-03-13 00:00:00+00:00,49079.0,36481.39389240243,36334.86039936044,146.5335,12597.606107597567,12597.606107597567,False
2018-03-13 01:00:00+00:00,47866.0,35281.38024463265,35205.01679553597,76.36345,12584.619755367348,12584.619755367348,False
2018-03-13 02:00:00+00:00,48559.0,35185.44084107072,35105.001586309976,80.439255,13373.559158929282,13373.559158929282,False
2018-03-13 03:00:00+00:00,50356.0,35931.72038592529,35790.246859924315,141.47353,14424.279614074709,14424.279614074709,False
2018-03-13 04:00:00+00:00,54199.0,37771.4684841459,37114.49033473184,656.97815,16427.531515854098,16427.531515854098,False
2018-03-13 05:00:00+00:00,61545.0,41163.11625888707,39776.737962988635,1386.3783,20381.883741112928,20381.883741112928,False
2018-03-13 06:00:00+00:00,66614.0,43210.47407259504,43680.22477449934,-469.7507,23403.52592740496,23403.52592740496,False
2018-03-13 07:00:00+00:00,69378.0,46384.69743440037,46968.042221998025,-583.3448,22993.30256559963,22993.30256559963,True
2018-03-13 08:00:00+00:00,70078.0,48940.32281061924,49394.436336009865,-454.11353,21137.67718938076,21137.67718938076,True
2018-03-13 09:00:00+00:00,71778.0,51288.46299906176,51188.972772316156,99.49023,20489.53700093824,20489.53700093824,True
2018-03-13 10:00:00+00:00,72703.0,52646.74673414226,52616.925464153246,29.82127,20056.25326585774,20056.25326585774,True
2018-03-13 11:00:00+00:00,71753.0,52507.87020895031,52443.2356035426,64.634605,19245.129791049687,19245.129791049687,True
2018-03-13 12:00:00+00:00,70849.0,51261.25407671641,51164.9828822584,96.271194,19587.74592328359,19587.74592328359,True
2018-03-13 13:00:00+00:00,69732.0,50119.46116941286,50126.93272798372,-7.4715586,19612.53883058714,19612.53883058714,True
2018-03-13 14:00:00+00:00,69465.0,49780.49360562708,49983.17628384974,-202.68268,19684.50639437292,19684.50639437292,True
2018-03-13 15:00:00+00:00,68337.0,51317.6260211345,51614.63300965989,-297.007,17019.3739788655,17019.3739788655,False
2018-03-13 16:00:00+00:00,68428.0,53992.449235313834,54133.60519539684,-141.15596,14435.550764686166,14435.550764686166,False
2018-03-13 17:00:00+00:00,71091.0,53849.24403973456,53853.6754023635,-4.4313626,17241.755960265436,17241.755960265436,True
2018-03-13 18:00:00+00:00,71345.0,51966.4495912699,52058.97110616248,-92.521515,19378.5504087301,19378.5504087301,True
2018-03-13 19:00:00+00:00,66673.0,48379.772614095724,48633.67668208889,-253.90407,18293.227385904276,18293.227385904276,False
2018-03-13 20:00:00+00:00,62973.0,45790.53167414654,46182.08849787701,-391.55682,17182.468325853457,17182.468325853457,False
2018-03-13 21:00:00+00:00,59619.0,44566.972889667435,44875.631092792435,-308.6582,15052.027110332565,15052.027110332565,False
2018-03-13 22:00:00+00:00,54799.0,41480.78338470135,41476.04407825146,4.7393064,13318.216615298647,13318.216615298647,False
2018-03-13 23:00:00+00:00,51576.0,38426.2186165755,38331.25489434649,94.96372,13149.781383424503,13149.781383424503,False
2018-03-14 00:00:00+00:00,49316.0,36324.201690922564,36251.412544499224,72.78915,12991.798309077436,12991.798309077436,False
2018-03-14 01:00:00+00:00,48755.0,35193.02345422456,35121.568940674755,71.45451,13561.97654577544,13561.97654577544,False
2018-03-14 02:00:00+00:00,49356.0,35086.84696722757,35021.55373144876,65.293236,14269.153032772432,14269.153032772432,False
2018-03-14 03:00:00+00:00,50493.0,35811.12967828087,35706.7990050631,104.33067,14681.870321719129,14681.870321719129,False
2018-03-14 04:00:00+00:00,53798.0,37595.85369813234,37031.04247987062,564.8112,16202.146301867659,16202.146301867659,False
2018-03-14 05:00:00+00:00,61490.0,40809.67890207273,39693.29010812742,1116.3888,20680.32109792727,20680.32109792727,False
2018-03-14 06:00:00+00:00,67169.0,43301.170871054135,43596.77691963812,-295.60605,23867.829128945865,23867.829128945865,False
2018-03-14 07:00:00+00:00,69439.0,46418.96781074032,46884.59436713681,-465.62656,23020.032189259677,23020.032189259677,True
2018-03-14 08:00:00+00:00,69093.0,48848.5898300256,49310.98848114865,-462.39865,20244.4101699744,20244.4101699744,False
2018-03-14 09:00:00+00:00,69630.0,51188.09548172496,51105.52491745494,82.570564,18441.90451827504,18441.90451827504,True
2018-03-14 10:00:00+00:00,70275.0,52561.557206765174,52533.47760929203,28.079597,17713.442793234826,17713.442793234826,True
2018-03-14 11:00:00+00:00,69123.0,52425.067640649155,52359.78774868138,65.27989,16697.932359350845,16697.932359350845,False
2018-03-14 12:00:00+00:00,68539.0,51190.098755729705,51081.535027397185,108.56373,17348.901244270295,17348.901244270295,False
2018-03-14 13:00:00+00:00,67066.0,50077.13535911494,50043.48487312251,33.650486,16988.86464088506,16988.86464088506,False
2018-03-14 14:00:00+00:00,66076.0,49797.24420657641,49899.72842898852,-102.48422,16278.755793423588,16278.755793423588,False
2018-03-14 15:00:00+00:00,65574.0,51386.02541053598,51531.18515479867,-145.15974,14187.974589464022,14187.974589464022,False
2018-03-14 16:00:00+00:00,66098.0,53925.5659937949,54050.157340535625,-124.59135,12172.434006205098,12172.434006205098,False
2018-03-14 17:00:00+00:00,67967.0,53765.05104813552,53770.22754750228,-5.1764994,14201.948951864477,14201.948951864477,False
2018-03-14 18:00:00+00:00,69451.0,51994.150139576406,51975.52325130126,18.626888,17456.849860423594,17456.849860423594,True
2018-03-14 19:00:00+00:00,65851.0,48498.596552599985,48550.22882722767,-51.632275,17352.403447400015,17352.403447400015,False
2018-03-14 20:00:00+00:00,61965.0,45918.85570038884,46098.640643015795,-179.78494,16046.144299611158,16046.144299611158,False
2018-03-14 21:00:00+00:00,59334.0,44745.92960633942,44792.18323793122,-46.25363,14588.070393660579,14588.070393660579,False
2018-03-14 22:00:00+00:00,55460.0,41405.74797204747,41392.59622339025,13.151749,14054.252027952527,14054.252027952527,False
2018-03-14 23:00:00+00:00,52081.0,38269.138946757615,38247.80703948528,21.331907,13811.861053242385,13811.861053242385,False
2018-03-15 00:00:00+00:00,50545.0,36185.086594011176,36167.96468963801,17.121904,14359.913405988824,14359.913405988824,False
2018-03-15 01:00:00+00:00,50153.0,35076.643466642396,35038.12108581354,38.52238,15076.356533357604,15076.356533357604,False
2018-03-15 02:00:00+00:00,50833.0,34982.141128204974,34938.10587658754,44.03525,15850.858871795026,15850.858871795026,False
2018-03-15 03:00:00+00:00,52137.0,35698.82495086106,35623.35115020188,75.4738,16438.17504913894,16438.17504913894,False
2018-03-15 04:00:00+00:00,55689.0,37482.28658057581,36947.594625009406,534.69196,18206.713419424188,18206.713419424188,False
2018-03-15 05:00:00+00:00,62883.0,40568.60024887167,39609.8422532662,958.758,22314.39975112833,22314.39975112833,False
2018-03-15 06:00:00+00:00,68366.0,43153.87783186675,43513.3290647769,-359.45123,25212.122168133254,25212.122168133254,False
2018-03-15 07:00:00+00:00,70450.0,46337.61495709981,46801.14651227559,-463.53156,24112.38504290019,24112.38504290019,True
2018-03-15 08:00:00+00:00,70499.0,48838.367072820634,49227.54062628743,-389.17355,21660.632927179366,21660.632927179366,True
2018-03-15 09:00:00+00:00,71289.0,51134.2686366904,51022.07706259372,112.191574,20154.7313633096,20154.7313633096,True
2018-03-15 10:00:00+00:00,71920.0,52493.30345133023,52450.02975443081,43.273697,19426.696548669774,19426.696548669774,True
2018-03-15 11:00:00+00:00,70809.0,52352.676792623875,52276.339893820164,76.3369,18456.323207376125,18456.323207376125,True
2018-03-15 12:00:00+00:00,70421.0,51074.44850066097,50998.08717253597,76.36133,19346.55149933903,19346.55149933903,True
2018-03-15 13:00:00+00:00,70067.0,49901.735531292295,49960.03701826129,-58.301487,20165.264468707705,20165.264468707705,True
2018-03-15 14:00:00+00:00,68897.0,49608.42187051402,49816.280574127304,-207.8587,19288.578129485977,19288.578129485977,False
2018-03-15 15:00:00+00:00,67763.0,51248.586131114214,51447.73729993746,-199.15117,16514.413868885786,16514.413868885786,False
2018-03-15 16:00:00+00:00,68279.0,53814.50774922421,53966.70948567441,-152.20174,14464.492250775787,14464.492250775787,False
2018-03-15 17:00:00+00:00,71027.0,53645.9350576313,53686.77969264107,-40.844635,17381.0649423687,17381.0649423687,True
2018-03-15 18:00:00+00:00,71336.0,51817.97552766563,51892.07539644004,-74.09987,19518.02447233437,19518.02447233437,True
2018-03-15 19:00:00+00:00,67381.0,48253.693219070556,48466.780972366454,-213.08775,19127.306780929444,19127.306780929444,False
2018-03-15 20:00:00+00:00,63642.0,45690.73636725614,46015.19278815458,-324.45642,17951.26363274386,17951.26363274386,False
2018-03-15 21:00:00+00:00,61064.0,44478.93281654168,44708.73538307,-229.80257,16585.06718345832,16585.06718345832,False
2018-03-15 22:00:00+00:00,56501.0,41260.40344207639,41309.14836852903,-48.744926,15240.596557923607,15240.596557923607,False
2018-03-15 23:00:00+00:00,52725.0,38181.48108899723,38164.35918462406,17.121904,14543.518911002771,14543.518911002771,False
2018-03-16 00:00:00+00:00,50787.0,36116.22060064593,36084.51683477679,31.703766,14670.779399354069,14670.779399354069,False
2018-03-16 01:00:00+00:00,49927.0,35008.243524378835,34954.67323095232,53.570293,14918.756475621165,14918.756475621165,False
2018-03-16 02:00:00+00:00,50360.0,34907.12621859522,34854.658021726325,52.468197,15452.873781404778,15452.873781404778,False
2018-03-16 03:00:00+00:00,51952.0,35603.24223882211,35539.903295340664,63.338943,16348.75776117789,16348.75776117789,False
2018-03-16 04:00:00+00:00,55063.0,37235.59592786303,36864.14677014819,371.44916,17827.404072136967,17827.404072136967,False
2018-03-16 05:00:00+00:00,62370.0,40497.936024381546,39526.394398404984,971.5416,21872.063975618454,21872.063975618454,False
2018-03-16 06:00:00+00:00,67618.0,43143.167525833655,43429.881209915686,-286.71368,24474.832474166345,24474.832474166345,False
2018-03-16 07:00:00+00:00,70921.0,46301.10005511945,46717.698657414374,-416.5986,24619.899944880548,24619.899944880548,True
2018-03-16 08:00:00+00:00,71388.0,48762.12145794965,49144.092771426214,-381.9713,22625.87854205035,22625.87854205035,True
2018-03-16 09:00:00+00:00,71710.0,50743.257122161216,50938.629207732505,-195.37209,20966.742877838784,20966.742877838784,True
2018-03-16 10:00:00+00:00,72945.0,52190.21574966725,52366.581899569595,-176.36615,20754.78425033275,20754.78425033275,True
2018-03-16 11:00:00+00:00,72296.0,51970.580088275354,52192.89203895895,-222.31195,20325.419911724646,20325.419911724646,True
2018-03-16 12:00:00+00:00,70660.0,50679.155049486275,50914.63931767475,-235.48427,19980.844950513725,19980.844950513725,True
2018-03-16 13:00:00+00:00,69029.0,49717.1001497282,49876.58916340007,-159.48901,19311.899850271802,19311.899850271802,False
2018-03-16 14:00:00+00:00,68207.0,49658.6750578281,49732.83271926609,-74.15766,18548.3249421719,18548.3249421719,False
2018-03-16 15:00:00+00:00,67079.0,51181.39535633112,51364.28944507624,-182.89409,15897.604643668878,15897.604643668878,False
2018-03-16 16:00:00+00:00,67743.0,53599.497714797566,53883.26163081319,-283.76392,14143.502285202434,14143.502285202434,False
2018-03-16 17:00:00+00:00,69869.0,53311.79265320954,53603.33183777985,-291.53918,16557.207346790463,16557.207346790463,True
2018-03-16 18:00:00+00:00,70460.0,51570.18251899582,51808.627541578826,-238.44502,18889.817481004182,18889.817481004182,True
2018-03-16 19:00:00+00:00,65972.0,48171.241015454456,48383.33311750524,-212.0921,17800.758984545544,17800.758984545544,False
2018-03-16 20:00:00+00:00,62075.0,45759.86602704336,45931.74493329336,-171.8789,16315.133972956639,16315.133972956639,False
2018-03-16 21:00:00+00:00,60547.0,44518.66693799882,44625.287528208784,-106.62059,16028.333062001177,16028.333062001177,False
2018-03-16 22:00:00+00:00,56847.0,41138.92943365072,41225.70051366781,-86.77108,15708.070566349277,15708.070566349277,False
2018-03-16 23:00:00+00:00,53043.0,37974.01200725308,38080.91132976284,-106.89932,15068.987992746923,15068.987992746923,False
2018-03-17 00:00:00+00:00,51311.0,35906.42367046733,36001.06897991557,-94.64531,15404.576329532669,15404.576329532669,False
2018-03-17 01:00:00+00:00,50328.0,34713.57713695536,34871.225376091104,-157.64824,15614.422863044638,15614.422863044638,False
2018-03-17 02:00:00+00:00,50472.0,34400.82396691394,34771.21016686511,-370.3862,16071.176033086063,16071.176033086063,False
2018-03-17 03:00:00+00:00,50993.0,34829.80700297945,35456.45544047945,-626.64844,16163.192997020553,16163.192997020553,False
2018-03-17 04:00:00+00:00,50731.0,34810.333802982284,36780.69891528697,-1970.3651,15920.666197017716,15920.666197017716,False
2018-03-17 05:00:00+00:00,51205.0,35739.58252987189,39442.94654354377,-3703.364,15465.417470128108,15465.417470128108,False
2018-03-17 06:00:00+00:00,53997.0,44429.51978083572,43346.43335505447,1083.0864,9567.480219164281,9567.480219164281,False
2018-03-17 07:00:00+00:00,58406.0,48438.696969545344,46634.25080255316,1804.4462,9967.303030454656,9967.303030454656,False
2018-03-17 08:00:00+00:00,62005.0,49950.329364807185,49060.644916565,889.68445,12054.670635192815,12054.670635192815,False
2018-03-17 09:00:00+00:00,63670.0,50085.88820101582,50855.18135287129,-769.29315,13584.11179898418,13584.11179898418,False
2018-03-17 10:00:00+00:00,65006.0,52414.94392019666,52283.13404470838,131.80988,12591.05607980334,12591.05607980334,False
2018-03-17 11:00:00+00:00,64152.0,51752.79052809187,52109.44418409773,-356.65366,12399.209471908129,12399.209471908129,False
2018-03-17 12:00:00+00:00,62860.0,50579.76459818951,50831.191462813535,-251.42686,12280.235401810489,12280.235401810489,False
2018-03-17 13:00:00+00:00,61093.0,49848.689656012,49793.141308538856,55.548347,11244.310343988,11244.310343988,False
2018-03-17 14:00:00+00:00,60267.0,49758.50649984188,49649.38486440487,109.121635,10508.493500158118,10508.493500158118,False
2018-03-17 15:00:00+00:00,60440.0,51366.58163385516,51280.84159021502,85.74004,9073.41836614484,9073.41836614484,False
2018-03-17 16:00:00+00:00,60788.0,53589.15564912092,53799.813775951974,-210.65813,7198.844350879081,7198.844350879081,False
2018-03-17 17:00:00+00:00,63897.0,53314.877421639336,53519.88398291863,-205.00656,10582.122578360664,10582.122578360664,False
2018-03-17 18:00:00+00:00,63652.0,51508.359755687336,51725.17968671761,-216.81993,12143.640244312664,12143.640244312664,False
2018-03-17 19:00:00+00:00,59752.0,48299.104472374645,48299.88526264402,-0.78079027,11452.895527625355,11452.895527625355,False
2018-03-17 20:00:00+00:00,57256.0,46120.18340045363,45848.297078432144,271.88632,11135.816599546371,11135.816599546371,False
2018-03-17 21:00:00+00:00,56954.0,44821.47944385538,44541.83967334757,279.63977,12132.52055614462,12132.52055614462,False
2018-03-17 22:00:00+00:00,55228.0,41183.19969173506,41142.252658806596,40.947033,14044.800308264937,14044.800308264937,False
2018-03-17 23:00:00+00:00,52693.0,37749.20895830006,37997.463474901626,-248.25452,14943.791041699937,14943.791041699937,False
2018-03-18 00:00:00+00:00,50884.0,35707.23648149967,35917.62112505436,-210.38464,15176.763518500331,15176.763518500331,False
2018-03-18 01:00:00+00:00,50078.0,34598.79314622989,34787.77752122989,-188.98438,15479.206853770113,15479.206853770113,False
2018-03-18 02:00:00+00:00,49324.0,34420.91795165233,34687.76231200389,-266.84436,14903.082048347671,14903.082048347671,False
2018-03-18 03:00:00+00:00,49135.0,34991.15669450495,35373.00758561823,-381.8509,14143.843305495051,14143.843305495051,False
2018-03-18 04:00:00+00:00,48405.0,35216.56807702732,36697.251060425755,-1480.683,13188.431922972683,13188.431922972683,False
2018-03-18 05:00:00+00:00,46821.0,36252.460358604425,39359.49868868255,-3107.0383,10568.539641395575,10568.539641395575,False
2018-03-18 06:00:00+00:00,48691.0,43857.78554902138,43262.98550019325,594.80005,4833.214450978623,4833.214450978623,False
2018-03-18 07:00:00+00:00,52677.0,47967.968597106,46550.80294769194,1417.1656,4709.031402893997,4709.031402893997,False
2018-03-18 08:00:00+00:00,56188.0,49426.41462151823,48977.19706170378,449.21756,6761.585378481766,6761.585378481766,False
2018-03-18 09:00:00+00:00,58391.0,51017.354851159485,50771.73349801007,245.62135,7373.645148840515,7373.645148840515,False
2018-03-18 10:00:00+00:00,59943.0,52387.99576015966,52199.68618984716,188.30957,7555.004239840338,7555.004239840338,False
2018-03-18 11:00:00+00:00,58696.0,51461.72521107245,52025.996329236514,-564.2711,7234.274788927549,7234.274788927549,False
2018-03-18 12:00:00+00:00,56409.0,50703.80363602849,50747.74360795232,-43.939972,5705.19636397151,5705.19636397151,False
2018-03-18 13:00:00+00:00,54809.0,49844.53389252041,49709.69345367764,134.84044,4964.466107479588,4964.466107479588,False
2018-03-18 14:00:00+00:00,54241.0,49847.74856349873,49565.93700954365,281.81155,4393.2514365012685,4393.2514365012685,False
2018-03-18 15:00:00+00:00,54397.0,51523.62688965068,51197.393735353806,326.23315,2873.373110349319,2873.373110349319,False
2018-03-18 16:00:00+00:00,56508.0,53692.78686721197,53716.36592109076,-23.579054,2815.213132788027,2815.213132788027,False
2018-03-18 17:00:00+00:00,60154.0,53356.03303662675,53436.436128057416,-80.40309,6797.966963373248,6797.966963373248,False
2018-03-18 18:00:00+00:00,61409.0,51944.53477985444,51641.73183185639,302.80295,9464.465220145561,9464.465220145561,False
2018-03-18 19:00:00+00:00,58601.0,48786.037322333585,48216.4374077828,569.5999,9814.962677666415,9814.962677666415,False
2018-03-18 20:00:00+00:00,56877.0,46356.969035582646,45764.84922357093,592.1198,10520.030964417354,10520.030964417354,False
2018-03-18 21:00:00+00:00,57048.0,44906.452762089866,44458.39181848635,448.06094,12141.547237910134,12141.547237910134,False
2018-03-18 22:00:00+00:00,54439.0,40890.73783312018,41058.80480394538,-168.06697,13548.262166879817,13548.262166879817,False
2018-03-18 23:00:00+00:00,51660.0,37706.19272880506,37914.01562004041,-207.82289,13953.807271194943,13953.807271194943,False
2018-03-19 00:00:00+00:00,50349.0,35747.392767873804,35834.17327019314,-86.7805,14601.607232126196,14601.607232126196,False
2018-03-19 01:00:00+00:00,49451.0,34796.66664146633,34704.32966636867,92.336975,14654.333358533673,14654.333358533673,False
2018-03-19 02:00:00+00:00,49616.0,34658.5429422501,34604.314457142675,54.228485,14957.457057749903,14957.457057749903,False
2018-03-19 03:00:00+00:00,50917.0,35660.49173759295,35289.55973075701,370.932,15256.50826240705,15256.50826240705,False
2018-03-19 04:00:00+00:00,55124.0,37944.86741454891,36613.80320556454,1331.0642,17179.132585451087,17179.132585451087,False
2018-03-19 05:00:00+00:00,62804.0,42638.90361702446,39276.05083382133,3362.8528,20165.096382975542,20165.096382975542,False
2018-03-19 06:00:00+00:00,68050.0,42302.551988593754,43179.537645332035,-876.98566,25747.448011406246,25747.448011406246,False
2018-03-19 07:00:00+00:00,70174.0,45769.03905279166,46467.35509283072,-698.31604,24404.96094720834,24404.96094720834,True
2018-03-19 08:00:00+00:00,70974.0,48341.53131133475,48893.74920684256,-552.2179,22632.46868866525,22632.46868866525,True
2018-03-19 09:00:00+00:00,71799.0,50826.00483565374,50688.285643148854,137.7192,20972.995164346263,20972.995164346263,True
2018-03-19 10:00:00+00:00,72233.0,52230.923561426374,52116.238334985945,114.68523,20002.076438573626,20002.076438573626,True
2018-03-19 11:00:00+00:00,71629.0,52151.19848353057,51942.5484743753,208.65001,19477.80151646943,19477.80151646943,True
2018-03-19 12:00:00+00:00,70722.0,50933.66312369657,50664.2957530911,269.36737,19788.33687630343,19788.33687630343,True
2018-03-19 13:00:00+00:00,69890.0,49314.04580023244,49626.24559881642,-312.1998,20575.954199767562,20575.954199767562,True
2018-03-19 14:00:00+00:00,69148.0,48922.15132509259,49482.48915468244,-560.3378,20225.848674907407,20225.848674907407,False
2018-03-19 15:00:00+00:00,67726.0,50647.79741247501,51113.94588049259,-466.14847,17078.20258752499,17078.20258752499,False
2018-03-19 16:00:00+00:00,68799.0,53353.23135968657,53632.91806622954,-279.6867,15445.768640313428,15445.768640313428,False
2018-03-19 17:00:00+00:00,70643.0,53357.36919408319,53352.9882731962,4.380921,17285.630805916808,17285.630805916808,True
2018-03-19 18:00:00+00:00,72285.0,51517.680198156064,51558.283976995175,-40.60378,20767.319801843936,20767.319801843936,True
2018-03-19 19:00:00+00:00,68791.0,47621.80684418135,48132.98955292159,-511.1827,21169.193155818648,21169.193155818648,False
2018-03-19 20:00:00+00:00,65059.0,44860.83947906127,45681.40136870971,-820.5619,20198.160520938727,20198.160520938727,False
2018-03-19 21:00:00+00:00,63086.0,43811.21245727748,44374.94396362513,-563.7315,19274.787542722523,19274.787542722523,False
2018-03-19 22:00:00+00:00,59570.0,40905.79418205535,40975.35694908416,-69.56277,18664.205817944647,18664.205817944647,False
2018-03-19 23:00:00+00:00,56527.0,37882.85613340429,37830.56776517919,52.28837,18644.14386659571,18644.14386659571,False
2018-03-20 00:00:00+00:00,54605.0,35787.33096037587,35750.72541533192,36.605545,18817.669039624132,18817.669039624132,False
2018-03-20 01:00:00+00:00,53775.0,34641.93488920521,34620.881811507454,21.053078,19133.065110794792,19133.065110794792,False
2018-03-20 02:00:00+00:00,53773.0,34549.30431018246,34520.86660228146,28.437708,19223.69568981754,19223.69568981754,False
2018-03-20 03:00:00+00:00,54968.0,35309.996168498335,35206.1118758958,103.88429,19658.003831501665,19658.003831501665,False
2018-03-20 04:00:00+00:00,57904.0,37190.87183019551,36530.35535070332,660.5165,20713.12816980449,20713.12816980449,False
2018-03-20 05:00:00+00:00,64263.0,40210.26728560074,39192.602978960116,1017.6643,24052.73271439926,24052.73271439926,False
2018-03-20 06:00:00+00:00,69042.0,42734.26148236535,43096.08979047082,-361.8283,26307.73851763465,26307.73851763465,False
2018-03-20 07:00:00+00:00,72238.0,45813.79682537185,46383.907237969506,-570.1104,26424.20317462815,26424.20317462815,True
2018-03-20 08:00:00+00:00,72799.0,48430.73607488174,48810.30135198135,-379.56528,24368.263925118263,24368.263925118263,True
2018-03-20 09:00:00+00:00,73804.0,50730.69075459623,50604.83778828764,125.85297,23073.30924540377,23073.30924540377,True
2018-03-20 10:00:00+00:00,74145.0,52106.55715035178,52032.79048012473,73.76667,22038.44284964822,22038.44284964822,True
2018-03-20 11:00:00+00:00,73027.0,51956.50400849113,51859.10061951408,97.40339,21070.49599150887,21070.49599150887,True
2018-03-20 12:00:00+00:00,71895.0,50679.38049100332,50580.847898229884,98.53259,21215.61950899668,21215.61950899668,True
2018-03-20 13:00:00+00:00,71127.0,49449.58398357923,49542.797743955205,-93.21376,21677.41601642077,21677.41601642077,True
2018-03-20 14:00:00+00:00,70324.0,49078.675485612235,49399.04129982122,-320.3658,21245.324514387765,21245.324514387765,True
2018-03-20 15:00:00+00:00,68980.0,50707.05051586575,51030.49802563137,-323.4475,18272.949484134253,18272.949484134253,False
2018-03-20 16:00:00+00:00,69652.0,53333.04690204215,53549.47021136832,-216.42331,16318.953097957849,16318.953097957849,True
2018-03-20 17:00:00+00:00,71411.0,53168.1270272217,53269.54041833498,-101.41339,18242.8729727783,18242.8729727783,True
2018-03-20 18:00:00+00:00,73382.0,51414.88808975481,51474.83612213396,-59.948032,21967.111910245192,21967.111910245192,True
2018-03-20 19:00:00+00:00,69483.0,47840.303004823065,48049.54169806037,-209.2387,21642.696995176935,21642.696995176935,True
2018-03-20 20:00:00+00:00,65917.0,45214.98549627037,45597.95351384849,-382.96802,20702.01450372963,20702.01450372963,False
2018-03-20 21:00:00+00:00,62930.0,44037.87493871997,44291.49610876392,-253.62117,18892.12506128003,18892.12506128003,False
2018-03-20 22:00:00+00:00,58944.0,40906.07288778679,40891.909094222945,14.163794,18037.927112213212,18037.927112213212,False
2018-03-20 23:00:00+00:00,56424.0,37785.049376565534,37747.119910317975,37.929466,18638.950623434466,18638.950623434466,False
2018-03-21 00:00:00+00:00,54430.0,35713.43078160108,35667.277560470706,46.15322,18716.569218398923,18716.569218398923,False
2018-03-21 01:00:00+00:00,53524.0,34582.416645550045,34537.43395664624,44.98269,18941.583354449955,18941.583354449955,False
2018-03-21 02:00:00+00:00,53792.0,34477.66332292073,34437.41874742024,40.244576,19314.33667707927,19314.33667707927,False
2018-03-21 03:00:00+00:00,55172.0,35164.722496528964,35122.66402103458,42.058475,20007.277503471036,20007.277503471036,False
2018-03-21 04:00:00+00:00,58259.0,36761.64336620343,36446.907495842104,314.73587,21497.356633796568,21497.356633796568,False
2018-03-21 05:00:00+00:00,63946.0,39958.54562702859,39109.1551240989,849.3905,23987.454372971413,23987.454372971413,False
2018-03-21 06:00:00+00:00,68655.0,42767.108183168195,43012.6419356096,-245.53375,25887.891816831805,25887.891816831805,False
2018-03-21 07:00:00+00:00,71119.0,45925.03900346962,46300.45938310829,-375.42038,25193.960996530383,25193.960996530383,True
2018-03-21 08:00:00+00:00,71142.0,48476.1370206797,48726.85349712013,-250.71648,22665.8629793203,22665.8629793203,True
2018-03-21 09:00:00+00:00,71537.0,50591.73665889029,50521.38993342642,70.346725,20945.263341109712,20945.263341109712,True
2018-03-21 10:00:00+00:00,72416.0,52005.76636183578,51949.34262526351,56.423737,20410.233638164224,20410.233638164224,True
2018-03-21 11:00:00+00:00,71745.0,51856.92165503372,51775.65276465286,81.26889,19888.078344966278,19888.078344966278,True
2018-03-21 12:00:00+00:00,71445.0,50538.37816607985,50497.40004336867,40.978123,20906.62183392015,20906.62183392015,True
2018-03-21 13:00:00+00:00,69648.0,49237.117345148676,49459.34988909399,-222.23254,20410.882654851324,20410.882654851324,True
2018-03-21 14:00:00+00:00,68683.0,49069.02868665922,49315.59344496,-246.56476,19613.97131334078,19613.97131334078,False
2018-03-21 15:00:00+00:00,67621.0,50719.037002435194,50947.050170770155,-228.01317,16901.962997564806,16901.962997564806,False
2018-03-21 16:00:00+00:00,68070.0,53301.45622491531,53466.02235650711,-164.56613,14768.54377508469,14768.54377508469,False
2018-03-21 17:00:00+00:00,70127.0,53225.41711028773,53186.092563473765,39.324547,16901.58288971227,16901.58288971227,True
2018-03-21 18:00:00+00:00,72107.0,51441.22991537455,51391.38826727274,49.84165,20665.770084625452,20665.770084625452,True
2018-03-21 19:00:00+00:00,68580.0,47922.70280621185,47966.09384319915,-43.391037,20657.297193788152,20657.297193788152,False
2018-03-21 20:00:00+00:00,65093.0,45258.82597148728,45514.50565898728,-255.67969,19834.174028512723,19834.174028512723,False
2018-03-21 21:00:00+00:00,62420.0,44001.95259655407,44208.0482539027,-206.09566,18418.047403445933,18418.047403445933,False
2018-03-21 22:00:00+00:00,59301.0,40787.64852383133,40808.46123936173,-20.812716,18513.351476168667,18513.351476168667,False
2018-03-21 23:00:00+00:00,56291.0,37680.79395982993,37663.67205545676,17.121904,18610.206040170073,18610.206040170073,False
2018-03-22 00:00:00+00:00,54621.0,35608.59469736974,35583.82970560949,24.764992,19012.405302630257,19012.405302630257,False
2018-03-22 01:00:00+00:00,53097.0,34500.212683358506,34453.98610178502,46.22658,18596.787316641494,18596.787316641494,False
2018-03-22 02:00:00+00:00,53580.0,34407.559729228946,34353.970892559024,53.588837,19172.440270771054,19172.440270771054,False
2018-03-22 03:00:00+00:00,54545.0,35130.45494333401,35039.21616617336,91.23878,19414.545056665993,19414.545056665993,False
2018-03-22 04:00:00+00:00,57288.0,36899.22770738714,36363.45964098089,535.76807,20388.772292612863,20388.772292612863,False
2018-03-22 05:00:00+00:00,63458.0,39907.46880488221,39025.70726923768,881.76154,23550.531195117786,23550.531195117786,False
2018-03-22 06:00:00+00:00,67996.0,42618.85231439096,42929.194080748384,-310.34177,25377.147685609038,25377.147685609038,False
2018-03-22 07:00:00+00:00,71141.0,45688.50835441895,46217.01152824707,-528.5032,25452.491645581053,25452.491645581053,True
2018-03-22 08:00:00+00:00,71905.0,48355.67193864563,48643.40564225891,-287.7337,23549.32806135437,23549.32806135437,True
2018-03-22 09:00:00+00:00,72585.0,50470.36454865798,50437.942078565204,32.42247,22114.635451342023,22114.635451342023,True
2018-03-22 10:00:00+00:00,73172.0,51914.06536747871,51865.894770402294,48.170597,21257.93463252129,21257.93463252129,True
2018-03-22 11:00:00+00:00,72915.0,51754.84480236977,51692.204909791646,62.639893,21160.15519763023,21160.15519763023,True
2018-03-22 12:00:00+00:00,72673.0,50503.3841800846,50413.95218850745,89.43199,22169.6158199154,22169.6158199154,True
2018-03-22 13:00:00+00:00,72071.0,49209.064723441756,49375.90203423277,-166.83731,22861.935276558244,22861.935276558244,True
2018-03-22 14:00:00+00:00,71367.0,48861.3842680773,49232.145590098786,-370.76132,22505.6157319227,22505.6157319227,True
2018-03-22 15:00:00+00:00,70439.0,50491.268056875735,50863.60231590894,-372.33426,19947.731943124265,19947.731943124265,True
2018-03-22 16:00:00+00:00,70343.0,53120.19217742714,53382.57450164589,-262.38232,17222.80782257286,17222.80782257286,True
2018-03-22 17:00:00+00:00,71402.0,52991.5386142522,53102.64470861255,-111.106094,18410.461385747803,18410.461385747803,True
2018-03-22 18:00:00+00:00,71821.0,51190.94634808047,51307.940412411524,-116.994064,20630.05365191953,20630.05365191953,True
2018-03-22 19:00:00+00:00,68072.0,47685.35826861137,47882.645988337936,-197.28772,20386.641731388627,20386.641731388627,False
2018-03-22 20:00:00+00:00,64137.0,45179.276309985435,45431.05780412606,-251.7815,18957.723690014565,18957.723690014565,False
2018-03-22 21:00:00+00:00,61447.0,44008.982036614725,44124.60039904148,-115.61836,17438.017963385275,17438.017963385275,False
2018-03-22 22:00:00+00:00,57729.0,40742.13528887368,40725.01338450051,17.121904,16986.86471112632,16986.86471112632,False
2018-03-22 23:00:00+00:00,54243.0,37597.34610496871,37580.22420059554,17.121904,16645.65389503129,16645.65389503129,False
2018-03-23 00:00:00+00:00,51780.0,35520.674356012554,35500.38185074827,20.292505,16259.325643987446,16259.325643987446,False
2018-03-23 01:00:00+00:00,50877.0,34396.326958471655,34370.5382469238,25.788712,16480.673041528345,16480.673041528345,False
2018-03-23 02:00:00+00:00,51094.0,34283.76770665838,34270.52303769781,13.244669,16810.23229334162,16810.23229334162,False
2018-03-23 03:00:00+00:00,52407.0,34962.89278822178,34955.768311312146,7.124477,17444.107211778217,17444.107211778217,False
2018-03-23 04:00:00+00:00,55735.0,36353.18578209135,36280.01178611967,73.173996,19381.81421790865,19381.81421790865,False
2018-03-23 05:00:00+00:00,62253.0,39381.7419278042,38942.259414376465,439.4825,22871.2580721958,22871.2580721958,False
2018-03-23 06:00:00+00:00,67184.0,42705.51081328951,42845.74622588717,-140.23541,24478.48918671049,24478.48918671049,False
2018-03-23 07:00:00+00:00,69768.0,45901.833219894645,46133.563673385856,-231.73045,23866.166780105355,23866.166780105355,True
2018-03-23 08:00:00+00:00,70159.0,48333.35375297387,48559.957787397696,-226.60403,21825.646247026132,21825.646247026132,True
2018-03-23 09:00:00+00:00,71458.0,50207.899359812385,50354.49422370399,-146.59486,21250.100640187615,21250.100640187615,True
2018-03-23 10:00:00+00:00,72480.0,51605.41143885651,51782.44691554108,-177.03548,20874.588561143493,20874.588561143493,True
2018-03-23 11:00:00+00:00,71717.0,51398.39853442262,51608.75705493043,-210.35852,20318.601465577383,20318.601465577383,True
2018-03-23 12:00:00+00:00,70338.0,50146.73356643432,50330.50433364623,-183.77077,20191.26643356568,20191.26643356568,True
2018-03-23 13:00:00+00:00,68988.0,49180.35630186911,49292.454179371554,-112.09788,19807.643698130887,19807.643698130887,False
2018-03-23 14:00:00+00:00,67558.0,48996.12756006667,49148.69773523757,-152.57018,18561.87243993333,18561.87243993333,False
2018-03-23 15:00:00+00:00,66655.0,50568.169872424674,50780.15446104772,-211.98459,16086.830127575326,16086.830127575326,False
2018-03-23 16:00:00+00:00,66874.0,53140.64346197022,53299.12664678467,-158.48318,13733.35653802978,13733.35653802978,False
2018-03-23 17:00:00+00:00,67598.0,52960.552078360706,53019.19685375133,-58.644775,14637.447921639294,14637.447921639294,False
2018-03-23 18:00:00+00:00,68721.0,51179.67475130641,51224.49255755031,-44.817806,17541.32524869359,17541.32524869359,False
2018-03-23 19:00:00+00:00,65178.0,47732.20542717789,47799.19813347672,-66.99271,17445.79457282211,17445.79457282211,False
2018-03-23 20:00:00+00:00,61482.0,45326.45784202607,45347.60994926484,-21.152107,16155.542157973927,16155.542157973927,False
2018-03-23 21:00:00+00:00,59307.0,44105.20874992978,44041.152544180266,64.056206,15201.791250070222,15201.791250070222,False
2018-03-23 22:00:00+00:00,55757.0,40706.95302658754,40641.565529639294,65.3875,15050.046973412464,15050.046973412464,False
2018-03-23 23:00:00+00:00,52502.0,37450.186250214305,37496.776345734324,-46.590096,15051.813749785695,15051.813749785695,False
2018-03-24 00:00:00+00:00,50002.0,35320.86609427573,35416.933995887055,-96.0679,14681.133905724273,14681.133905724273,False
2018-03-24 01:00:00+00:00,48687.0,34145.9431905245,34287.090392062586,-141.1472,14541.0568094755,14541.0568094755,False
2018-03-24 02:00:00+00:00,48355.0,33887.124255102215,34187.07518283659,-299.95093,14467.875744897785,14467.875744897785,False
2018-03-24 03:00:00+00:00,48731.0,34361.02220815991,34872.32045645093,-511.29825,14369.977791840087,14369.977791840087,False
2018-03-24 04:00:00+00:00,48877.0,34348.08370664908,36196.56393125845,-1848.4802,14528.916293350921,14528.916293350921,False
2018-03-24 05:00:00+00:00,48374.0,35384.74320014025,38858.81155951525,-3474.0684,12989.256799859751,12989.256799859751,False
2018-03-24 06:00:00+00:00,51258.0,43321.56332463923,42762.29837102595,559.26495,7936.436675360768,7936.436675360768,False
2018-03-24 07:00:00+00:00,55253.0,47207.50546696214,46050.11581852464,1157.3896,8045.494533037861,8045.494533037861,False
2018-03-24 08:00:00+00:00,56828.0,49371.05467130601,48476.50993253648,894.54474,7456.94532869399,7456.94532869399,False
2018-03-24 09:00:00+00:00,57767.0,49642.40690351074,50271.04636884277,-628.63947,8124.593096489261,8124.593096489261,False
2018-03-24 10:00:00+00:00,59069.0,51571.56662659783,51698.99906067986,-127.432434,7497.433373402171,7497.433373402171,False
2018-03-24 11:00:00+00:00,57841.0,51405.267818233275,51525.30920006921,-120.04138,6435.732181766725,6435.732181766725,False
2018-03-24 12:00:00+00:00,55549.0,49867.03578786705,50247.056478785016,-380.0207,5681.9642121329525,5681.9642121329525,False
2018-03-24 13:00:00+00:00,53405.0,49227.79683850265,49209.00632451034,18.790514,4177.203161497353,4177.203161497353,False
2018-03-24 14:00:00+00:00,52401.0,49308.6489434867,49065.24988037635,243.39906,3092.3510565132965,3092.3510565132965,False
2018-03-24 15:00:00+00:00,52365.0,51265.33734349119,50696.706606186504,568.63074,1099.6626565088081,1099.6626565088081,False
2018-03-24 16:00:00+00:00,53818.0,53689.311146659784,53215.678791923456,473.63235,128.68885334021616,128.68885334021616,False
2018-03-24 17:00:00+00:00,56569.0,52923.00160909672,52935.748998890114,-12.74739,3645.9983909032817,3645.9983909032817,False
2018-03-24 18:00:00+00:00,58720.0,51227.32613579456,51141.04470268909,86.28143,7492.673864205441,7492.673864205441,False
2018-03-24 19:00:00+00:00,55452.0,48045.03107085183,47715.7502786155,329.2808,7406.96892914817,7406.96892914817,False
2018-03-24 20:00:00+00:00,52562.0,46014.68858366144,45264.162094403626,750.5265,6547.311416338562,6547.311416338562,False
2018-03-24 21:00:00+00:00,51616.0,44647.16593199483,43957.70468931905,689.46124,6968.83406800517,6968.83406800517,False
2018-03-24 22:00:00+00:00,48471.0,40693.735075901124,40558.11767477808,135.6174,7777.264924098876,7777.264924098876,False
2018-03-24 23:00:00+00:00,45799.0,37323.43992580963,37413.32849087311,-89.888565,8475.560074190369,8475.560074190369,False
2018-03-25 00:00:00+00:00,41315.0,35289.306724369344,35333.48614102584,-44.179417,6025.693275630656,6025.693275630656,False
2018-03-25 01:00:00+00:00,43574.0,34176.817893112624,34203.64253720137,-26.824644,9397.182106887376,9397.182106887376,False
2018-03-25 02:00:00+00:00,43086.0,33847.825219210725,34103.62732797537,-255.80211,9238.174780789275,9238.174780789275,False
2018-03-25 03:00:00+00:00,42386.0,34461.30717190221,34788.87260158971,-327.56543,7924.692828097788,7924.692828097788,False
2018-03-25 04:00:00+00:00,42144.0,34955.67125217849,36113.11607639724,-1157.4448,7188.328747821513,7188.328747821513,False
2018-03-25 05:00:00+00:00,42848.0,36017.01214215403,38775.36370465403,-2758.3516,6830.987857845968,6830.987857845968,False
2018-03-25 06:00:00+00:00,45308.0,43084.89641460223,42678.85051616473,406.0459,2223.1035853977664,2223.1035853977664,False
2018-03-25 07:00:00+00:00,48241.0,46685.99663797983,45966.66796366342,719.3287,1555.003362020172,1555.003362020172,False
2018-03-25 08:00:00+00:00,50289.0,48919.50854984323,48393.06207767526,526.4465,1369.4914501567691,1369.4914501567691,False
2018-03-25 09:00:00+00:00,51967.0,50327.868991276475,50187.59851398155,140.27048,1639.1310087235252,1639.1310087235252,False
2018-03-25 10:00:00+00:00,51313.0,51737.56123084306,51615.55120581864,122.010025,-424.5612308430573,424.5612308430573,False
2018-03-25 11:00:00+00:00,49535.0,50876.79878417284,51441.861345207995,-565.06256,-1341.798784172839,1341.798784172839,False
2018-03-25 12:00:00+00:00,47998.0,49978.693645896456,50163.6086239238,-184.91498,-1980.6936458964556,1980.6936458964556,False
2018-03-25 13:00:00+00:00,47495.0,49370.013975020214,49125.55846964912,244.4555,-1875.0139750202143,1875.0139750202143,False
2018-03-25 14:00:00+00:00,46885.0,49299.201134401854,48981.802025515135,317.3991,-2414.201134401854,2414.201134401854,False
2018-03-25 15:00:00+00:00,48499.0,51261.452476911225,50613.25875132529,648.1937,-2762.452476911225,2762.452476911225,False
2018-03-25 16:00:00+00:00,51284.0,53619.43824297044,53132.23093706224,487.2073,-2335.438242970442,2335.438242970442,False
2018-03-25 17:00:00+00:00,53790.0,52873.16571464657,52852.3011440289,20.86457,916.8342853534268,916.8342853534268,False
2018-03-25 18:00:00+00:00,55050.0,51614.014450366936,51057.596847827874,556.4176,3435.985549633064,3435.985549633064,False
2018-03-25 19:00:00+00:00,53642.0,48509.5925848871,47632.302423754285,877.29016,5132.4074151129025,5132.4074151129025,False
2018-03-25 20:00:00+00:00,53810.0,45958.65723270647,45180.71423954241,777.943,7851.342767293529,7851.342767293529,False
2018-03-25 21:00:00+00:00,50716.0,43872.998504827934,43874.25683445783,-1.2583296,6843.001495172066,6843.001495172066,False
2018-03-25 22:00:00+00:00,47069.0,40511.99431332506,40474.66981991686,37.324493,6557.005686674936,6557.005686674936,False
2018-03-25 23:00:00+00:00,45375.0,37449.722524439625,37329.88063601189,119.84189,7925.277475560375,7925.277475560375,False
2018-03-26 00:00:00+00:00,44163.0,35290.860059693674,35250.03828616462,40.821774,8872.139940306326,8872.139940306326,False
2018-03-26 01:00:00+00:00,44739.0,34234.722857694156,34120.19468234015,114.528175,10504.277142305844,10504.277142305844,False
2018-03-26 02:00:00+00:00,46444.0,34198.36653060927,34020.179473114156,178.18706,12245.633469390727,12245.633469390727,False
2018-03-26 03:00:00+00:00,50801.0,35650.88067934568,34705.424746728495,945.45593,15150.119320654318,15150.119320654318,False
2018-03-26 04:00:00+00:00,58917.0,38598.271981301645,36029.66822153602,2568.6038,20318.728018698355,20318.728018698355,False
2018-03-26 05:00:00+00:00,64787.0,38269.60591326938,38691.915849792815,-422.30994,26517.394086730623,26517.394086730623,False
2018-03-26 06:00:00+00:00,67968.0,41634.64753435039,42595.40266130352,-960.7551,26333.35246564961,26333.35246564961,False
2018-03-26 07:00:00+00:00,69274.0,45028.319718177205,45883.220108802205,-854.9004,24245.680281822795,24245.680281822795,False
2018-03-26 08:00:00+00:00,70298.0,48439.029582311116,48309.614222814045,129.41536,21858.970417688884,21858.970417688884,True
2018-03-26 09:00:00+00:00,70871.0,50221.71422723557,50104.150659120336,117.56357,20649.28577276443,20649.28577276443,True
2018-03-26 10:00:00+00:00,70347.0,51684.5572083793,51532.103350957426,152.45386,18662.4427916207,18662.4427916207,True
2018-03-26 11:00:00+00:00,68862.0,51598.0690079249,51358.41349034678,239.65552,17263.930992075097,17263.930992075097,False
2018-03-26 12:00:00+00:00,68100.0,50087.248479919974,50080.16076906258,7.087711,18012.751520080026,18012.751520080026,False
2018-03-26 13:00:00+00:00,66387.0,48664.15132523712,49042.1106147879,-377.9593,17722.848674762878,17722.848674762878,False
2018-03-26 14:00:00+00:00,64986.0,48397.969466064074,48898.35417065392,-500.3847,16588.030533935926,16588.030533935926,False
2018-03-26 15:00:00+00:00,64745.0,50096.87937790938,50529.81089646407,-432.93152,14648.120622090617,14648.120622090617,False
2018-03-26 16:00:00+00:00,65536.0,52715.75946159555,53048.78308220102,-333.02362,12820.240538404447,12820.240538404447,False
2018-03-26 17:00:00+00:00,66478.0,52612.67280821065,52768.85328916768,-156.18048,13865.32719178935,13865.32719178935,False
2018-03-26 18:00:00+00:00,65936.0,50768.5578369608,50974.14899296666,-205.59116,15167.442163039203,15167.442163039203,False
2018-03-26 19:00:00+00:00,62534.0,47059.098282271974,47548.85456889307,-489.7563,15474.901717728026,15474.901717728026,False
2018-03-26 20:00:00+00:00,59628.0,44333.50893839213,45097.26638468119,-763.75745,15294.49106160787,15294.49106160787,False
2018-03-26 21:00:00+00:00,55573.0,43321.979878034115,43790.808979596615,-468.8291,12251.020121965885,12251.020121965885,False
2018-03-26 22:00:00+00:00,51239.0,40481.949404936015,40391.22196505564,90.72744,10757.050595063985,10757.050595063985,False
2018-03-26 23:00:00+00:00,49011.0,37282.43235390458,37246.432781150674,35.999573,11728.56764609542,11728.56764609542,False
2018-03-27 00:00:00+00:00,48005.0,35178.29082498016,35166.590431303404,11.700394,12826.709175019838,12826.709175019838,False
2018-03-27 01:00:00+00:00,48513.0,34086.50864159637,34036.746827478935,49.761814,14426.491358403633,14426.491358403633,False
2018-03-27 02:00:00+00:00,49992.0,33987.036073056406,33936.73161825294,50.304455,16004.963926943594,16004.963926943594,False
2018-03-27 03:00:00+00:00,53544.0,34875.218133322356,34621.97689186728,253.24124,18668.781866677644,18668.781866677644,False
2018-03-27 04:00:00+00:00,60615.0,36740.752715307615,35946.2203666748,794.53235,23874.247284692385,23874.247284692385,False
2018-03-27 05:00:00+00:00,65720.0,38353.022545102496,38608.4679949316,-255.44545,27366.977454897504,27366.977454897504,False
2018-03-27 06:00:00+00:00,67783.0,42020.99209892277,42511.9548064423,-490.9627,25762.00790107723,25762.00790107723,False
2018-03-27 07:00:00+00:00,67621.0,45381.801123569894,45799.77225394099,-417.97113,22239.198876430106,22239.198876430106,False
2018-03-27 08:00:00+00:00,68335.0,48300.09453720332,48226.16636795283,73.92817,20034.905462796683,20034.905462796683,False
2018-03-27 09:00:00+00:00,68739.0,50072.58441512948,50020.70280425912,51.88161,18666.41558487052,18666.41558487052,False
2018-03-27 10:00:00+00:00,68272.0,51530.58725879152,51448.65549609621,81.93176,16741.412741208478,16741.412741208478,False
2018-03-27 11:00:00+00:00,67815.0,51396.29453105441,51274.96563548556,121.328896,16418.70546894559,16418.70546894559,False
2018-03-27 12:00:00+00:00,66579.0,50041.307083818065,49996.712914201365,44.59417,16537.692916181935,16537.692916181935,False
2018-03-27 13:00:00+00:00,65713.0,48776.25951590813,48958.66275992669,-182.40324,16936.740484091868,16936.740484091868,False
2018-03-27 14:00:00+00:00,64595.0,48566.26260851731,48814.9063157927,-248.6437,16028.73739148269,16028.73739148269,False
2018-03-27 15:00:00+00:00,64224.0,50203.57500144172,50446.36304160285,-242.78804,14020.42499855828,14020.42499855828,False
2018-03-27 16:00:00+00:00,64515.0,52783.97837004,52965.335227339805,-181.35686,11731.02162996,11731.02162996,False
2018-03-27 17:00:00+00:00,65708.0,52628.250282939276,52685.40543430646,-57.15515,13079.749717060724,13079.749717060724,False
2018-03-27 18:00:00+00:00,65486.0,50841.954826917696,50890.70113810544,-48.74631,14644.045173082304,14644.045173082304,False
2018-03-27 19:00:00+00:00,61892.0,47253.979727337515,47465.40671403185,-211.42699,14638.020272662485,14638.020272662485,False
2018-03-27 20:00:00+00:00,59099.0,44631.861834263334,45013.818529819975,-381.9567,14467.138165736666,14467.138165736666,False
2018-03-27 21:00:00+00:00,54926.0,43520.47374985747,43707.3611247354,-186.88737,11405.526250142531,11405.526250142531,False
2018-03-27 22:00:00+00:00,51460.0,40432.269021388274,40307.77411019443,124.49491,11027.730978611726,11027.730978611726,False
2018-03-27 23:00:00+00:00,49212.0,37238.180841511625,37162.98492628946,75.195915,11973.819158488375,11973.819158488375,False
2018-03-28 00:00:00+00:00,48423.0,35135.49851821465,35083.14257644219,52.35594,13287.501481785352,13287.501481785352,False
2018-03-28 01:00:00+00:00,48631.0,34029.53328658256,33953.29897261772,76.234314,14601.466713417438,14601.466713417438,False
2018-03-28 02:00:00+00:00,50035.0,33940.559428674926,33853.28376339172,87.275665,16094.440571325074,16094.440571325074,False
2018-03-28 03:00:00+00:00,52870.0,35009.50865126387,34538.52903700606,470.9796,17860.491348736126,17860.491348736126,False
2018-03-28 04:00:00+00:00,60052.0,37045.917043063586,35862.772511813586,1183.1445,23006.082956936414,23006.082956936414,False
2018-03-28 05:00:00+00:00,65420.0,38364.13455047077,38525.02014007038,-160.88559,27055.86544952923,27055.86544952923,False
2018-03-28 06:00:00+00:00,68329.0,41985.14455534085,42428.50695158108,-443.3624,26343.85544465915,26343.85544465915,False
2018-03-28 07:00:00+00:00,69805.0,45247.16528042743,45716.32439907977,-469.15912,24557.834719572573,24557.834719572573,True
2018-03-28 08:00:00+00:00,71072.0,48148.03330190997,48142.71851309161,5.314789,22923.96669809003,22923.96669809003,True
2018-03-28 09:00:00+00:00,71944.0,50015.81880743013,49937.2549493979,78.56386,21928.18119256987,21928.18119256987,True
2018-03-28 10:00:00+00:00,71530.0,51463.17743646204,51365.20764123499,97.969795,20066.822563537957,20066.822563537957,True
2018-03-28 11:00:00+00:00,71211.0,51322.65687974544,51191.517780624345,131.1391,19888.34312025456,19888.34312025456,True
2018-03-28 12:00:00+00:00,70037.0,49887.191304075866,49913.26505934015,-26.073755,20149.808695924134,20149.808695924134,True
2018-03-28 13:00:00+00:00,69262.0,48548.71560696977,48875.21490506547,-326.4993,20713.284393030233,20713.284393030233,False
2018-03-28 14:00:00+00:00,67497.0,48365.24041283578,48731.458460931484,-366.21805,19131.75958716422,19131.75958716422,False
2018-03-28 15:00:00+00:00,66970.0,50081.78643307953,50362.91518674164,-281.12875,16888.213566920473,16888.213566920473,False
2018-03-28 16:00:00+00:00,67505.0,52692.48641727839,52881.88737247859,-189.40096,14812.513582721607,14812.513582721607,False
2018-03-28 17:00:00+00:00,68099.0,52471.47625620306,52601.95757944525,-130.48132,15627.52374379694,15627.52374379694,False
2018-03-28 18:00:00+00:00,66946.0,50615.602373820395,50807.25328324422,-191.65091,16330.397626179605,16330.397626179605,False
2018-03-28 19:00:00+00:00,63124.0,47121.52700492259,47381.958859170634,-260.43185,16002.472995077413,16002.472995077413,False
2018-03-28 20:00:00+00:00,60550.0,44619.41706167751,44930.37067495876,-310.9536,15930.582938322492,15930.582938322492,False
2018-03-28 21:00:00+00:00,56904.0,43400.354142066564,43623.91326987418,-223.55913,13503.645857933436,13503.645857933436,False
2018-03-28 22:00:00+00:00,53650.0,40249.1668791888,40224.32625533321,24.840624,13400.8331208112,13400.8331208112,False
2018-03-28 23:00:00+00:00,51367.0,37133.89865513796,37079.53707142824,54.361584,14233.101344862043,14233.101344862043,False
2018-03-29 00:00:00+00:00,50753.0,35037.389065147865,34999.69472158097,37.694344,15715.610934852135,15715.610934852135,False
2018-03-29 01:00:00+00:00,51361.0,33911.22398534073,33869.8511177565,41.372868,17449.77601465927,17449.77601465927,False
2018-03-29 02:00:00+00:00,52469.0,33850.66905367211,33769.835908530506,80.833145,18618.330946327893,18618.330946327893,False
2018-03-29 03:00:00+00:00,54990.0,34632.57735218879,34455.081182144844,177.49617,20357.42264781121,20357.42264781121,False
2018-03-29 04:00:00+00:00,61029.0,36511.961619842994,35779.32465695237,732.63696,24517.038380157006,24517.038380157006,False
2018-03-29 05:00:00+00:00,66455.0,38335.994938407406,38441.572285209164,-105.57735,28119.005061592594,28119.005061592594,False
2018-03-29 06:00:00+00:00,68979.0,41712.065444376116,42345.059096719866,-632.99365,27266.934555623884,27266.934555623884,False
2018-03-29 07:00:00+00:00,69625.0,45144.63389895488,45632.876544218554,-488.24265,24480.366101045118,24480.366101045118,True
2018-03-29 08:00:00+00:00,70240.0,48048.326121067614,48059.270658230394,-10.944537,22191.673878932386,22191.673878932386,True
2018-03-29 09:00:00+00:00,70549.0,49894.82098384943,49853.807094536685,41.01389,20654.17901615057,20654.17901615057,True
2018-03-29 10:00:00+00:00,69828.0,51344.53661132495,51281.759786373776,62.776825,18483.463388675053,18483.463388675053,True
2018-03-29 11:00:00+00:00,68904.0,51167.10656211567,51108.06992576313,59.036636,17736.893437884333,17736.893437884333,False
2018-03-29 12:00:00+00:00,66511.0,49690.18088245745,49829.81720447893,-139.63632,16820.819117542553,16820.819117542553,False
2018-03-29 13:00:00+00:00,65046.0,48529.57735293863,48791.76705020425,-262.1897,16516.422647061372,16516.422647061372,False
2018-03-29 14:00:00+00:00,63162.0,48370.25468566011,48648.01060607027,-277.75592,14791.745314339889,14791.745314339889,False
2018-03-29 15:00:00+00:00,62933.0,50032.651642793506,50279.46733188042,-246.81569,12900.348357206494,12900.348357206494,False
2018-03-29 16:00:00+00:00,62396.0,52632.928043007996,52798.43951761737,-165.51147,9763.071956992004,9763.071956992004,False
2018-03-29 17:00:00+00:00,63058.0,52489.47340103667,52518.50972458403,-29.036324,10568.526598963334,10568.526598963334,False
2018-03-29 18:00:00+00:00,62886.0,50712.42643439497,50723.805428383006,-11.378994,12173.573565605031,12173.573565605031,False
2018-03-29 19:00:00+00:00,59327.0,47255.92038617587,47298.51100430942,-42.59062,12071.079613824128,12071.079613824128,False
2018-03-29 20:00:00+00:00,56276.0,44766.86071682606,44846.92282009754,-80.0621,11509.139283173943,11509.139283173943,False
2018-03-29 21:00:00+00:00,52423.0,43579.91762067092,43540.465415012965,39.452206,8843.082379329077,8843.082379329077,False
2018-03-29 22:00:00+00:00,48741.0,40202.67260136921,40140.87840047199,61.7942,8538.32739863079,8538.32739863079,False
2018-03-29 23:00:00+00:00,46425.0,36975.001253462775,36996.08921656702,-21.087963,9449.998746537225,9449.998746537225,False
2018-03-30 00:00:00+00:00,44871.0,34813.7218270469,34916.24686671975,-102.52504,10057.278172953098,10057.278172953098,False
2018-03-30 01:00:00+00:00,44652.0,33550.76813105935,33786.403262895285,-235.63513,11101.231868940653,11101.231868940653,False
2018-03-30 02:00:00+00:00,45210.0,33223.656669391945,33686.38805366929,-462.73138,11986.343330608055,11986.343330608055,False
2018-03-30 03:00:00+00:00,44277.0,32484.648952283627,34371.63332728363,-1886.9844,11792.351047716373,11792.351047716373,False
2018-03-30 04:00:00+00:00,43048.0,31948.870454434902,35695.87680209115,-3747.0063,11099.129545565098,11099.129545565098,False
2018-03-30 05:00:00+00:00,43564.0,38900.91196696904,38358.12443034795,542.78754,4663.088033030959,4663.088033030959,False
2018-03-30 06:00:00+00:00,47004.0,43642.10526041334,42261.61124185865,1380.494,3361.8947395866635,3361.8947395866635,False
2018-03-30 07:00:00+00:00,49658.0,46558.80472695499,45549.42868935734,1009.37604,3099.1952730450066,3099.1952730450066,False
2018-03-30 08:00:00+00:00,51697.0,47672.19520937504,47975.82280336918,-303.6276,4024.804790624963,4024.804790624963,False
2018-03-30 09:00:00+00:00,52925.0,49815.30854234881,49770.35923967547,44.949303,3109.6914576511917,3109.6914576511917,False
2018-03-30 10:00:00+00:00,53770.0,51002.160289666856,51198.31193151256,-196.15164,2767.8397103331445,2767.8397103331445,False
2018-03-30 11:00:00+00:00,51584.0,50639.191498392145,51024.62207090191,-385.43057,944.8085016078549,944.8085016078549,False
2018-03-30 12:00:00+00:00,49771.0,49810.54059137797,49746.369349617715,64.17124,-39.54059137796867,39.54059137796867,False
2018-03-30 13:00:00+00:00,48839.0,48912.44166238405,48708.319195343036,204.12247,-73.4416623840516,73.4416623840516,False
2018-03-30 14:00:00+00:00,48546.0,49037.17246190241,48564.56275120905,472.6097,-491.17246190240985,491.17246190240985,False
2018-03-30 15:00:00+00:00,49856.0,50783.332282194984,50196.0194770192,587.3128,-927.3322821949841,927.3322821949841,False
2018-03-30 16:00:00+00:00,51075.0,52938.54311539287,52714.991662756154,223.55145,-1863.543115392873,1863.543115392873,False
2018-03-30 17:00:00+00:00,51708.0,52403.30032644889,52435.06186972281,-31.761543,-695.3003264488871,695.3003264488871,False
2018-03-30 18:00:00+00:00,52638.0,51179.83309842413,50640.35757352179,539.4755,1458.166901575867,1458.166901575867,False
2018-03-30 19:00:00+00:00,50962.0,48146.28049563961,47215.0631494482,931.21735,2815.7195043603933,2815.7195043603933,False
2018-03-30 20:00:00+00:00,50103.0,45392.8633929707,44763.474965236324,629.3884,4710.136607029301,4710.136607029301,False
2018-03-30 21:00:00+00:00,47269.0,43549.761243013076,43457.01756015175,92.74368,3719.2387569869243,3719.2387569869243,False
2018-03-30 22:00:00+00:00,44249.0,40015.467487139096,40057.430545610776,-41.96306,4233.532512860904,4233.532512860904,False
2018-03-30 23:00:00+00:00,42273.0,36857.308830730464,36912.641361705806,-55.33253,5415.691169269536,5415.691169269536,False
2018-03-31 00:00:00+00:00,41239.0,34759.77305665834,34832.79901185854,-73.025955,6479.226943341659,6479.226943341659,False
2018-03-31 01:00:00+00:00,41192.0,33594.999986586314,33702.95540803407,-107.95542,7597.000013413686,7597.000013413686,False
2018-03-31 02:00:00+00:00,42238.0,33421.295133500455,33602.94019880807,-181.64507,8816.704866499545,8816.704866499545,False
2018-03-31 03:00:00+00:00,42821.0,34002.3455066021,34288.18547242241,-285.83997,8818.654493397902,8818.654493397902,False
2018-03-31 04:00:00+00:00,43506.0,34167.77086617525,35612.428947229935,-1444.6581,9338.229133824752,9338.229133824752,False
2018-03-31 05:00:00+00:00,45592.0,37996.39209062345,38274.67657548673,-278.2845,7595.607909376551,7595.607909376551,False
2018-03-31 06:00:00+00:00,49447.0,43139.74914139196,42178.16338699743,961.58575,6307.250858608037,6307.250858608037,False
2018-03-31 07:00:00+00:00,52261.0,46382.172179710964,45465.98083449612,916.19135,5878.827820289036,5878.827820289036,False
2018-03-31 08:00:00+00:00,53945.0,47962.72524452847,47892.37494850796,70.350296,5982.2747554715315,5982.2747554715315,False
2018-03-31 09:00:00+00:00,54484.0,49868.17719291972,49686.91138481425,181.26581,4615.82280708028,4615.82280708028,False
2018-03-31 10:00:00+00:00,53532.0,51397.418214834935,51114.86407665134,282.55414,2134.5817851650645,2134.5817851650645,False
2018-03-31 11:00:00+00:00,52782.0,50844.94488407048,50941.174216040694,-96.22933,1937.055115929521,1937.055115929521,False
2018-03-31 12:00:00+00:00,52027.0,49798.36674622134,49662.9214947565,135.44525,2228.6332537786584,2228.6332537786584,False
2018-03-31 13:00:00+00:00,51063.0,48796.59678909022,48624.87134048182,171.72545,2266.4032109097825,2266.4032109097825,False
2018-03-31 14:00:00+00:00,50353.0,48825.65438609393,48481.11489634783,344.5395,1527.3456139060727,1527.3456139060727,False
2018-03-31 15:00:00+00:00,51116.0,50312.67359664529,50112.571622157986,200.10197,803.3264033547093,803.3264033547093,False
2018-03-31 16:00:00+00:00,52140.0,52557.44500723576,52631.54380789494,-74.0988,-417.44500723575766,417.44500723575766,False
2018-03-31 17:00:00+00:00,52534.0,52333.15140080215,52351.614014861596,-18.462614,200.8485991978523,200.8485991978523,False
2018-03-31 18:00:00+00:00,51777.0,50700.75462832854,50556.90971866057,143.84491,1076.245371671459,1076.245371671459,False
2018-03-31 19:00:00+00:00,49778.0,47693.45049966511,47131.61529458698,561.8352,2084.5495003348915,2084.5495003348915,False
2018-03-31 20:00:00+00:00,48949.0,45249.80750588292,44680.02711037511,569.7804,3699.19249411708,3699.19249411708,False
2018-03-31 21:00:00+00:00,45711.0,43560.68756417725,43373.56970529053,187.11786,2150.3124358227506,2150.3124358227506,False
2018-03-31 22:00:00+00:00,42323.0,39904.53475373784,39973.98269074956,-69.44794,2418.46524626216,2418.46524626216,False
2018-03-31 23:00:00+00:00,40224.0,36770.128779061386,36829.19350684459,-59.064728,3453.871220938614,3453.871220938614,False
2018-04-01 00:00:00+00:00,38965.0,34629.9107578274,34749.35115699732,-119.4404,4335.089242172602,4335.089242172602,False
2018-04-01 01:00:00+00:00,39098.0,33422.27297980859,33619.50755317285,-197.23457,5675.727020191407,5675.727020191407,False
2018-04-01 02:00:00+00:00,39534.0,33176.80209736482,33519.492343946855,-342.69025,6357.197902635176,6357.197902635176,False
2018-04-01 03:00:00+00:00,39426.0,33129.86103064713,34204.73761756119,-1074.8766,6296.138969352869,6296.138969352869,False
2018-04-01 04:00:00+00:00,39173.0,33068.66566268122,35528.98109236872,-2460.3154,6104.334337318782,6104.334337318782,False
2018-04-01 05:00:00+00:00,40364.0,37948.121100386255,38191.22872062551,-243.10762,2415.8788996137446,2415.8788996137446,False
2018-04-01 06:00:00+00:00,44240.0,42965.76887686278,42094.715532136215,871.05334,1274.2311231372223,1274.2311231372223,False
2018-04-01 07:00:00+00:00,47466.0,46539.15736928334,45382.5329796349,1156.6244,926.8426307166592,926.8426307166592,False
2018-04-01 08:00:00+00:00,49517.0,48075.079925677994,47808.927093646744,266.15283,1441.9200743220063,1441.9200743220063,False
2018-04-01 09:00:00+00:00,51480.0,50124.1799606171,49603.463529953035,520.71643,1355.820039382903,1355.820039382903,False
2018-04-01 10:00:00+00:00,50065.0,51204.282768420984,51031.416221790125,172.86655,-1139.2827684209842,1139.2827684209842,False
2018-04-01 11:00:00+00:00,47881.0,50415.07511606229,50857.72636117948,-442.65125,-2534.0751160622895,2534.0751160622895,False
2018-04-01 12:00:00+00:00,46540.0,49773.624961306414,49579.47363989528,194.15132,-3233.6249613064138,3233.6249613064138,False
2018-04-01 13:00:00+00:00,45572.0,48777.96123586474,48541.4234856206,236.53775,-3205.961235864743,3205.961235864743,False
2018-04-01 14:00:00+00:00,45103.0,48735.698627179976,48397.66704148662,338.0316,-3632.698627179976,3632.698627179976,False
2018-04-01 15:00:00+00:00,45956.0,50534.99455587099,50029.12376729677,505.8708,-4578.994555870988,4578.994555870988,False
2018-04-01 16:00:00+00:00,47259.0,52928.1135616763,52548.09595303372,380.0176,-5669.113561676299,5669.113561676299,False
2018-04-01 17:00:00+00:00,47927.0,52479.88634432655,52268.16616000038,211.72018,-4552.886344326551,4552.886344326551,False
2018-04-01 18:00:00+00:00,48732.0,50945.3602402642,50473.461863799355,471.89838,-2213.360240264199,2213.360240264199,False
2018-04-01 19:00:00+00:00,47592.0,47815.81221511639,47048.16743972577,767.6448,-223.8122151163916,223.8122151163916,False
2018-04-01 20:00:00+00:00,46995.0,44902.97732680295,44596.57925551389,306.39807,2092.022673197047,2092.022673197047,False
2018-04-01 21:00:00+00:00,44599.0,43302.314217983025,43290.121850429314,12.192368,1296.6857820169753,1296.6857820169753,False
2018-04-01 22:00:00+00:00,41849.0,39970.991401745276,39890.53483588834,80.456566,1878.0085982547243,1878.0085982547243,False
2018-04-01 23:00:00+00:00,39970.0,36839.86807324802,36745.74565198337,94.12242,3130.1319267519793,3130.1319267519793,False
2018-04-02 00:00:00+00:00,39286.0,34703.6233148009,34665.9033021361,37.720013,4582.376685199102,4582.376685199102,False
2018-04-02 01:00:00+00:00,39632.0,33642.97176191027,33536.059698311634,106.91206,5989.028238089733,5989.028238089733,False
2018-04-02 02:00:00+00:00,40013.0,33633.81550043818,33436.04448908564,197.77101,6379.184499561823,6379.184499561823,False
2018-04-02 03:00:00+00:00,40423.0,34270.03939648904,34121.28976269998,148.74963,6152.960603510961,6152.960603510961,False
2018-04-02 04:00:00+00:00,39796.0,34587.014804890314,35445.5332375075,-858.51843,5208.985195109686,5208.985195109686,False
2018-04-02 05:00:00+00:00,40457.0,38251.931592082656,38107.780865764296,144.15073,2205.0684079173443,2205.0684079173443,False
2018-04-02 06:00:00+00:00,43326.0,42882.74796291953,42011.267677275,871.4803,443.2520370804705,443.2520370804705,False
2018-04-02 07:00:00+00:00,46635.0,46007.024272722905,45299.08512477369,707.93915,627.9757272770948,627.9757272770948,False
2018-04-02 08:00:00+00:00,47903.0,47785.43695286634,47725.47923878553,59.957714,117.56304713366262,117.56304713366262,False
2018-04-02 09:00:00+00:00,48934.0,50146.54130985744,49520.01567509182,626.52563,-1212.5413098574427,1212.5413098574427,False
2018-04-02 10:00:00+00:00,48809.0,50420.452802964064,50947.96836692891,-527.51556,-1611.4528029640642,1611.4528029640642,False
2018-04-02 11:00:00+00:00,46798.0,50343.493746796776,50774.27850631826,-430.78476,-3545.4937467967757,3545.4937467967757,False
2018-04-02 12:00:00+00:00,45215.0,49716.2849403075,49496.025785034064,220.25916,-4501.2849403075015,4501.2849403075015,False
2018-04-02 13:00:00+00:00,44745.0,48707.502348899034,48457.975630759385,249.52672,-3962.5023488990337,3962.5023488990337,False
2018-04-02 14:00:00+00:00,44576.0,48587.767587504306,48314.2191866254,273.5484,-4011.767587504306,4011.767587504306,False
2018-04-02 15:00:00+00:00,46225.0,50521.03193050196,49945.67591243555,575.356,-4296.031930501958,4296.031930501958,False
2018-04-02 16:00:00+00:00,48412.0,52938.39898318227,52464.6480981725,473.7509,-4526.398983182269,4526.398983182269,False
2018-04-02 17:00:00+00:00,49192.0,52465.536939172365,52184.71830513916,280.81863,-3273.5369391723652,3273.5369391723652,False
2018-04-02 18:00:00+00:00,50781.0,51140.29818862564,50390.01400893814,750.2842,-359.29818862563843,359.29818862563843,False
2018-04-02 19:00:00+00:00,49578.0,47837.78043691533,46964.71958486455,873.06085,1740.219563084669,1740.219563084669,False
2018-04-02 20:00:00+00:00,48798.0,44601.829192705896,44513.13140065267,88.69779,4196.170807294104,4196.170807294104,False
2018-04-02 21:00:00+00:00,45749.0,43242.419200493634,43206.6739955681,35.745205,2506.580799506366,2506.580799506366,False
2018-04-02 22:00:00+00:00,43047.0,39907.37968274832,39807.086981027125,100.2927,3139.6203172516834,3139.6203172516834,False
2018-04-02 23:00:00+00:00,41591.0,36806.56247607723,36662.297797122155,144.26468,4784.437523922767,4784.437523922767,False
2018-04-03 00:00:00+00:00,40990.0,34714.57739551707,34582.455447274886,132.12195,6275.4226044829265,6275.4226044829265,False
2018-04-03 01:00:00+00:00,41916.0,33685.15183673655,33452.61184345042,232.54,8230.84816326345,8230.84816326345,False
2018-04-03 02:00:00+00:00,44334.0,33985.29957611895,33352.59663422442,632.70294,10348.700423881048,10348.700423881048,False
2018-04-03 03:00:00+00:00,48197.0,35690.20018420595,34037.84190783876,1652.3583,12506.799815794053,12506.799815794053,False
2018-04-03 04:00:00+00:00,56575.0,38886.11882991191,35362.085382646284,3524.0334,17688.88117008809,17688.88117008809,False
2018-04-03 05:00:00+00:00,61944.0,37361.60565494605,38024.33301090308,-662.72736,24582.394345053952,24582.394345053952,False
2018-04-03 06:00:00+00:00,65254.0,41275.14227114425,41927.81982241378,-652.67755,23978.85772885575,23978.85772885575,False
2018-04-03 07:00:00+00:00,66043.0,44809.365358291376,45215.63726991247,-406.2719,21233.634641708624,21233.634641708624,False
2018-04-03 08:00:00+00:00,66698.0,47699.65300791723,47642.03138392431,57.621624,18998.34699208277,18998.34699208277,False
2018-04-03 09:00:00+00:00,68034.0,49522.9675165807,49436.5678202306,86.3997,18511.0324834193,18511.0324834193,False
2018-04-03 10:00:00+00:00,68788.0,50981.28076597394,50864.52051206769,116.760254,17806.71923402606,17806.71923402606,False
2018-04-03 11:00:00+00:00,68071.0,50890.446999723645,50690.83065145704,199.61635,17180.553000276355,17180.553000276355,False
2018-04-03 12:00:00+00:00,66565.0,49644.49060412304,49412.57793017285,231.91267,16920.509395876958,16920.509395876958,False
2018-04-03 13:00:00+00:00,64976.0,48006.39835084934,48374.52777589817,-368.12943,16969.60164915066,16969.60164915066,False
2018-04-03 14:00:00+00:00,63383.0,47720.861144996605,48230.77133176418,-509.9102,15662.138855003395,15662.138855003395,False
2018-04-03 15:00:00+00:00,63577.0,49468.20178193957,49862.228057574335,-394.02628,14108.79821806043,14108.79821806043,False
2018-04-03 16:00:00+00:00,64222.0,52094.06999428785,52381.20024331129,-287.13025,12127.93000571215,12127.93000571215,False
2018-04-03 17:00:00+00:00,64384.0,52035.00622908654,52101.270450277945,-66.26422,12348.993770913461,12348.993770913461,False
2018-04-03 18:00:00+00:00,64325.0,50107.313666894304,50306.56615407692,-199.25249,14217.686333105696,14217.686333105696,False
2018-04-03 19:00:00+00:00,60979.0,46244.44513088224,46881.27173000333,-636.8266,14734.554869117761,14734.554869117761,False
2018-04-03 20:00:00+00:00,57248.0,43507.14912196333,44429.68354579146,-922.5344,13740.850878036668,13740.850878036668,False
2018-04-03 21:00:00+00:00,51669.0,42801.44119807993,43123.22614070688,-321.78494,8867.558801920073,8867.558801920073,False
2018-04-03 22:00:00+00:00,48175.0,39942.43175922255,39723.63912616591,218.79263,8232.568240777451,8232.568240777451,False
2018-04-03 23:00:00+00:00,46773.0,36695.580777221876,36578.84994226094,116.730835,10077.419222778124,10077.419222778124,False
2018-04-04 00:00:00+00:00,45907.0,34564.22558710361,34499.00759241367,65.217995,11342.77441289639,11342.77441289639,False
2018-04-04 01:00:00+00:00,47007.0,33460.70352411166,33369.1639885892,91.539536,13546.296475888339,13546.296475888339,False
2018-04-04 02:00:00+00:00,47871.0,33361.340406865645,33269.148779363204,92.19163,14509.659593134355,14509.659593134355,False
2018-04-04 03:00:00+00:00,51500.0,34481.18232202051,33954.39405297754,526.78827,17018.81767797949,17018.81767797949,False
2018-04-04 04:00:00+00:00,58955.0,36631.085647902255,35278.63752778507,1352.4481,22323.914352097745,22323.914352097745,False
2018-04-04 05:00:00+00:00,64047.0,37596.80742777038,37940.88515604186,-344.07773,26450.192572229622,26450.192572229622,False
2018-04-04 06:00:00+00:00,67964.0,41282.14693093147,41844.371967552564,-562.22504,26681.85306906853,26681.85306906853,False
2018-04-04 07:00:00+00:00,68592.0,44606.893821789534,45132.18941505125,-525.2956,23985.106178210466,23985.106178210466,False
2018-04-04 08:00:00+00:00,69200.0,47678.64555604063,47558.58352906309,120.06203,21521.354443959368,21521.354443959368,False
2018-04-04 09:00:00+00:00,69047.0,49402.61737900464,49353.119965369384,49.497414,19644.382620995362,19644.382620995362,False
2018-04-04 10:00:00+00:00,68562.0,50859.5175195722,50781.072657206474,78.44486,17702.482480427803,17702.482480427803,False
2018-04-04 11:00:00+00:00,68801.0,50705.87171108557,50607.382796595826,98.488914,18095.128288914428,18095.128288914428,False
2018-04-04 12:00:00+00:00,67405.0,49373.30479226109,49329.13007531163,44.174717,18031.695207738907,18031.695207738907,False
2018-04-04 13:00:00+00:00,64671.0,48193.47111061215,48291.07992103695,-97.60881,16477.528889387853,16477.528889387853,False
2018-04-04 14:00:00+00:00,63373.0,48103.04046832753,48147.323476902966,-44.28301,15269.959531672474,15269.959531672474,False
2018-04-04 15:00:00+00:00,62659.0,49672.48685249339,49778.78020271312,-106.29335,12986.513147506608,12986.513147506608,False
2018-04-04 16:00:00+00:00,63227.0,52151.58458754675,52297.75238845007,-146.1678,11075.41541245325,11075.41541245325,False
2018-04-04 17:00:00+00:00,63418.0,51901.41864949388,52017.82259541673,-116.403946,11516.581350506123,11516.581350506123,False
2018-04-04 18:00:00+00:00,63991.0,50120.17191860047,50223.118299215705,-102.94638,13870.82808139953,13870.82808139953,False
2018-04-04 19:00:00+00:00,61332.0,46497.2173077593,46797.823875142116,-300.60657,14834.782692240697,14834.782692240697,False
2018-04-04 20:00:00+00:00,57351.0,43817.402927258365,44346.23569093024,-528.83276,13533.597072741635,13533.597072741635,False
2018-04-04 21:00:00+00:00,53139.0,42849.07601533785,43039.77828584566,-190.70227,10289.92398466215,10289.92398466215,False
2018-04-04 22:00:00+00:00,48503.0,39765.46100091895,39640.19127130469,125.26973,8737.53899908105,8737.53899908105,False
2018-04-04 23:00:00+00:00,47033.0,36580.9124404881,36495.40208739972,85.51035,10452.0875595119,10452.0875595119,False
2018-04-05 00:00:00+00:00,46720.0,34474.58150421505,34415.55973755245,59.021767,12245.41849578495,12245.41849578495,False
2018-04-05 01:00:00+00:00,47005.0,33361.864708557085,33285.71613372798,76.148575,13643.135291442915,13643.135291442915,False
2018-04-05 02:00:00+00:00,48821.0,33269.142513857456,33185.70092450199,83.44159,15551.857486142544,15551.857486142544,False
2018-04-05 03:00:00+00:00,51908.0,34200.51666320422,33870.946198116326,329.57047,17707.483336795784,17707.483336795784,False
2018-04-05 04:00:00+00:00,59171.0,36152.23221442776,35195.18967292385,957.04254,23018.767785572243,23018.767785572243,False
2018-04-05 05:00:00+00:00,63805.0,37636.4003901699,37857.437301180646,-221.03691,26168.599609830097,26168.599609830097,False
2018-04-05 06:00:00+00:00,67086.0,41395.843088521426,41760.92411269135,-365.08102,25690.156911478574,25690.156911478574,False
2018-04-05 07:00:00+00:00,68264.0,44701.60163709433,45048.741560190036,-347.13992,23562.398362905667,23562.398362905667,False
2018-04-05 08:00:00+00:00,71081.0,47461.43409415427,47475.135674201876,-13.70158,23619.56590584573,23619.56590584573,True
2018-04-05 09:00:00+00:00,72519.0,49269.38664640018,49269.67211050817,-0.2854641,23249.613353599823,23249.613353599823,True
2018-04-05 10:00:00+00:00,70944.0,50709.89115499876,50697.62480234526,12.266353,20234.10884500124,20234.10884500124,True
2018-04-05 11:00:00+00:00,69936.0,50578.80652376586,50523.93494173461,54.871582,19357.19347623414,19357.19347623414,True
2018-04-05 12:00:00+00:00,69632.0,49262.80412482358,49245.68222045041,17.121904,20369.195875176418,20369.195875176418,True
2018-04-05 13:00:00+00:00,69344.0,48060.22529737691,48207.632066175735,-147.40677,21283.774702623094,21283.774702623094,True
2018-04-05 14:00:00+00:00,68214.0,47800.184917696046,48063.87562204175,-263.6907,20413.815082303954,20413.815082303954,False
2018-04-05 15:00:00+00:00,67486.0,49461.80488203159,49695.3323478519,-233.52747,18024.19511796841,18024.19511796841,False
2018-04-05 16:00:00+00:00,66536.0,52010.1009203076,52214.30453358885,-204.20361,14525.899079692397,14525.899079692397,False
2018-04-05 17:00:00+00:00,66700.0,51762.51130671762,51934.37474055551,-171.86343,14937.48869328238,14937.48869328238,False
2018-04-05 18:00:00+00:00,66334.0,49913.80797182031,50139.67044435449,-225.86247,16420.192028179692,16420.192028179692,False
2018-04-05 19:00:00+00:00,63530.0,46415.36271461684,46714.3760202809,-299.0133,17114.637285383164,17114.637285383164,False
2018-04-05 20:00:00+00:00,59730.0,43896.01409339324,44262.78783606902,-366.77374,15833.985906606758,15833.985906606758,False
2018-04-05 21:00:00+00:00,55563.0,42883.100854873606,42956.330430984446,-73.229576,12679.899145126394,12679.899145126394,False
2018-04-05 22:00:00+00:00,51645.0,39594.60444320739,39556.743416443474,37.861027,12050.39555679261,12050.39555679261,False
2018-04-05 23:00:00+00:00,48921.0,36429.22545369939,36411.954232538505,17.271221,12491.774546300607,12491.774546300607,False
2018-04-06 00:00:00+00:00,48225.0,34349.233787064404,34332.111882691235,17.121904,13875.766212935596,13875.766212935596,False
2018-04-06 01:00:00+00:00,48656.0,33219.390183239935,33202.268278866766,17.121904,15436.609816760065,15436.609816760065,False
2018-04-06 02:00:00+00:00,49872.0,33119.37497401394,33102.25306964077,17.121904,16752.62502598606,16752.62502598606,False
2018-04-06 03:00:00+00:00,53357.0,33855.19856908519,33787.49834325511,67.700226,19501.801430914813,19501.801430914813,False
2018-04-06 04:00:00+00:00,60225.0,35252.45008527455,35111.741818062634,140.70827,24972.549914725452,24972.549914725452,False
2018-04-06 05:00:00+00:00,64836.0,37688.41988912949,37773.98944631943,-85.56956,27147.580110870513,27147.580110870513,False
2018-04-06 06:00:00+00:00,67333.0,41376.12280324029,41677.47625783013,-301.35345,25956.877196759713,25956.877196759713,False
2018-04-06 07:00:00+00:00,67903.0,44600.957340582725,44965.29370532882,-364.33636,23302.042659417275,23302.042659417275,False
2018-04-06 08:00:00+00:00,68223.0,47323.09011731429,47391.68781934066,-68.5977,20899.909882685708,20899.909882685708,False
2018-04-06 09:00:00+00:00,68466.0,49109.766560639626,49186.22425564695,-76.457695,19356.233439360374,19356.233439360374,False
2018-04-06 10:00:00+00:00,66980.0,50479.899847874665,50614.17694748404,-134.2771,16500.100152125335,16500.100152125335,False
2018-04-06 11:00:00+00:00,65866.0,50294.99001656089,50440.48708687339,-145.49707,15571.009983439108,15571.009983439108,False
2018-04-06 12:00:00+00:00,64055.0,49140.296812183435,49162.2343655892,-21.937553,14914.703187816565,14914.703187816565,False
2018-04-06 13:00:00+00:00,62661.0,48213.05401569684,48124.18421131452,88.869804,14447.945984303158,14447.945984303158,False
2018-04-06 14:00:00+00:00,61254.0,47983.379796170324,47980.42776718053,2.952029,13270.620203829676,13270.620203829676,False
2018-04-06 15:00:00+00:00,60899.0,49535.44713794918,49611.884492990685,-76.437355,11363.55286205082,11363.55286205082,False
2018-04-06 16:00:00+00:00,61338.0,52007.73766780234,52130.856678727636,-123.11901,9330.262332197657,9330.262332197657,False
2018-04-06 17:00:00+00:00,61681.0,51732.02782258394,51850.926885694294,-118.89906,9948.972177416057,9948.972177416057,False
2018-04-06 18:00:00+00:00,61777.0,50076.170030594345,50056.22258949327,19.947441,11700.829969405655,11700.829969405655,False
2018-04-06 19:00:00+00:00,59790.0,46783.040576918705,46630.92816541968,152.11241,13006.959423081295,13006.959423081295,False
2018-04-06 20:00:00+00:00,56197.0,44178.91935617681,44179.339981207806,-0.42062503,12018.080643823188,12018.080643823188,False
2018-04-06 21:00:00+00:00,52958.0,42873.51646776532,42872.88257612323,0.63389164,10084.483532234677,10084.483532234677,False
2018-04-06 22:00:00+00:00,49844.0,39427.442606717756,39473.29556158226,-45.852955,10416.557393282244,10416.557393282244,False
2018-04-06 23:00:00+00:00,47442.0,36230.27402446684,36328.50637767729,-98.23235,11211.725975533162,11211.725975533162,False
2018-04-07 00:00:00+00:00,45993.0,34146.18658032025,34248.66402783002,-102.47745,11846.813419679747,11846.813419679747,False
2018-04-07 01:00:00+00:00,45677.0,32923.89775554852,33118.82042400555,-194.92267,12753.102244451482,12753.102244451482,False
2018-04-07 02:00:00+00:00,46294.0,32681.78119744557,33018.80521477955,-337.02402,13612.218802554431,13612.218802554431,False
2018-04-07 03:00:00+00:00,46920.0,32456.392529409517,33704.05048839389,-1247.658,14463.607470590483,14463.607470590483,False
2018-04-07 04:00:00+00:00,47867.0,32083.483416326417,35028.29396320142,-2944.8105,15783.516583673583,15783.516583673583,False
2018-04-07 05:00:00+00:00,50632.0,38020.73592739571,37690.54159145821,330.19434,12611.264072604288,12611.264072604288,False
2018-04-07 06:00:00+00:00,54628.0,43008.789755507976,41594.028402968914,1414.7614,11619.210244492024,11619.210244492024,False
2018-04-07 07:00:00+00:00,56908.0,46115.93410730354,44881.8458504676,1234.0883,10792.06589269646,10792.06589269646,False
2018-04-07 08:00:00+00:00,58277.0,46504.34518908882,47308.23996447944,-803.8948,11772.654810911183,11772.654810911183,False
2018-04-07 09:00:00+00:00,58246.0,48797.018069486905,49102.77640078573,-305.75833,9448.981930513095,9448.981930513095,False
2018-04-07 10:00:00+00:00,57074.0,50495.80741598708,50530.72909262282,-34.921677,6578.192584012919,6578.192584012919,False
2018-04-07 11:00:00+00:00,54940.0,50035.69593977585,50357.039232012175,-321.3433,4904.304060224153,4904.304060224153,False
2018-04-07 12:00:00+00:00,52767.0,49091.459213517286,49078.78651072798,12.672703,3675.540786482714,3675.540786482714,False
2018-04-07 13:00:00+00:00,51414.0,48215.935193733574,48040.7363564533,175.19884,3198.064806266426,3198.064806266426,False
2018-04-07 14:00:00+00:00,50336.0,48227.37450460447,47896.979912319315,330.3946,2108.6254953955286,2108.6254953955286,False
2018-04-07 15:00:00+00:00,50719.0,49929.77773310017,49528.43663812947,401.3411,789.2222668998293,789.2222668998293,False
2018-04-07 16:00:00+00:00,51538.0,52274.50634278732,52047.40882386642,227.09752,-736.5063427873174,736.5063427873174,False
2018-04-07 17:00:00+00:00,52264.0,51693.0103876446,51767.47903083308,-74.46864,570.989612355399,570.989612355399,False
2018-04-07 18:00:00+00:00,52222.0,50103.71879591135,49972.774734632054,130.94406,2118.2812040886492,2118.2812040886492,False
2018-04-07 19:00:00+00:00,51063.0,47364.47628223815,46547.480310558465,816.996,3698.5237177618474,3698.5237177618474,False
2018-04-07 20:00:00+00:00,49133.0,44405.902776981355,44095.89212634659,310.01065,4727.097223018645,4727.097223018645,False
2018-04-07 21:00:00+00:00,45602.0,42685.96858814434,42789.43472126201,-103.46613,2916.0314118556635,2916.0314118556635,False
2018-04-07 22:00:00+00:00,42053.0,39358.77417080185,39389.84770672104,-31.073536,2694.225829198149,2694.225829198149,False
2018-04-07 23:00:00+00:00,40116.0,36197.51777803458,36245.05852281607,-47.540745,3918.4822219654234,3918.4822219654234,False
2018-04-08 00:00:00+00:00,38801.0,34070.54102495855,34165.2161729688,-94.67515,4730.4589750414525,4730.4589750414525,False
2018-04-08 01:00:00+00:00,38541.0,32813.64992815312,33035.37256914433,-221.72264,5727.350071846879,5727.350071846879,False
2018-04-08 02:00:00+00:00,38865.0,32586.13970855115,32935.35735991834,-349.21765,6278.860291448851,6278.860291448851,False
2018-04-08 03:00:00+00:00,39051.0,32456.289645251425,33620.602633532675,-1164.313,6594.710354748575,6594.710354748575,False
2018-04-08 04:00:00+00:00,39424.0,32624.732094668325,34944.8461083402,-2320.114,6799.267905331675,6799.267905331675,False
2018-04-08 05:00:00+00:00,41605.0,37706.25931734651,37607.093736596995,99.16558,3898.7406826534934,3898.7406826534934,False
2018-04-08 06:00:00+00:00,45232.0,42351.9809387327,41510.5805481077,841.4004,2880.019061267303,2880.019061267303,False
2018-04-08 07:00:00+00:00,47823.0,45654.31376709076,44798.397995606385,855.9158,2168.68623290924,2168.68623290924,False
2018-04-08 08:00:00+00:00,50256.0,47293.975451598206,47224.792109618225,69.18334,2962.024548401794,2962.024548401794,False
2018-04-08 09:00:00+00:00,51699.0,49412.47347390303,49019.328545924516,393.14493,2286.526526096968,2286.526526096968,False
2018-04-08 10:00:00+00:00,50780.0,50064.18220822059,50447.28123776161,-383.09903,715.8177917794092,715.8177917794092,False
2018-04-08 11:00:00+00:00,48453.0,49850.29697407479,50273.59137715096,-423.2944,-1397.2969740747867,1397.2969740747867,False
2018-04-08 12:00:00+00:00,47030.0,49207.64110032477,48995.33865586676,212.30244,-2177.6411003247704,2177.6411003247704,False
2018-04-08 13:00:00+00:00,45752.0,48192.629443974896,47957.288501592084,235.34094,-2440.6294439748963,2440.6294439748963,False
2018-04-08 14:00:00+00:00,44889.0,48202.983137780364,47813.5320574581,389.45108,-3313.983137780364,3313.983137780364,False
2018-04-08 15:00:00+00:00,46095.0,50096.82819977216,49444.98878326825,651.8394,-4001.828199772157,4001.828199772157,False
2018-04-08 16:00:00+00:00,48271.0,52501.829072032546,51963.9609690052,537.8681,-4230.829072032546,4230.829072032546,False
2018-04-08 17:00:00+00:00,49787.0,51741.09414136493,51684.03117597186,57.062965,-1954.094141364927,1954.094141364927,False
2018-04-08 18:00:00+00:00,51800.0,50549.01535633334,49889.32687977084,659.6885,1250.984643666663,1250.984643666663,False
2018-04-08 19:00:00+00:00,50750.0,47365.64494349022,46464.03245569725,901.6125,3384.355056509783,3384.355056509783,False
2018-04-08 20:00:00+00:00,49275.0,44278.46624414162,44012.44427148537,266.02197,4996.533755858378,4996.533755858378,False
2018-04-08 21:00:00+00:00,45418.0,42605.4733318549,42705.986866400795,-100.513535,2812.526668145103,2812.526668145103,False
2018-04-08 22:00:00+00:00,41786.0,39454.47547441842,39306.399851859824,148.07562,2331.5245255815826,2331.5245255815826,False
2018-04-08 23:00:00+00:00,40342.0,36307.8968770613,36161.610667954854,146.28621,4034.103122938701,4034.103122938701,False
2018-04-09 00:00:00+00:00,39875.0,34152.137779167155,34081.768318107584,70.36946,5722.862220832845,5722.862220832845,False
2018-04-09 01:00:00+00:00,40240.0,33093.80645866788,32951.924714283115,141.88174,7146.193541332119,7146.193541332119,False
2018-04-09 02:00:00+00:00,42168.0,33131.63313786962,32851.90950505712,279.72363,9036.36686213038,9036.36686213038,False
2018-04-09 03:00:00+00:00,46890.0,34901.84642906208,33537.15477867146,1364.6917,11988.153570937917,11988.153570937917,False
2018-04-09 04:00:00+00:00,56341.0,38416.32427886961,34861.39825347898,3554.926,17924.675721130392,17924.675721130392,False
2018-04-09 05:00:00+00:00,61921.0,36390.213630759215,37523.64588173578,-1133.4323,25530.786369240785,25530.786369240785,False
2018-04-09 06:00:00+00:00,64639.0,40383.32617469179,41427.13269324648,-1043.8065,24255.673825308208,24255.673825308208,False
2018-04-09 07:00:00+00:00,65671.0,44054.31891515923,44714.95014074517,-660.6312,21616.68108484077,21616.68108484077,False
2018-04-09 08:00:00+00:00,65749.0,47294.06587340935,47141.34425475701,152.72162,18454.934126590648,18454.934126590648,False
2018-04-09 09:00:00+00:00,67231.0,49050.00025893439,48935.8806910633,114.11957,18180.999741065607,18180.999741065607,False
2018-04-09 10:00:00+00:00,67004.0,50554.79641085449,50363.83338290039,190.96303,16449.20358914551,16449.20358914551,False
2018-04-09 11:00:00+00:00,65915.0,50431.246976879585,50190.14352228974,241.10345,15483.753023120415,15483.753023120415,False
2018-04-09 12:00:00+00:00,65200.0,48683.622765116874,48911.890801005546,-228.26804,16516.377234883126,16516.377234883126,False
2018-04-09 13:00:00+00:00,63742.0,47301.97687719962,47873.84064673087,-571.8638,16440.023122800383,16440.023122800383,False
2018-04-09 14:00:00+00:00,62234.0,47229.31049043868,47730.08420259688,-500.7737,15004.689509561322,15004.689509561322,False
2018-04-09 15:00:00+00:00,62067.0,49043.4939618543,49361.540928407034,-318.04697,13023.5060381457,13023.5060381457,False
2018-04-09 16:00:00+00:00,62182.0,51679.83959119477,51880.513114143985,-200.67352,10502.160408805234,10502.160408805234,False
2018-04-09 17:00:00+00:00,62326.0,51536.124641911425,51600.583321110644,-64.45868,10789.875358088575,10789.875358088575,False
2018-04-09 18:00:00+00:00,62296.0,49466.383175300245,49805.87902490962,-339.49585,12829.616824699755,12829.616824699755,False
2018-04-09 19:00:00+00:00,58814.0,45609.459234625094,46380.58460083603,-771.12537,13204.540765374906,13204.540765374906,False
2018-04-09 20:00:00+00:00,54938.0,42976.250811155405,43928.996416624155,-952.7456,11961.749188844595,11961.749188844595,False
2018-04-09 21:00:00+00:00,50733.0,42789.334620060086,42622.53901153958,166.79561,7943.665379939914,7943.665379939914,False
2018-04-09 22:00:00+00:00,47407.0,39364.18556328279,39222.95199699861,141.23357,8042.8144367172135,8042.8144367172135,False
2018-04-09 23:00:00+00:00,46163.0,36086.372532751535,36078.16281309364,8.20972,10076.627467248465,10076.627467248465,False
2018-04-10 00:00:00+00:00,45105.0,33979.4618149462,33998.32046324637,-18.858648,11125.538185053803,11125.538185053803,False
2018-04-10 01:00:00+00:00,45468.0,32874.89098343389,32868.4768594219,6.414124,12593.109016566108,12593.109016566108,False
2018-04-10 02:00:00+00:00,47209.0,32788.279727283305,32768.4616501959,19.818077,14420.720272716695,14420.720272716695,False
2018-04-10 03:00:00+00:00,50668.0,33787.642073956726,33453.70692381024,333.93515,16880.357926043274,16880.357926043274,False
2018-04-10 04:00:00+00:00,59535.0,35819.75374334433,34777.950398617766,1041.8033,23715.24625665567,23715.24625665567,False
2018-04-10 05:00:00+00:00,63973.0,37189.483427265186,37440.19802687456,-250.7146,26783.516572734814,26783.516572734814,False
2018-04-10 06:00:00+00:00,66007.0,40864.193413824716,41343.68483838526,-479.49142,25142.806586175284,25142.806586175284,False
2018-04-10 07:00:00+00:00,66432.0,44211.236905024576,44631.50228588395,-420.26538,22220.763094975424,22220.763094975424,False
2018-04-10 08:00:00+00:00,67186.0,47173.70642034257,47057.89639989579,115.81002,20012.29357965743,20012.29357965743,False
2018-04-10 09:00:00+00:00,68354.0,48894.89013829559,48852.43283620208,42.457302,19459.10986170441,19459.10986170441,False
2018-04-10 10:00:00+00:00,67844.0,50357.80615181847,50280.38552803917,77.42062,17486.19384818153,17486.19384818153,False
2018-04-10 11:00:00+00:00,67427.0,50181.73925415948,50106.695667428525,75.04359,17245.26074584052,17245.26074584052,False
2018-04-10 12:00:00+00:00,66763.0,48760.42173642753,48828.44294614433,-68.02121,18002.578263572468,18002.578263572468,False
2018-04-10 13:00:00+00:00,66439.0,47551.58320629836,47790.39279186965,-238.80959,18887.41679370164,18887.41679370164,False
2018-04-10 14:00:00+00:00,64920.0,47406.03472420051,47646.636347735664,-240.60162,17513.96527579949,17513.96527579949,False
2018-04-10 15:00:00+00:00,64303.0,49117.87764996183,49278.09307354582,-160.21542,15185.122350038167,15185.122350038167,False
2018-04-10 16:00:00+00:00,64466.0,51652.6949589898,51797.06525928277,-144.3703,12813.3050410102,12813.3050410102,False
2018-04-10 17:00:00+00:00,64742.0,51427.633307130774,51517.13546624943,-89.50216,13314.366692869226,13314.366692869226,False
2018-04-10 18:00:00+00:00,64733.0,49549.291964115786,49722.4311700484,-173.1392,15183.708035884214,15183.708035884214,False
2018-04-10 19:00:00+00:00,61513.0,45880.17278723458,46297.136745974814,-416.96396,15632.82721276542,15632.82721276542,False
2018-04-10 20:00:00+00:00,57288.0,43229.87491674341,43845.54856176294,-615.67365,14058.125083256593,14058.125083256593,False
2018-04-10 21:00:00+00:00,53003.0,42363.10092230336,42539.09115667836,-175.99023,10639.899077696638,10639.899077696638,False
2018-04-10 22:00:00+00:00,49495.0,39271.052543016296,39139.50414213739,131.5484,10223.947456983704,10223.947456983704,False
2018-04-10 23:00:00+00:00,47370.0,36015.78849224426,35994.71495823242,21.073534,11354.21150775574,11354.21150775574,False
2018-04-11 00:00:00+00:00,46508.0,33922.04667445189,33914.87260838515,7.174066,12585.953325548107,12585.953325548107,False
2018-04-11 01:00:00+00:00,46859.0,32809.141232954236,32785.02900456068,24.112228,14049.858767045764,14049.858767045764,False
2018-04-11 02:00:00+00:00,48811.0,32738.82451768576,32685.013795334686,53.810722,16072.17548231424,16072.17548231424,False
2018-04-11 03:00:00+00:00,52950.0,33799.526006204884,33370.259068949024,429.26694,19150.473993795116,19150.473993795116,False
2018-04-11 04:00:00+00:00,60899.0,35853.50242168624,34694.50254375655,1158.9999,25045.497578313763,25045.497578313763,False
2018-04-11 05:00:00+00:00,66210.0,37008.67442738444,37356.750172013344,-348.07574,29201.325572615562,29201.325572615562,False
2018-04-11 06:00:00+00:00,68309.0,40785.09699939319,41260.236983524046,-475.13998,27523.903000606813,27523.903000606813,False
2018-04-11 07:00:00+00:00,68531.0,44192.47828966531,44548.054431022734,-355.57614,24338.521710334688,24338.521710334688,False
2018-04-11 08:00:00+00:00,69762.0,47090.59089427774,46974.448545034575,116.14235,22671.40910572226,22671.40910572226,True
2018-04-11 09:00:00+00:00,70509.0,48826.41712169121,48768.984981340865,57.43214,21682.582878308793,21682.582878308793,True
2018-04-11 10:00:00+00:00,69633.0,50304.72191390061,50196.937673177956,107.78424,19328.278086099388,19328.278086099388,True
2018-04-11 11:00:00+00:00,69050.0,50133.55363684709,50023.24781256731,110.305824,18916.446363152907,18916.446363152907,False
2018-04-11 12:00:00+00:00,67686.0,48647.091740453034,48744.99509128311,-97.90335,19038.908259546966,19038.908259546966,False
2018-04-11 13:00:00+00:00,66820.0,47420.77654101234,47706.94493700843,-286.1684,19399.22345898766,19399.22345898766,False
2018-04-11 14:00:00+00:00,65087.0,47295.77613935882,47563.18849287445,-267.41235,17791.223860641177,17791.223860641177,False
2018-04-11 15:00:00+00:00,64355.0,49017.626740291045,49194.6452186846,-177.01848,15337.373259708955,15337.373259708955,False
2018-04-11 16:00:00+00:00,64538.0,51590.82191034196,51713.61740442155,-122.795494,12947.178089658039,12947.178089658039,False
2018-04-11 17:00:00+00:00,64833.0,51323.87064819241,51433.68761138821,-109.81696,13509.12935180759,13509.12935180759,False
2018-04-11 18:00:00+00:00,64273.0,49522.38980169842,49638.983315187186,-116.59351,14750.610198301583,14750.610198301583,False
2018-04-11 19:00:00+00:00,61369.0,45948.326128662426,46213.6888911136,-265.36276,15420.673871337574,15420.673871337574,False
2018-04-11 20:00:00+00:00,57079.0,43294.95110973375,43762.10070690172,-467.1496,13784.048890266247,13784.048890266247,False
2018-04-11 21:00:00+00:00,52773.0,42308.387945982184,42455.643301817145,-147.25536,10464.612054017816,10464.612054017816,False
2018-04-11 22:00:00+00:00,48778.0,39098.19158695879,39056.05628727617,42.1353,9679.80841304121,9679.80841304121,False
2018-04-11 23:00:00+00:00,46799.0,35944.41911524254,35911.2671033712,33.15201,10854.580884757459,10854.580884757459,False
2018-04-12 00:00:00+00:00,45952.0,33862.424265242684,33831.424753523934,30.999512,12089.575734757316,12089.575734757316,False
2018-04-12 01:00:00+00:00,46146.0,32751.44464838721,32701.581149699465,49.8635,13394.555351612791,13394.555351612791,False
2018-04-12 02:00:00+00:00,47736.0,32666.677367780598,32601.56594047347,65.11143,15069.322632219402,15069.322632219402,False
2018-04-12 03:00:00+00:00,51442.0,33700.20458566984,33286.81121408781,413.39337,17741.79541433016,17741.79541433016,False
2018-04-12 04:00:00+00:00,59392.0,35843.199830496895,34611.05468889533,1232.1451,23548.800169503105,23548.800169503105,False
2018-04-12 05:00:00+00:00,64509.0,36940.6728921033,37273.30231715213,-332.62943,27568.3271078967,27568.3271078967,False
2018-04-12 06:00:00+00:00,67440.0,40745.963353516345,41176.78912866283,-430.82578,26694.036646483655,26694.036646483655,False
2018-04-12 07:00:00+00:00,68244.0,44071.22715111269,44464.60657616152,-393.37943,24172.77284888731,24172.77284888731,False
2018-04-12 08:00:00+00:00,68754.0,46964.104503344744,46891.00069017336,73.10381,21789.895496655256,21789.895496655256,False
2018-04-12 09:00:00+00:00,69340.0,48721.04100221207,48685.53712647965,35.503876,20618.95899778793,20618.95899778793,True
2018-04-12 10:00:00+00:00,68446.0,50175.74283192758,50113.48981831674,62.253014,18270.25716807242,18270.25716807242,False
2018-04-12 11:00:00+00:00,68177.0,49996.21475644266,49939.79995770609,56.4148,18180.785243557337,18180.785243557337,False
2018-04-12 12:00:00+00:00,67370.0,48604.72727487404,48661.547236421895,-56.81996,18765.272725125957,18765.272725125957,False
2018-04-12 13:00:00+00:00,67066.0,47409.76740685425,47623.497082147216,-213.72968,19656.232593145753,19656.232593145753,False
2018-04-12 14:00:00+00:00,65460.0,47254.300971265184,47479.74063801323,-225.43967,18205.699028734816,18205.699028734816,False
2018-04-12 15:00:00+00:00,64740.0,48962.76949211928,49111.19736382338,-148.42787,15777.230507880719,15777.230507880719,False
2018-04-12 16:00:00+00:00,64383.0,51518.75789031961,51630.169549560334,-111.41166,12864.242109680388,12864.242109680388,False
2018-04-12 17:00:00+00:00,63979.0,51275.071436824845,51350.23975652699,-75.16832,12703.928563175155,12703.928563175155,False
2018-04-12 18:00:00+00:00,63900.0,49470.903296324504,49555.53546032597,-84.632164,14429.096703675496,14429.096703675496,False
2018-04-12 19:00:00+00:00,61506.0,45887.32427294672,46130.24103625238,-242.91676,15618.675727053283,15618.675727053283,False
2018-04-12 20:00:00+00:00,57396.0,43255.82759569285,43678.652852040505,-422.82526,14140.172404307152,14140.172404307152,False
2018-04-12 21:00:00+00:00,52697.0,42214.89312456823,42372.19544695593,-157.30232,10482.106875431768,10482.106875431768,False
2018-04-12 22:00:00+00:00,48969.0,38997.891580226846,38972.608432414956,25.283148,9971.108419773154,9971.108419773154,False
2018-04-12 23:00:00+00:00,47008.0,35841.63332874833,35827.819248509986,13.81408,11166.366671251672,11166.366671251672,False
2018-04-13 00:00:00+00:00,45965.0,33766.73213814941,33747.97689866272,18.75524,12198.267861850589,12198.267861850589,False
2018-04-13 01:00:00+00:00,46402.0,32656.779020088492,32618.133294838248,38.645725,13745.220979911508,13745.220979911508,False
2018-04-13 02:00:00+00:00,47651.0,32560.408368815377,32518.118085612252,42.290283,15090.591631184623,15090.591631184623,False
2018-04-13 03:00:00+00:00,51442.0,33488.457017673856,33203.36335922659,285.09366,17953.542982326144,17953.542982326144,False
2018-04-13 04:00:00+00:00,58970.0,35321.155356983334,34527.606834034115,793.5485,23648.844643016666,23648.844643016666,False
2018-04-13 05:00:00+00:00,64477.0,36970.95402588954,37189.85446229091,-218.90044,27506.045974110457,27506.045974110457,False
2018-04-13 06:00:00+00:00,67761.0,40849.28545715122,41093.34127380161,-244.05582,26911.71454284878,26911.71454284878,False
2018-04-13 07:00:00+00:00,68295.0,44139.06005797022,44381.1587213003,-242.09866,24155.939942029778,24155.939942029778,False
2018-04-13 08:00:00+00:00,69571.0,46697.029321518196,46807.55283531214,-110.52351,22873.970678481804,22873.970678481804,True
2018-04-13 09:00:00+00:00,70607.0,48454.05982215554,48602.08927161843,-148.02945,22152.94017784446,22152.94017784446,True
2018-04-13 10:00:00+00:00,69180.0,49826.923082229936,50030.04196345552,-203.11888,19353.076917770064,19353.076917770064,False
2018-04-13 11:00:00+00:00,67422.0,49666.245627014796,49856.352102844874,-190.10648,17755.754372985204,17755.754372985204,False
2018-04-13 12:00:00+00:00,66229.0,48513.05766403138,48578.09938156068,-65.04172,17715.94233596862,17715.94233596862,False
2018-04-13 13:00:00+00:00,64630.0,47554.38356738152,47540.049227286,14.33434,17075.61643261848,17075.61643261848,False
2018-04-13 14:00:00+00:00,63795.0,47386.877951990515,47396.292783152014,-9.414831,16408.122048009485,16408.122048009485,False
2018-04-13 15:00:00+00:00,63980.0,48871.28785429908,49027.749508962166,-156.46165,15108.71214570092,15108.71214570092,False
2018-04-13 16:00:00+00:00,63975.0,51275.488815060446,51546.72169469912,-271.23288,12699.511184939554,12699.511184939554,False
2018-04-13 17:00:00+00:00,63061.0,50989.919037896245,51266.791901665776,-276.87286,12071.080962103755,12071.080962103755,False
2018-04-13 18:00:00+00:00,61748.0,49169.338887203034,49472.08760546475,-302.74872,12578.661112796966,12578.661112796966,False
2018-04-13 19:00:00+00:00,58810.0,45791.77940270464,46046.793181391164,-255.01378,13018.22059729536,13018.22059729536,False
2018-04-13 20:00:00+00:00,55430.0,43554.889067766446,43595.20499717929,-40.31593,11875.110932233554,11875.110932233554,False
2018-04-13 21:00:00+00:00,51479.0,42380.78947747069,42288.74759209471,92.041885,9098.210522529313,9098.210522529313,False
2018-04-13 22:00:00+00:00,47795.0,38803.26613785647,38889.16057755374,-85.89444,8991.733862143526,8991.733862143526,False
2018-04-13 23:00:00+00:00,45923.0,35629.32911917367,35744.37139364877,-115.042274,10293.670880826328,10293.670880826328,False
2018-04-14 00:00:00+00:00,44183.0,33534.70786155052,33664.5290438015,-129.82118,10648.292138449477,10648.292138449477,False
2018-04-14 01:00:00+00:00,43866.0,32261.546737584453,32534.68543997703,-273.1387,11604.453262415547,11604.453262415547,False
2018-04-14 02:00:00+00:00,43848.0,31944.29126346588,32434.670230751035,-490.37897,11903.708736534121,11903.708736534121,False
2018-04-14 03:00:00+00:00,44688.0,31433.27671042006,33119.91550436537,-1686.6388,13254.723289579939,13254.723289579939,False
2018-04-14 04:00:00+00:00,45828.0,31406.9685494854,34444.1589791729,-3037.1904,14421.031450514602,14421.031450514602,False
2018-04-14 05:00:00+00:00,49089.0,37486.56957129688,37106.40660742969,380.16296,11602.43042870312,11602.43042870312,False
2018-04-14 06:00:00+00:00,53312.0,42395.42405858883,41009.893418940395,1385.5306,10916.575941411167,10916.575941411167,False
2018-04-14 07:00:00+00:00,55961.0,45583.01994847033,44297.71086643908,1285.3091,10377.980051529667,10377.980051529667,False
2018-04-14 08:00:00+00:00,57165.0,45846.63842771655,46724.104980450924,-877.46655,11318.361572283451,11318.361572283451,False
2018-04-14 09:00:00+00:00,57634.0,48322.19851514589,48518.641416757215,-196.4429,9311.801484854113,9311.801484854113,False
2018-04-14 10:00:00+00:00,57031.0,49845.92984773005,49946.594108594305,-100.66426,7185.070152269953,7185.070152269953,False
2018-04-14 11:00:00+00:00,54875.0,49419.35279534694,49772.90424798366,-353.55145,5455.647204653062,5455.647204653062,False
2018-04-14 12:00:00+00:00,52695.0,48615.44211507837,48494.65152669946,120.79059,4079.5578849216326,4079.5578849216326,False
2018-04-14 13:00:00+00:00,51317.0,47665.00890416306,47456.60137242478,208.40753,3651.9910958369364,3651.9910958369364,False
2018-04-14 14:00:00+00:00,51023.0,47826.41646149392,47312.8449282908,513.57153,3196.583538506078,3196.583538506078,False
2018-04-14 15:00:00+00:00,51239.0,49405.259387255246,48944.30165410095,460.95773,1833.740612744754,1833.740612744754,False
2018-04-14 16:00:00+00:00,52138.0,51646.62373912989,51463.2738398379,183.3499,491.3762608701072,491.3762608701072,False
2018-04-14 17:00:00+00:00,52105.0,51027.29921648229,51183.34404680456,-156.04483,1077.7007835177064,1077.7007835177064,False
2018-04-14 18:00:00+00:00,51834.0,49504.53102410207,49388.639750603536,115.89127,2329.4689758979293,2329.4689758979293,False
2018-04-14 19:00:00+00:00,49820.0,46771.00804625651,45963.34532652995,807.6627,3048.9919537434907,3048.9919537434907,False
2018-04-14 20:00:00+00:00,47367.0,44009.050538314164,43511.75714231807,497.2934,3357.9494616858356,3357.9494616858356,False
2018-04-14 21:00:00+00:00,44040.0,42150.90359618125,42205.299737233494,-54.39614,1889.0964038187522,1889.0964038187522,False
2018-04-14 22:00:00+00:00,40296.0,38776.034673605,38805.71272269252,-29.67805,1519.9653263950022,1519.9653263950022,False
2018-04-14 23:00:00+00:00,37983.0,35642.46482525606,35660.92353878755,-18.458714,2340.5351747439418,2340.5351747439418,False
2018-04-15 00:00:00+00:00,36880.0,33509.68522336411,33581.08118894028,-71.395966,3370.314776635889,3370.314776635889,False
2018-04-15 01:00:00+00:00,36813.0,32190.181219149017,32451.237585115814,-261.05637,4622.818780850983,4622.818780850983,False
2018-04-15 02:00:00+00:00,37173.0,32009.63851358513,32351.222375889818,-341.58386,5163.361486414869,5163.361486414869,False
2018-04-15 03:00:00+00:00,37684.0,31890.521238371344,33036.46764950416,-1145.9464,5793.478761628656,5793.478761628656,False
2018-04-15 04:00:00+00:00,37848.0,31878.504337202306,34360.71112431168,-2482.2068,5969.4956627976935,5969.4956627976935,False
2018-04-15 05:00:00+00:00,40184.0,37120.47092908215,37022.95875256848,97.51218,3063.5290709178516,3063.5290709178516,False
2018-04-15 06:00:00+00:00,43908.0,41831.37573986043,40926.44556407918,904.9302,2076.6242601395716,2076.6242601395716,False
2018-04-15 07:00:00+00:00,46379.0,45037.27515757396,44214.26301157787,823.01215,1341.7248424260397,1341.7248424260397,False
2018-04-15 08:00:00+00:00,48928.0,46751.2342816566,46640.65712558971,110.577156,2176.7657183433985,2176.7657183433985,False
2018-04-15 09:00:00+00:00,50922.0,49045.91780506006,48435.193561896,610.72424,1876.0821949399397,1876.0821949399397,False
2018-04-15 10:00:00+00:00,50539.0,49162.76051154559,49863.14625373309,-700.38574,1376.239488454412,1376.239488454412,False
2018-04-15 11:00:00+00:00,48399.0,49185.348421931034,49689.45639312244,-504.10797,-786.348421931034,786.348421931034,False
2018-04-15 12:00:00+00:00,46261.0,48647.334012414416,48411.203671838244,236.13034,-2386.334012414416,2386.334012414416,False
2018-04-15 13:00:00+00:00,44791.0,47623.21249278329,47373.153517563565,250.05898,-2832.212492783292,2832.212492783292,False
2018-04-15 14:00:00+00:00,44723.0,47790.80539862489,47229.39707342958,561.4083,-3067.8053986248924,3067.8053986248924,False
2018-04-15 15:00:00+00:00,46036.0,49595.605203048326,48860.85379923973,734.7514,-3559.605203048326,3559.605203048326,False
2018-04-15 16:00:00+00:00,47541.0,52001.07738878528,51379.825984976684,621.2514,-4460.077388785277,4460.077388785277,False
2018-04-15 17:00:00+00:00,49140.0,51156.52319084471,51099.89619194334,56.627,-2016.5231908447095,2016.5231908447095,False
2018-04-15 18:00:00+00:00,50334.0,49938.67743041029,49305.19189574232,633.48553,395.32256958971266,395.32256958971266,False
2018-04-15 19:00:00+00:00,49158.0,46881.143626453886,45879.89747166873,1001.24615,2276.856373546114,2276.856373546114,False
2018-04-15 20:00:00+00:00,47717.0,43854.021323589666,43428.309287456854,425.71204,3862.9786764103337,3862.9786764103337,False
2018-04-15 21:00:00+00:00,43932.0,42008.580275926965,42121.85188237228,-113.27161,1923.4197240730355,1923.4197240730355,False
2018-04-15 22:00:00+00:00,41216.0,38864.07254605396,38722.264867831305,141.80768,2351.9274539460384,2351.9274539460384,False
2018-04-15 23:00:00+00:00,39877.0,35687.85211825251,35577.475683926335,110.376434,4189.147881747493,4189.147881747493,False
2018-04-16 00:00:00+00:00,39237.0,33530.38154498605,33497.633334079066,32.74821,5706.6184550139515,5706.6184550139515,False
2018-04-16 01:00:00+00:00,39810.0,32497.113659087605,32367.789730254597,129.32393,7312.886340912395,7312.886340912395,False
2018-04-16 02:00:00+00:00,41601.0,32492.669799959265,32267.7745210286,224.89528,9108.330200040735,9108.330200040735,False
2018-04-16 03:00:00+00:00,46233.0,33990.6219674945,32953.01979464294,1037.6022,12242.378032505498,12242.378032505498,False
2018-04-16 04:00:00+00:00,55671.0,37484.798913981715,34277.263269450465,3207.5356,18186.201086018285,18186.201086018285,False
2018-04-16 05:00:00+00:00,61775.0,35862.77249438695,36939.51089770726,-1076.7384,25912.227505613053,25912.227505613053,False
2018-04-16 06:00:00+00:00,64899.0,39784.21230882734,40842.99770921796,-1058.7854,25114.787691172663,25114.787691172663,False
2018-04-16 07:00:00+00:00,65652.0,43380.222444314306,44130.81515671665,-750.5927,22271.777555685694,22271.777555685694,False
2018-04-16 08:00:00+00:00,66066.0,46722.33074594822,46557.20927072849,165.12148,19343.669254051783,19343.669254051783,False
2018-04-16 09:00:00+00:00,66968.0,48491.82609033556,48351.74570703478,140.08038,18476.173909664438,18476.173909664438,False
2018-04-16 10:00:00+00:00,66215.0,49973.36473493144,49779.69839887187,193.66634,16241.635265068559,16241.635265068559,False
2018-04-16 11:00:00+00:00,65295.0,49858.15447331982,49606.00853826122,252.14594,15436.845526680183,15436.845526680183,False
2018-04-16 12:00:00+00:00,64944.0,48223.17882112742,48327.75581697703,-104.576996,16720.821178872582,16720.821178872582,False
2018-04-16 13:00:00+00:00,64465.0,46742.04642197969,47289.70566270235,-547.65924,17722.953578020308,17722.953578020308,False
2018-04-16 14:00:00+00:00,62231.0,46521.581176576175,47145.94921856836,-624.36804,15709.418823423825,15709.418823423825,False
2018-04-16 15:00:00+00:00,61742.0,48451.47116044297,48777.405944378515,-325.93478,13290.528839557031,13290.528839557031,False
2018-04-16 16:00:00+00:00,61768.0,51114.195558704334,51296.37813011547,-182.18257,10653.804441295666,10653.804441295666,False
2018-04-16 17:00:00+00:00,61918.0,50899.602954391696,51016.448337082125,-116.84538,11018.397045608304,11018.397045608304,False
2018-04-16 18:00:00+00:00,61222.0,48916.43758336157,49221.7440408811,-305.30646,12305.56241663843,12305.56241663843,False
2018-04-16 19:00:00+00:00,59062.0,45100.65017833095,45796.44961680751,-695.79944,13961.34982166905,13961.34982166905,False
2018-04-16 20:00:00+00:00,54704.0,42235.70689158001,43344.86143259564,-1109.1545,12468.293108419988,12468.293108419988,False
2018-04-16 21:00:00+00:00,49841.0,41917.87074046272,42038.40402751106,-120.53329,7923.12925953728,7923.12925953728,False
2018-04-16 22:00:00+00:00,46094.0,38904.68520755017,38638.81701297009,265.8682,7189.3147924498335,7189.3147924498335,False
2018-04-16 23:00:00+00:00,44180.0,35587.94081582049,35494.02782906512,93.91299,8592.05918417951,8592.05918417951,False
2018-04-17 00:00:00+00:00,43390.0,33461.165547424636,33414.18547921785,46.98007,9928.834452575364,9928.834452575364,False
2018-04-17 01:00:00+00:00,43731.0,32353.402223904122,32284.34187539338,69.06035,11377.597776095878,11377.597776095878,False
2018-04-17 02:00:00+00:00,45664.0,32282.65013723672,32184.326666167384,98.32347,13381.34986276328,13381.34986276328,False
2018-04-17 03:00:00+00:00,49747.0,33401.630350426254,32869.57193978172,532.0584,16345.369649573746,16345.369649573746,False
2018-04-17 04:00:00+00:00,57639.0,35435.78977982362,34193.81541458925,1241.9744,22203.210220176377,22203.210220176377,False
2018-04-17 05:00:00+00:00,62666.0,36211.32824059995,36856.06304284604,-644.7348,26454.67175940005,26454.67175940005,False
2018-04-17 06:00:00+00:00,64760.0,39928.687549669245,40759.549854356745,-830.8623,24831.312450330755,24831.312450330755,False
2018-04-17 07:00:00+00:00,64936.0,43450.487724218714,44047.36730185543,-596.8796,21485.512275781286,21485.512275781286,False
2018-04-17 08:00:00+00:00,65657.0,46590.59711685604,46473.76141586727,116.8357,19066.402883143957,19066.402883143957,False
2018-04-17 09:00:00+00:00,66309.0,48321.37163223338,48268.297852173564,53.07378,17987.62836776662,17987.62836776662,False
2018-04-17 10:00:00+00:00,65994.0,49778.34107440616,49696.250544010654,82.09053,16215.658925593838,16215.658925593838,False
2018-04-17 11:00:00+00:00,65306.0,49619.40338054356,49522.56068340001,96.8427,15686.596619456439,15686.596619456439,False
2018-04-17 12:00:00+00:00,64076.0,48200.43798607211,48244.30796211581,-43.869976,15875.56201392789,15875.56201392789,False
2018-04-17 13:00:00+00:00,63153.0,46997.9944564007,47206.25780784113,-208.26335,16155.005543599298,16155.005543599298,False
2018-04-17 14:00:00+00:00,61556.0,46832.334707213005,47062.501363707146,-230.16666,14723.665292786995,14723.665292786995,False
2018-04-17 15:00:00+00:00,61072.0,48548.50041739816,48693.9580895173,-145.45767,12523.499582601842,12523.499582601842,False
2018-04-17 16:00:00+00:00,61604.0,51133.61846189976,51212.93027525425,-79.31181,10470.381538100242,10470.381538100242,False
2018-04-17 17:00:00+00:00,61939.0,50899.618219037315,50933.00048222091,-33.382263,11039.381780962685,11039.381780962685,False
2018-04-17 18:00:00+00:00,61557.0,49140.61874895285,49138.296186019885,2.322563,12416.381251047147,12416.381251047147,False
2018-04-17 19:00:00+00:00,59565.0,45436.34059861622,45713.001761946296,-276.66116,14128.659401383782,14128.659401383782,False
2018-04-17 20:00:00+00:00,55145.0,42641.57239121098,43261.41357773442,-619.8412,12503.427608789018,12503.427608789018,False
2018-04-17 21:00:00+00:00,50196.0,41792.17402238129,41954.95617264984,-162.78215,8403.825977618711,8403.825977618711,False
2018-04-17 22:00:00+00:00,45999.0,38656.009790738266,38555.36915810887,100.64063,7342.990209261734,7342.990209261734,False
2018-04-17 23:00:00+00:00,44123.0,35440.348147421675,35410.5799742039,29.768173,8682.651852578325,8682.651852578325,False
2018-04-18 00:00:00+00:00,43263.0,33362.51426238764,33330.73762435663,31.776638,9900.485737612362,9900.485737612362,False
2018-04-18 01:00:00+00:00,43547.0,32250.499699090513,32200.894020532163,49.60568,11296.500300909487,11296.500300909487,False
2018-04-18 02:00:00+00:00,44968.0,32176.376011318374,32100.878811306167,75.4972,12791.623988681626,12791.623988681626,False
2018-04-18 03:00:00+00:00,49782.0,33256.11944624863,32786.124084920506,469.99536,16525.88055375137,16525.88055375137,False
2018-04-18 04:00:00+00:00,57754.0,35085.662908849125,34110.36755972803,975.29535,22668.337091150875,22668.337091150875,False
2018-04-18 05:00:00+00:00,62730.0,36365.52464233053,36772.615187984826,-407.09055,26364.47535766947,26364.47535766947,False
2018-04-18 06:00:00+00:00,64924.0,40138.63843748381,40676.10199949553,-537.46356,24785.36156251619,24785.36156251619,False
2018-04-18 07:00:00+00:00,65220.0,43528.12214474812,43963.919446994216,-435.7973,21691.877855251878,21691.877855251878,False
2018-04-18 08:00:00+00:00,65910.0,46473.46878866719,46390.313561006056,83.15523,19436.53121133281,19436.53121133281,False
2018-04-18 09:00:00+00:00,66781.0,48230.032130033294,48184.84999731235,45.182133,18550.967869966706,18550.967869966706,False
2018-04-18 10:00:00+00:00,66078.0,49684.47071893459,49612.80268914944,71.66803,16393.529281065406,16393.529281065406,False
2018-04-18 11:00:00+00:00,65302.0,49504.65924577512,49439.11282853879,65.54642,15797.340754224882,15797.340754224882,False
2018-04-18 12:00:00+00:00,64108.0,48119.549308609574,48160.86010725459,-41.3108,15988.450691390426,15988.450691390426,False
2018-04-18 13:00:00+00:00,63001.0,46964.03328061663,47122.809952979915,-158.77667,16036.966719383367,16036.966719383367,False
2018-04-18 14:00:00+00:00,61522.0,46820.61191949046,46979.05350884593,-158.44159,14701.38808050954,14701.38808050954,False
2018-04-18 15:00:00+00:00,61672.0,48503.509532751785,48610.51023465608,-107.0007,13168.490467248215,13168.490467248215,False
2018-04-18 16:00:00+00:00,61929.0,51044.9994873486,51129.48242039303,-84.48293,10884.0005126514,10884.0005126514,False
2018-04-18 17:00:00+00:00,61874.0,50803.87227610237,50849.55262735969,-45.68035,11070.127723897633,11070.127723897633,False
2018-04-18 18:00:00+00:00,60879.0,49018.86636704734,49054.84833115867,-35.981964,11860.13363295266,11860.13363295266,False
2018-04-18 19:00:00+00:00,59350.0,45341.87663047375,45629.55390708508,-287.67728,14008.123369526249,14008.123369526249,False
2018-04-18 20:00:00+00:00,54782.0,42615.27651388883,43177.9657228732,-562.6892,12166.723486111172,12166.723486111172,False
2018-04-18 21:00:00+00:00,49385.0,41942.01815207818,41871.508317788626,70.509834,7442.981847921823,7442.981847921823,False
2018-04-18 22:00:00+00:00,46169.0,38576.89268538877,38471.921303247655,104.97138,7592.107314611232,7592.107314611232,False
2018-04-18 23:00:00+00:00,44360.0,35363.734921619296,35327.132119342685,36.602802,8996.265078380704,8996.265078380704,False
2018-04-19 00:00:00+00:00,43325.0,33287.85218175738,33247.289769495415,40.562412,10037.147818242622,10037.147818242622,False
2018-04-19 01:00:00+00:00,43783.0,32179.43332539995,32117.446165670946,61.98716,11603.56667460005,11603.56667460005,False
2018-04-19 02:00:00+00:00,45057.0,32097.774614892216,32017.43095644495,80.34366,12959.225385107784,12959.225385107784,False
2018-04-19 03:00:00+00:00,49060.0,33206.392294512414,32702.67623005929,503.71606,15853.607705487586,15853.607705487586,False
2018-04-19 04:00:00+00:00,56574.0,35021.048733187126,34026.919704866814,994.129,21552.951266812874,21552.951266812874,False
2018-04-19 05:00:00+00:00,62216.0,36413.05728673689,36689.16733312361,-276.11005,25802.94271326311,25802.94271326311,False
2018-04-19 06:00:00+00:00,65012.0,40166.22369419486,40592.65414463431,-426.43045,24845.776305805142,24845.776305805142,False
2018-04-19 07:00:00+00:00,65803.0,43400.39795321698,43880.471592133,-480.07364,22402.602046783017,22402.602046783017,False
2018-04-19 08:00:00+00:00,66414.0,46336.022535978824,46306.86570614484,29.15683,20077.977464021176,20077.977464021176,False
2018-04-19 09:00:00+00:00,67818.0,48118.5240468243,48101.40214245113,17.121904,19699.4759531757,19699.4759531757,False
2018-04-19 10:00:00+00:00,66732.0,49557.482092589,49529.35483428822,28.127258,17174.517907411,17174.517907411,False
2018-04-19 11:00:00+00:00,66086.0,49394.84173530477,49355.66497367757,39.17676,16691.15826469523,16691.15826469523,False
2018-04-19 12:00:00+00:00,64939.0,48066.80960079731,48077.41225239338,-10.602652,16872.190399202693,16872.190399202693,False
2018-04-19 13:00:00+00:00,63635.0,46929.75031985942,47039.3620981187,-109.61178,16705.24968014058,16705.24968014058,False
2018-04-19 14:00:00+00:00,62292.0,46767.231600029634,46895.60565398471,-128.37405,15524.768399970366,15524.768399970366,False
2018-04-19 15:00:00+00:00,62292.0,48412.4724826391,48527.062379794865,-114.5899,13879.527517360897,13879.527517360897,False
2018-04-19 16:00:00+00:00,62172.0,50941.558117472734,51046.034565531816,-104.47645,11230.441882527266,11230.441882527266,False
2018-04-19 17:00:00+00:00,62278.0,50679.07008164154,50766.104772498475,-87.03469,11598.929918358459,11598.929918358459,False
2018-04-19 18:00:00+00:00,61417.0,48885.14319785507,48971.40047629745,-86.25728,12531.856802144932,12531.856802144932,False
2018-04-19 19:00:00+00:00,60007.0,45319.887241188706,45546.10605222386,-226.21881,14687.112758811294,14687.112758811294,False
2018-04-19 20:00:00+00:00,55506.0,42656.595870941674,43094.517868011986,-437.922,12849.404129058326,12849.404129058326,False
2018-04-19 21:00:00+00:00,50281.0,41812.5680083986,41788.06046292741,24.507545,8468.4319916014,8468.4319916014,False
2018-04-19 22:00:00+00:00,46455.0,38480.44302236105,38388.47344838644,91.969574,7974.556977638953,7974.556977638953,False
2018-04-19 23:00:00+00:00,44733.0,35280.97820979397,35243.68426448147,37.293945,9452.021790206032,9452.021790206032,False
2018-04-20 00:00:00+00:00,43802.0,33195.23303935954,33163.8419146342,31.391125,10606.76696064046,10606.76696064046,False
2018-04-20 01:00:00+00:00,44157.0,32089.754276996253,32033.99831080973,55.755966,12067.245723003747,12067.245723003747,False
2018-04-20 02:00:00+00:00,44980.0,32002.973793722405,31933.983101583734,68.99069,12977.026206277595,12977.026206277595,False
2018-04-20 03:00:00+00:00,49226.0,32997.268688918775,32619.228375198072,378.0403,16228.731311081225,16228.731311081225,False
2018-04-20 04:00:00+00:00,57418.0,34886.27586611888,33943.4718500056,942.804,22531.72413388112,22531.72413388112,False
2018-04-20 05:00:00+00:00,62473.0,36338.893886221376,36605.71947826239,-266.8256,26134.106113778624,26134.106113778624,False
2018-04-20 06:00:00+00:00,65447.0,40171.760977273094,40509.206289773094,-337.4453,25275.239022726906,25275.239022726906,False
2018-04-20 07:00:00+00:00,66465.0,43427.492426236626,43797.02373727178,-369.5313,23037.507573763374,23037.507573763374,False
2018-04-20 08:00:00+00:00,67580.0,46135.962017848564,46223.41785128362,-87.45583,21444.037982151436,21444.037982151436,False
2018-04-20 09:00:00+00:00,67874.0,47886.048831046945,48017.95428758991,-131.90546,19987.951168953055,19987.951168953055,False
2018-04-20 10:00:00+00:00,66711.0,49260.88195501294,49445.906979427,-185.02502,17450.11804498706,17450.11804498706,False
2018-04-20 11:00:00+00:00,65382.0,49075.70727689741,49272.217118816356,-196.50984,16306.29272310259,16306.29272310259,False
2018-04-20 12:00:00+00:00,63550.0,47906.099239451105,47993.96439753216,-87.86516,15643.900760548895,15643.900760548895,False
2018-04-20 13:00:00+00:00,62148.0,46956.54051480337,46955.91424325748,0.62627155,15191.459485196632,15191.459485196632,False
2018-04-20 14:00:00+00:00,61271.0,46802.38334882137,46812.157799123495,-9.77445,14468.616651178629,14468.616651178629,False
2018-04-20 15:00:00+00:00,61526.0,48344.93266305621,48443.61452493365,-98.68186,13181.067336943794,13181.067336943794,False
2018-04-20 16:00:00+00:00,60893.0,50810.203455665716,50962.5867106706,-152.38326,10082.796544334284,10082.796544334284,False
2018-04-20 17:00:00+00:00,59999.0,50516.2136345562,50682.65691763726,-166.44328,9482.786365443797,9482.786365443797,False
2018-04-20 18:00:00+00:00,58527.0,48791.28653714668,48887.952621436234,-96.666084,9735.713462853317,9735.713462853317,False
2018-04-20 19:00:00+00:00,56933.0,45363.89069553159,45462.658197362645,-98.7675,11569.10930446841,11569.10930446841,False
2018-04-20 20:00:00+00:00,53089.0,42989.95551691969,43011.07001315077,-21.114496,10099.04448308031,10099.04448308031,False
2018-04-20 21:00:00+00:00,49207.0,41784.781087985626,41704.61260806619,80.16848,7422.218912014374,7422.218912014374,False
2018-04-20 22:00:00+00:00,46399.0,38262.10736156111,38305.02559352522,-42.918232,8136.892638438891,8136.892638438891,False
2018-04-20 23:00:00+00:00,44057.0,35062.85359712025,35160.23640962025,-97.38281,8994.146402879749,8994.146402879749,False
2018-04-21 00:00:00+00:00,42525.0,32946.47924959232,33080.39405977298,-133.91481,9578.520750407682,9578.520750407682,False
2018-04-21 01:00:00+00:00,42123.0,31657.213816544216,31950.550455948513,-293.33664,10465.786183455784,10465.786183455784,False
2018-04-21 02:00:00+00:00,42208.0,31289.92025648814,31850.535246722517,-560.615,10918.079743511858,10918.079743511858,False
2018-04-21 03:00:00+00:00,42849.0,30779.11230744623,32535.780520336855,-1756.6682,12069.88769255377,12069.88769255377,False
2018-04-21 04:00:00+00:00,44418.0,30853.696114285005,33860.02399514438,-3006.328,13564.303885714995,13564.303885714995,False
2018-04-21 05:00:00+00:00,48072.0,37285.770952014456,36522.271623401175,763.4993,10786.229047985544,10786.229047985544,False
2018-04-21 06:00:00+00:00,53175.0,41713.76527084938,40425.75843491188,1288.0068,11461.234729150623,11461.234729150623,False
2018-04-21 07:00:00+00:00,55230.0,44907.81184432463,43713.575882410565,1194.236,10322.188155675372,10322.188155675372,False
2018-04-21 08:00:00+00:00,56177.0,45328.93087288725,46139.969996422406,-811.0391,10848.06912711275,10848.06912711275,False
2018-04-21 09:00:00+00:00,56556.0,47622.29708214276,47934.5064327287,-312.20935,8933.702917857241,8933.702917857241,False
2018-04-21 10:00:00+00:00,55520.0,49343.99422359533,49362.45912456579,-18.464901,6176.005776404672,6176.005776404672,False
2018-04-21 11:00:00+00:00,53382.0,48855.497138711,49188.76926395514,-333.27213,4526.502861289002,4526.502861289002,False
2018-04-21 12:00:00+00:00,51639.0,47896.290738342024,47910.51654267094,-14.225804,3742.7092616579757,3742.7092616579757,False
2018-04-21 13:00:00+00:00,50695.0,47086.220599822045,46872.466388396264,213.75421,3608.779400177955,3608.779400177955,False
2018-04-21 14:00:00+00:00,49804.0,47162.11231852986,46728.70994426228,433.40237,2641.8876814701434,2641.8876814701434,False
2018-04-21 15:00:00+00:00,50155.0,48816.13120864665,48360.16667007243,455.96454,1338.8687913533504,1338.8687913533504,False
2018-04-21 16:00:00+00:00,51424.0,51180.91671835821,50879.13885580938,301.77786,243.08328164178965,243.08328164178965,False
2018-04-21 17:00:00+00:00,51620.0,50566.71724148698,50599.20906277604,-32.49182,1053.2827585130217,1053.2827585130217,False
2018-04-21 18:00:00+00:00,50362.0,48832.39348041169,48804.50476657502,27.888714,1529.606519588313,1529.606519588313,False
2018-04-21 19:00:00+00:00,49617.0,46034.09187326315,45379.21034250143,654.88153,3582.908126736853,3582.908126736853,False
2018-04-21 20:00:00+00:00,46757.0,43426.03756356299,42927.62215828955,498.4154,3330.96243643701,3330.96243643701,False
2018-04-21 21:00:00+00:00,43333.0,41537.82567239443,41621.164753204976,-83.33908,1795.1743276055713,1795.1743276055713,False
2018-04-21 22:00:00+00:00,39741.0,38216.86646833167,38221.577738664004,-4.7112703,1524.1335316683326,1524.1335316683326,False
2018-04-21 23:00:00+00:00,37576.0,35057.94820174695,35076.788554759034,-18.840353,2518.051798253051,2518.051798253051,False
2018-04-22 00:00:00+00:00,36556.0,32921.49645210415,32996.946204911765,-75.44975,3634.5035478958525,3634.5035478958525,False
2018-04-22 01:00:00+00:00,36225.0,31630.040085828507,31867.102601087296,-237.06252,4594.959914171493,4594.959914171493,False
2018-04-22 02:00:00+00:00,36249.0,31422.784901626925,31767.0873918613,-344.3025,4826.215098373075,4826.215098373075,False
2018-04-22 03:00:00+00:00,36749.0,31280.44497016314,32452.33266547564,-1171.8877,5468.555029836862,5468.555029836862,False
2018-04-22 04:00:00+00:00,36824.0,31409.754362939413,33776.57614028316,-2366.8218,5414.245637060587,5414.245637060587,False
2018-04-22 05:00:00+00:00,39313.0,36613.601310654216,36438.82376853996,174.77754,2699.398689345784,2699.398689345784,False
2018-04-22 06:00:00+00:00,43435.0,41029.43020895691,40342.31058005066,687.1196,2405.56979104309,2405.56979104309,False
2018-04-22 07:00:00+00:00,46462.0,44380.47025167044,43630.12802754935,750.3422,2081.529748329558,2081.529748329558,False
2018-04-22 08:00:00+00:00,48170.0,46137.951569661775,46056.52214156119,81.42943,2032.0484303382254,2032.0484303382254,False
2018-04-22 09:00:00+00:00,50027.0,48357.168044420214,47851.05857786748,506.10947,1669.8319555797862,1669.8319555797862,False
2018-04-22 10:00:00+00:00,49358.0,48792.81336321043,49279.01126970457,-486.1979,565.1866367895709,565.1866367895709,False
2018-04-22 11:00:00+00:00,47571.0,48678.83233438689,49105.32140909392,-426.48907,-1107.8323343868906,1107.8323343868906,False
2018-04-22 12:00:00+00:00,46357.0,48059.838386906406,47827.068687809726,232.7697,-1702.8383869064055,1702.8383869064055,False
2018-04-22 13:00:00+00:00,45626.0,47035.719415493055,46789.01853353505,246.70088,-1409.7194154930548,1409.7194154930548,False
2018-04-22 14:00:00+00:00,45601.0,47103.768376022155,46645.26208940106,458.5063,-1502.7683760221553,1502.7683760221553,False
2018-04-22 15:00:00+00:00,46532.0,48889.367252711214,48276.718815211214,612.64844,-2357.367252711214,2357.367252711214,False
2018-04-22 16:00:00+00:00,48323.0,51247.228262911056,50795.691000948165,451.53726,-2924.228262911056,2924.228262911056,False
2018-04-22 17:00:00+00:00,48915.0,50596.235817289824,50515.761207914824,80.47461,-1681.235817289824,1681.235817289824,False
2018-04-22 18:00:00+00:00,49408.0,49255.509304291925,48721.0569117138,534.4524,152.49069570807478,152.49069570807478,False
2018-04-22 19:00:00+00:00,49675.0,46250.64999984724,45295.76248764021,954.8875,3424.3500001527573,3424.3500001527573,False
2018-04-22 20:00:00+00:00,48177.0,42916.03585280578,42844.174303428335,71.86155,5260.964147194223,5260.964147194223,False
2018-04-22 21:00:00+00:00,44754.0,41389.2295326211,41537.71689834376,-148.48737,3364.7704673788976,3364.7704673788976,False
2018-04-22 22:00:00+00:00,42738.0,38225.750115431205,38138.12988380279,87.62023,4512.249884568795,4512.249884568795,False
2018-04-22 23:00:00+00:00,41287.0,35034.09587262731,34993.34069989782,40.755173,6252.904127372691,6252.904127372691,False
2018-04-23 00:00:00+00:00,40606.0,32952.354436781505,32913.49835005055,38.856087,7653.645563218495,7653.645563218495,False
2018-04-23 01:00:00+00:00,41136.0,31964.621161631352,31783.65474622608,180.96642,9171.378838368648,9171.378838368648,False
2018-04-23 02:00:00+00:00,42268.0,32124.89557948055,31683.639537000083,441.25604,10143.104420519448,10143.104420519448,False
2018-04-23 03:00:00+00:00,46732.0,33883.572920965984,32368.88481061442,1514.6881,12848.427079034016,12848.427079034016,False
2018-04-23 04:00:00+00:00,55828.0,37005.489125265696,33693.128285421946,3312.3608,18822.510874734304,18822.510874734304,False
2018-04-23 05:00:00+00:00,61400.0,35473.0498028389,36355.37591367874,-882.3261,25926.950197161103,25926.950197161103,False
2018-04-23 06:00:00+00:00,64775.0,39407.79656308007,40258.86272518944,-851.06616,25367.203436919932,25367.203436919932,False
2018-04-23 07:00:00+00:00,65547.0,43210.6781280104,43546.68017268813,-336.00204,22336.321871989603,22336.321871989603,False
2018-04-23 08:00:00+00:00,67248.0,46087.86641621657,45973.07428669997,114.79213,21160.133583783427,21160.133583783427,False
2018-04-23 09:00:00+00:00,67648.0,47863.11385105802,47767.61072300626,95.50313,19784.88614894198,19784.88614894198,False
2018-04-23 10:00:00+00:00,66806.0,49371.32553032187,49195.56341484335,175.76212,17434.67446967813,17434.67446967813,False
2018-04-23 11:00:00+00:00,65916.0,49273.4881019622,49021.873554232705,251.61455,16642.511898037803,16642.511898037803,False
2018-04-23 12:00:00+00:00,65247.0,47579.02819684011,47743.62083294851,-164.59264,17667.97180315989,17667.97180315989,False
2018-04-23 13:00:00+00:00,64344.0,46119.96020504102,46705.57067867383,-585.6105,18224.039794958982,18224.039794958982,False
2018-04-23 14:00:00+00:00,63828.0,45960.21700553594,46561.814234539845,-601.5972,17867.78299446406,17867.78299446406,False
2018-04-23 15:00:00+00:00,62718.0,47697.49550868984,48193.27096035,-495.77545,15020.50449131016,15020.50449131016,False
2018-04-23 16:00:00+00:00,63381.0,50361.03803744437,50712.24314608695,-351.2051,13019.96196255563,13019.96196255563,False
2018-04-23 17:00:00+00:00,63089.0,50150.57043313173,50432.31335305361,-281.74292,12938.429566868268,12938.429566868268,False
2018-04-23 18:00:00+00:00,61418.0,48264.081865690474,48637.60905685258,-373.5272,13153.918134309526,13153.918134309526,False
2018-04-23 19:00:00+00:00,59346.0,44591.354488736026,45212.314632778995,-620.96014,14754.645511263974,14754.645511263974,False
2018-04-23 20:00:00+00:00,54494.0,41768.880135090556,42760.72644856712,-991.8463,12725.119864909444,12725.119864909444,False
2018-04-23 21:00:00+00:00,49930.0,41577.87093404651,41454.26904348254,123.60189,8352.129065953493,8352.129065953493,False
2018-04-23 22:00:00+00:00,46004.0,38234.90161817497,38054.68202894157,180.21959,7769.0983818250315,7769.0983818250315,False
2018-04-23 23:00:00+00:00,44494.0,34930.36238849363,34909.8928450366,20.469543,9563.637611506369,9563.637611506369,False
2018-04-24 00:00:00+00:00,43488.0,32822.92491678586,32830.05049518933,-7.1255784,10665.075083214142,10665.075083214142,False
2018-04-24 01:00:00+00:00,43438.0,31714.69600707989,31700.20689136486,14.489116,11723.303992920111,11723.303992920111,False
2018-04-24 02:00:00+00:00,44722.0,31636.405244150585,31600.191682138866,36.213562,13085.594755849415,13085.594755849415,False
2018-04-24 03:00:00+00:00,48828.0,32721.907780948517,32285.436955753205,436.47083,16106.092219051483,16106.092219051483,False
2018-04-24 04:00:00+00:00,56548.0,34822.059580951354,33609.68043056073,1212.3792,21725.940419048646,21725.940419048646,False
2018-04-24 05:00:00+00:00,62130.0,35979.388172342915,36271.928058817524,-292.5399,26150.611827657085,26150.611827657085,False
2018-04-24 06:00:00+00:00,65431.0,39625.93250948838,40175.414870328226,-549.48236,25805.067490511618,25805.067490511618,False
2018-04-24 07:00:00+00:00,65703.0,42971.52336396949,43463.232317826914,-491.70895,22731.476636030508,22731.476636030508,False
2018-04-24 08:00:00+00:00,67419.0,46026.63677729774,45889.626431838755,137.01035,21392.36322270226,21392.36322270226,False
2018-04-24 09:00:00+00:00,69329.0,47732.79626047903,47684.162868145046,48.633392,21596.20373952097,21596.20373952097,True
2018-04-24 10:00:00+00:00,68610.0,49186.68594114669,49112.115559982136,74.57038,19423.314058853313,19423.314058853313,False
2018-04-24 11:00:00+00:00,68635.0,49055.4968358461,48938.42569937149,117.07114,19579.503164153903,19579.503164153903,False
2018-04-24 12:00:00+00:00,66734.0,47590.55726306044,47660.17297808729,-69.615715,19143.442736939563,19143.442736939563,False
2018-04-24 13:00:00+00:00,64852.0,46385.98926363195,46622.12282381261,-236.13356,18466.01073636805,18466.01073636805,False
2018-04-24 14:00:00+00:00,63457.0,46260.38063138761,46478.36637967863,-217.98575,17196.619368612388,17196.619368612388,False
2018-04-24 15:00:00+00:00,63090.0,47934.197876606944,48109.82310548878,-175.62523,15155.802123393056,15155.802123393056,False
2018-04-24 16:00:00+00:00,63223.0,50481.67569283706,50628.79529122573,-147.1196,12741.32430716294,12741.32430716294,False
2018-04-24 17:00:00+00:00,63641.0,50219.685246117195,50348.86549819239,-129.18025,13421.314753882805,13421.314753882805,False
2018-04-24 18:00:00+00:00,62069.0,48375.89627889566,48554.16120199137,-178.26492,13693.103721104337,13693.103721104337,False
2018-04-24 19:00:00+00:00,60228.0,44783.28264095489,45128.86677791778,-345.58414,15444.717359045113,15444.717359045113,False
2018-04-24 20:00:00+00:00,55719.0,42004.81869380356,42677.2785937059,-672.4599,13714.181306196442,13714.181306196442,False
2018-04-24 21:00:00+00:00,50488.0,41131.889700584215,41370.821188621325,-238.93149,9356.110299415785,9356.110299415785,False
2018-04-24 22:00:00+00:00,46871.0,38131.16113025711,37971.23417408035,159.92696,8739.838869742889,8739.838869742889,False
2018-04-24 23:00:00+00:00,44952.0,34896.908185976165,34826.44499017538,70.463196,10055.091814023835,10055.091814023835,False
2018-04-25 00:00:00+00:00,44192.0,32810.12706202001,32746.602640328114,63.52442,11381.872937979992,11381.872937979992,False
2018-04-25 01:00:00+00:00,44642.0,31689.896174870344,31616.759036503645,73.13714,12952.103825129656,12952.103825129656,False
2018-04-25 02:00:00+00:00,46034.0,31601.235549384583,31516.74382727765,84.49172,14432.764450615417,14432.764450615417,False
2018-04-25 03:00:00+00:00,50129.0,32738.090419251363,32201.989100891988,536.1013,17390.909580748637,17390.909580748637,False
2018-04-25 04:00:00+00:00,58327.0,34894.79837159795,33526.23257569951,1368.5658,23432.20162840205,23432.20162840205,False
2018-04-25 05:00:00+00:00,64460.0,35809.58091196412,36188.48020395631,-378.8993,28650.41908803588,28650.41908803588,False
2018-04-25 06:00:00+00:00,67940.0,39536.3877918342,40091.96701546701,-555.5792,28403.612208165803,28403.612208165803,False
2018-04-25 07:00:00+00:00,68579.0,42942.42292121765,43379.7844629657,-437.36154,25636.57707878235,25636.57707878235,False
2018-04-25 08:00:00+00:00,69268.0,45899.314631970214,45806.17857697754,93.136055,23368.685368029786,23368.685368029786,False
2018-04-25 09:00:00+00:00,70625.0,47644.654500741104,47600.71501328383,43.939487,22980.345499258896,22980.345499258896,True
2018-04-25 10:00:00+00:00,70323.0,49099.52176243293,49028.66770512092,70.85406,21223.47823756707,21223.47823756707,True
2018-04-25 11:00:00+00:00,69822.0,48934.74500301857,48854.97784451027,79.76716,20887.254996981428,20887.254996981428,True
2018-04-25 12:00:00+00:00,67540.0,47516.21195870581,47576.725123226075,-60.513165,20023.78804129419,20023.78804129419,False
2018-04-25 13:00:00+00:00,66434.0,46404.11440681761,46538.674968951396,-134.56056,20029.885593182393,20029.885593182393,False
2018-04-25 14:00:00+00:00,65033.0,46228.131827429715,46394.91852481741,-166.7867,18804.868172570285,18804.868172570285,False
2018-04-25 15:00:00+00:00,64732.0,47881.34369545178,48026.37525062756,-145.03156,16850.656304548218,16850.656304548218,False
2018-04-25 16:00:00+00:00,63703.0,50422.5663465818,50545.347436364515,-122.78109,13280.4336534182,13280.4336534182,False
2018-04-25 17:00:00+00:00,64210.0,50150.34081532824,50265.41764333117,-115.07683,14059.659184671757,14059.659184671757,False
2018-04-25 18:00:00+00:00,62942.0,48313.31066768679,48470.71334713015,-157.40268,14628.68933231321,14628.68933231321,False
2018-04-25 19:00:00+00:00,59790.0,44821.51432100578,45045.41892305656,-223.9046,14968.48567899422,14968.48567899422,False
2018-04-25 20:00:00+00:00,55163.0,42289.70885163765,42593.830738844685,-304.1219,12873.291148362347,12873.291148362347,False
2018-04-25 21:00:00+00:00,50606.0,41339.99550325474,41287.37333376011,52.62217,9266.004496745263,9266.004496745263,False
2018-04-25 22:00:00+00:00,47151.0,37941.70429178383,37887.786319219136,53.917973,9209.295708216167,9209.295708216167,False
2018-04-25 23:00:00+00:00,45447.0,34785.787357482135,34742.99713531417,42.790222,10661.212642517865,10661.212642517865,False
2018-04-26 00:00:00+00:00,44589.0,32711.351707769143,32663.154785466897,48.196922,11877.648292230857,11877.648292230857,False
2018-04-26 01:00:00+00:00,44939.0,31612.89259491147,31533.311181642428,79.58141,13326.107405088529,13326.107405088529,False
2018-04-26 02:00:00+00:00,46336.0,31582.02581555608,31433.295972416432,148.72984,14753.97418444392,14753.97418444392,False
2018-04-26 03:00:00+00:00,50468.0,32607.382981870614,32118.54124603077,488.84174,17860.617018129386,17860.617018129386,False
2018-04-26 04:00:00+00:00,58235.0,34401.16979163908,33442.784720838295,958.3851,23833.830208360923,23833.830208360923,False
2018-04-26 05:00:00+00:00,64015.0,35852.93203781579,36105.03234909509,-252.10031,28162.067962184206,28162.067962184206,False
2018-04-26 06:00:00+00:00,66877.0,39578.669185019855,40008.51916060579,-429.84998,27298.330814980145,27298.330814980145,False
2018-04-26 07:00:00+00:00,68212.0,42812.083434276356,43296.33660810448,-484.25317,25399.916565723644,25399.916565723644,False
2018-04-26 08:00:00+00:00,69251.0,45744.52968757042,45722.73072211632,21.798965,23506.470312429577,23506.470312429577,False
2018-04-26 09:00:00+00:00,69717.0,47543.23933211341,47517.26715842261,25.972174,22173.760667886592,22173.760667886592,True
2018-04-26 10:00:00+00:00,69726.0,49000.42922754852,48945.2198502597,55.209377,20725.57077245148,20725.57077245148,True
2018-04-26 11:00:00+00:00,68848.0,48838.642378259894,48771.529989649054,67.11239,20009.357621740106,20009.357621740106,False
2018-04-26 12:00:00+00:00,67468.0,47456.900876000356,47493.27726836486,-36.376392,20011.099123999644,20011.099123999644,False
2018-04-26 13:00:00+00:00,66073.0,46312.612596878265,46455.22711409018,-142.61452,19760.387403121735,19760.387403121735,False
2018-04-26 14:00:00+00:00,64991.0,46140.041943759905,46311.470669956194,-171.42873,18850.958056240095,18850.958056240095,False
2018-04-26 15:00:00+00:00,64224.0,47808.13712782201,47942.927395766346,-134.79027,16415.86287217799,16415.86287217799,False
2018-04-26 16:00:00+00:00,64233.0,50362.48082692566,50461.8995815033,-99.418755,13870.519173074339,13870.519173074339,False
2018-04-26 17:00:00+00:00,64396.0,50059.56184474437,50181.969788469956,-122.40794,14336.43815525563,14336.43815525563,False
2018-04-26 18:00:00+00:00,62112.0,48220.37447054042,48387.26549226893,-166.89102,13891.625529459583,13891.625529459583,False
2018-04-26 19:00:00+00:00,61045.0,44830.16705208206,44961.971068195344,-131.80402,16214.832947917937,16214.832947917937,False
2018-04-26 20:00:00+00:00,56119.0,42202.80115790925,42510.38288398347,-307.58173,13916.198842090751,13916.198842090751,False
2018-04-26 21:00:00+00:00,51421.0,41229.48679825009,41203.92547889889,25.56132,10191.513201749913,10191.513201749913,False
2018-04-26 22:00:00+00:00,47694.0,37853.15464935548,37804.33846435792,48.816185,9840.845350644522,9840.845350644522,False
2018-04-26 23:00:00+00:00,45778.0,34686.24442319892,34659.54928045295,26.695143,11091.755576801079,11091.755576801079,False
2018-04-27 00:00:00+00:00,44670.0,32614.32937857321,32579.70693060568,34.622448,12055.67062142679,12055.67062142679,False
2018-04-27 01:00:00+00:00,45588.0,31505.387695067344,31449.86332678121,55.52437,14082.612304932656,14082.612304932656,False
2018-04-27 02:00:00+00:00,47022.0,31424.936618531778,31349.848117555215,75.0885,15597.063381468222,15597.063381468222,False
2018-04-27 03:00:00+00:00,51003.0,32372.808387507444,32035.093391169554,337.715,18630.191612492556,18630.191612492556,False
2018-04-27 04:00:00+00:00,58240.0,33958.91669996145,33359.33686597708,599.57983,24281.083300038546,24281.083300038546,False
2018-04-27 05:00:00+00:00,63609.0,35868.94473898485,36021.58449423387,-152.63976,27740.05526101515,27740.05526101515,False
2018-04-27 06:00:00+00:00,65940.0,39605.18046712153,39925.071305744576,-319.89084,26334.81953287847,26334.81953287847,False
2018-04-27 07:00:00+00:00,66267.0,42885.389363594826,43212.88875324326,-327.4994,23381.610636405174,23381.610636405174,False
2018-04-27 08:00:00+00:00,66569.0,45565.94895917405,45639.282867255104,-73.33391,21003.05104082595,21003.05104082595,False
2018-04-27 09:00:00+00:00,66814.0,47304.4829388153,47433.819303561395,-129.33636,19509.5170611847,19509.5170611847,False
2018-04-27 10:00:00+00:00,66577.0,48677.59543595024,48861.771995398485,-184.17656,17899.404564049757,17899.404564049757,False
2018-04-27 11:00:00+00:00,64939.0,48513.048306052486,48688.08213478784,-175.03383,16425.951693947514,16425.951693947514,False
2018-04-27 12:00:00+00:00,62872.0,47390.39495572471,47409.82941350364,-19.434458,15481.60504427529,15481.60504427529,False
2018-04-27 13:00:00+00:00,61920.0,46429.523296857136,46371.77925922896,57.744038,15490.476703142864,15490.476703142864,False
2018-04-27 14:00:00+00:00,60813.0,46206.20290313819,46228.02281509498,-21.819912,14606.79709686181,14606.79709686181,False
2018-04-27 15:00:00+00:00,61324.0,47756.899035534036,47859.47954090513,-102.580505,13567.100964465964,13567.100964465964,False
2018-04-27 16:00:00+00:00,60881.0,50231.922841754385,50378.45172664208,-146.52888,10649.077158245615,10649.077158245615,False
2018-04-27 17:00:00+00:00,60557.0,49945.49713807651,50098.52193360874,-153.0248,10611.502861923487,10611.502861923487,False
2018-04-27 18:00:00+00:00,59298.0,48156.515910112794,48303.817637407716,-147.30173,11141.484089887206,11141.484089887206,False
2018-04-27 19:00:00+00:00,57847.0,44798.847226090475,44878.52321333413,-79.67599,13048.152773909525,13048.152773909525,False
2018-04-27 20:00:00+00:00,53539.0,42420.39543161096,42426.93502912225,-6.5395975,11118.60456838904,11118.60456838904,False
2018-04-27 21:00:00+00:00,49304.0,41198.83092603963,41120.477624037674,78.3533,8105.169073960373,8105.169073960373,False
2018-04-27 22:00:00+00:00,45966.0,37675.85750555383,37720.8906094967,-45.033104,8290.142494446169,8290.142494446169,False
2018-04-27 23:00:00+00:00,43723.0,34481.10110515716,34576.10142559173,-95.00032,9241.898894842838,9241.898894842838,False
2018-04-28 00:00:00+00:00,42641.0,32372.55887280257,32496.259075744463,-123.7002,10268.441127197431,10268.441127197431,False
2018-04-28 01:00:00+00:00,42613.0,31078.714605220775,31366.415471919994,-287.70087,11534.285394779225,11534.285394779225,False
2018-04-28 02:00:00+00:00,42481.0,30739.06804833853,31266.400262694,-527.3322,11741.93195166147,11741.93195166147,False
2018-04-28 03:00:00+00:00,43306.0,30277.773710136462,31951.645536308337,-1673.8718,13028.226289863538,13028.226289863538,False
2018-04-28 04:00:00+00:00,44825.0,30357.31235095961,33275.88901111586,-2918.5767,14467.687649040388,14467.687649040388,False
2018-04-28 05:00:00+00:00,48392.0,36782.38316036875,35938.13663937266,844.2465,11609.61683963125,11609.61683963125,False
2018-04-28 06:00:00+00:00,52678.0,41158.55826533648,39841.62345088336,1316.9348,11519.441734663516,11519.441734663516,False
2018-04-28 07:00:00+00:00,55722.0,44346.71262689767,43129.44089838205,1217.2717,11375.287373102328,11375.287373102328,False
2018-04-28 08:00:00+00:00,56594.0,44633.6134547767,45555.83501239389,-922.22156,11960.3865452233,11960.3865452233,False
2018-04-28 09:00:00+00:00,57185.0,47112.42003268455,47350.37144870018,-237.95142,10072.579967315447,10072.579967315447,False
2018-04-28 10:00:00+00:00,56067.0,48696.18214224625,48778.32414053727,-82.142,7370.817857753747,7370.817857753747,False
2018-04-28 11:00:00+00:00,54164.0,48265.58853407701,48604.63427992662,-339.04575,5898.411465922989,5898.411465922989,False
2018-04-28 12:00:00+00:00,52055.0,47441.50861857895,47326.381558642424,115.12706,4613.491381421052,4613.491381421052,False
2018-04-28 13:00:00+00:00,51216.0,46494.05778376228,46288.331404367746,205.72638,4721.942216237723,4721.942216237723,False
2018-04-28 14:00:00+00:00,50576.0,46631.804025175166,46144.57496023376,487.22906,3944.1959748248337,3944.1959748248337,False
2018-04-28 15:00:00+00:00,51360.0,48112.069558358366,47776.03168604391,336.03787,3247.9304416416344,3247.9304416416344,False
2018-04-28 16:00:00+00:00,52213.0,50422.28083406114,50295.003871780864,127.27696,1790.7191659388627,1790.7191659388627,False
2018-04-28 17:00:00+00:00,51992.0,49899.00455207516,50015.07407874752,-116.06953,2092.995447924841,2092.995447924841,False
2018-04-28 18:00:00+00:00,51028.0,48235.537193397024,48220.3697825465,15.167411,2792.4628066029763,2792.4628066029763,False
2018-04-28 19:00:00+00:00,49972.0,45282.36088093385,44795.07535847291,487.28552,4689.6391190661525,4689.6391190661525,False
2018-04-28 20:00:00+00:00,47394.0,42986.30461810869,42343.487174261034,642.81744,4407.69538189131,4407.69538189131,False
2018-04-28 21:00:00+00:00,44139.0,40963.99616932294,41037.02976917646,-73.0336,3175.0038306770584,3175.0038306770584,False
2018-04-28 22:00:00+00:00,40551.0,37561.24118603197,37637.442754635485,-76.20157,2989.75881396803,2989.75881396803,False
2018-04-28 23:00:00+00:00,38349.0,34444.882269460984,34492.653570730516,-47.7713,3904.1177305390156,3904.1177305390156,False
2018-04-29 00:00:00+00:00,37461.0,32307.793291806098,32412.811220883246,-105.01793,5153.206708193902,5153.206708193902,False
2018-04-29 01:00:00+00:00,36948.0,31005.406276726746,31282.967617058777,-277.56134,5942.593723273254,5942.593723273254,False
2018-04-29 02:00:00+00:00,37065.0,30785.367691035906,31182.95240783278,-397.58472,6279.632308964094,6279.632308964094,False
2018-04-29 03:00:00+00:00,37367.0,30589.067188283057,31868.19768144712,-1279.1305,6777.9328117169425,6777.9328117169425,False
2018-04-29 04:00:00+00:00,37457.0,30646.911859379645,33192.441156254645,-2545.5293,6810.088140620355,6810.088140620355,False
2018-04-29 05:00:00+00:00,40224.0,36056.86441317355,35854.68878451144,202.17563,4167.135586826451,4167.135586826451,False
2018-04-29 06:00:00+00:00,44082.0,40576.32195832683,39758.17559602214,818.14636,3505.678041673171,3505.678041673171,False
2018-04-29 07:00:00+00:00,47057.0,43856.80652008333,43045.99304352083,810.8135,3200.19347991667,3200.19347991667,False
2018-04-29 08:00:00+00:00,48637.0,45564.25592431734,45472.38715753267,91.86877,3072.744075682662,3072.744075682662,False
2018-04-29 09:00:00+00:00,50675.0,47818.413767178805,47266.92359383896,551.4902,2856.586232821195,2856.586232821195,False
2018-04-29 10:00:00+00:00,50974.0,48113.375064972926,48694.87628567605,-581.5012,2860.6249350270737,2860.6249350270737,False
2018-04-29 11:00:00+00:00,48449.0,48037.76833424509,48521.1864250654,-483.4181,411.23166575490905,411.23166575490905,False
2018-04-29 12:00:00+00:00,46683.0,47457.16197526558,47242.93370378121,214.22827,-774.1619752655824,774.1619752655824,False
2018-04-29 13:00:00+00:00,45974.0,46433.759281928404,46204.88354950653,228.87573,-459.75928192840365,459.75928192840365,False
2018-04-29 14:00:00+00:00,45716.0,46507.88149990379,46061.12710537254,446.7544,-791.8814999037932,791.8814999037932,False
2018-04-29 15:00:00+00:00,47098.0,48317.091826788164,47692.583831182696,624.508,-1219.0918267881643,1219.0918267881643,False
2018-04-29 16:00:00+00:00,48507.0,50621.00276374582,50211.55601691965,409.44675,-2114.002763745819,2114.002763745819,False
2018-04-29 17:00:00+00:00,48594.0,49996.153651559645,49931.626223886306,64.52743,-1402.1536515596454,1402.1536515596454,False
2018-04-29 18:00:00+00:00,48302.0,48575.958335155985,48136.92192768528,439.0364,-273.95833515598497,273.95833515598497,False
2018-04-29 19:00:00+00:00,48820.0,45626.59570429529,44711.62750361169,914.9682,3193.404295704713,3193.404295704713,False
2018-04-29 20:00:00+00:00,46847.0,42455.28339898966,42260.03931939982,195.24408,4391.716601010339,4391.716601010339,False
2018-04-29 21:00:00+00:00,43596.0,40865.62781275274,40953.58191431524,-87.9541,2730.3721872472597,2730.3721872472597,False
2018-04-29 22:00:00+00:00,41216.0,37610.89868166514,37553.99489977427,56.90378,3605.1013183348623,3605.1013183348623,False
2018-04-29 23:00:00+00:00,39365.0,34427.030371402136,34409.2057158693,17.824656,4937.969628597864,4937.969628597864,False
2018-04-30 00:00:00+00:00,39410.0,32329.956247045913,32329.36336602203,0.592881,7080.043752954087,7080.043752954087,False
2018-04-30 01:00:00+00:00,39931.0,31198.44995812518,31199.51976219756,-1.0698041,8732.55004187482,8732.55004187482,False
2018-04-30 02:00:00+00:00,41529.0,31058.535825859748,31099.504552971564,-40.968727,10470.464174140252,10470.464174140252,False
2018-04-30 03:00:00+00:00,44521.0,31034.562448656216,31784.749826585903,-750.1874,13486.437551343784,13486.437551343784,False
2018-04-30 04:00:00+00:00,50192.0,31134.512710573115,33108.99330139343,-1974.4806,19057.487289426885,19057.487289426885,False
2018-04-30 05:00:00+00:00,55401.0,36680.185875939285,35771.24092965022,908.94495,18720.814124060715,18720.814124060715,False
2018-04-30 06:00:00+00:00,58827.0,40387.11189643436,39674.727741160925,712.38416,18439.888103565638,18439.888103565638,False
2018-04-30 07:00:00+00:00,60805.0,42337.87935614008,42962.54518865961,-624.66583,18467.12064385992,18467.12064385992,False
2018-04-30 08:00:00+00:00,62744.0,45340.41081069758,45388.93930267145,-48.528492,17403.589189302424,17403.589189302424,False
2018-04-30 09:00:00+00:00,64116.0,47200.11388633187,47183.475738977744,16.638147,16915.88611366813,16915.88611366813,False
2018-04-30 10:00:00+00:00,63887.0,48647.77051379213,48611.428430814834,36.342083,15239.22948620787,15239.22948620787,False
2018-04-30 11:00:00+00:00,62087.0,48552.852950087,48437.73857020419,115.11438,13534.147049913001,13534.147049913001,False
2018-04-30 12:00:00+00:00,60437.0,47305.24028922761,47159.48584891999,145.75444,13131.759710772392,13131.759710772392,False
2018-04-30 13:00:00+00:00,59059.0,46196.43360419121,46121.43569464531,74.99791,12862.56639580879,12862.56639580879,False
2018-04-30 14:00:00+00:00,58207.0,45595.78804567734,45977.679250511326,-381.8912,12611.211954322658,12611.211954322658,False
2018-04-30 15:00:00+00:00,57581.0,47191.12828589179,47609.13597632148,-418.0077,10389.871714108209,10389.871714108209,False
2018-04-30 16:00:00+00:00,57324.0,49790.38291181429,50128.10816205843,-337.72525,7533.617088185711,7533.617088185711,False
2018-04-30 17:00:00+00:00,56586.0,49565.852899054385,49848.17836902509,-282.32547,7020.1471009456145,7020.1471009456145,False
2018-04-30 18:00:00+00:00,54809.0,47810.061810861174,48053.474072824065,-243.41226,6998.938189138826,6998.938189138826,False
2018-04-30 19:00:00+00:00,53280.0,44616.95805870836,44628.179648750476,-11.22159,8663.041941291638,8663.041941291638,False
2018-04-30 20:00:00+00:00,49620.0,42363.79259063723,42176.5914645386,187.20113,7256.207409362767,7256.207409362767,False
2018-04-30 21:00:00+00:00,45861.0,41079.95267822844,40870.13405945402,209.81862,4781.047321771563,4781.047321771563,False
2018-04-30 22:00:00+00:00,43667.0,37741.503709952114,37470.54704491305,270.95667,5925.496290047886,5925.496290047886,False
2018-04-30 23:00:00+00:00,41869.0,34400.3161495823,34325.75786100808,74.55829,7468.683850417699,7468.683850417699,False
2018-05-01 00:00:00+00:00,40471.0,32277.676531821213,32245.915511160812,31.76102,8193.323468178787,8193.323468178787,False
2018-05-01 01:00:00+00:00,40064.0,31214.718849475015,31116.071907336343,98.64694,8849.281150524985,8849.281150524985,False
2018-05-01 02:00:00+00:00,40336.0,31222.658443715816,31016.056698110347,206.60175,9113.341556284184,9113.341556284184,False
2018-05-01 03:00:00+00:00,40322.0,32072.381714156327,31701.301971724686,371.07974,8249.618285843673,8249.618285843673,False
2018-05-01 04:00:00+00:00,39743.0,31377.113927977523,33025.54544653221,-1648.4315,8365.886072022477,8365.886072022477,False
2018-05-01 05:00:00+00:00,42359.0,36068.102187337834,35687.793074789006,380.3091,6290.897812662166,6290.897812662166,False
2018-05-01 06:00:00+00:00,45823.0,40733.646463448145,39591.27988629971,1142.3666,5089.353536551855,5089.353536551855,False
2018-05-01 07:00:00+00:00,49228.0,43753.52207745074,42879.097333798396,874.42474,5474.47792254926,5474.47792254926,False
2018-05-01 08:00:00+00:00,52081.0,45310.70230949313,45305.49144781024,5.2108617,6770.297690506872,6770.297690506872,False
2018-05-01 09:00:00+00:00,52997.0,47329.588324180004,47100.02788411653,229.56044,5667.411675819996,5667.411675819996,False
2018-05-01 10:00:00+00:00,52434.0,48118.04103127588,48527.98057595362,-409.93954,4315.958968724117,4315.958968724117,False
2018-05-01 11:00:00+00:00,50944.0,48272.89320099971,48354.29071534297,-81.397514,2671.106799000292,2671.106799000292,False
2018-05-01 12:00:00+00:00,49386.0,47219.14772001092,47076.03799405877,143.10973,2166.852279989078,2166.852279989078,False
2018-05-01 13:00:00+00:00,48485.0,46205.834534730384,46037.987839784095,167.8467,2279.165465269616,2279.165465269616,False
2018-05-01 14:00:00+00:00,47858.0,46186.8138541462,45894.23139565011,292.58246,1671.186145853797,1671.186145853797,False
2018-05-01 15:00:00+00:00,48300.0,47935.69858898956,47525.68812146026,410.01047,364.30141101044137,364.30141101044137,False
2018-05-01 16:00:00+00:00,49583.0,50338.22769000971,50044.66030719721,293.56738,-755.2276900097131,755.2276900097131,False
2018-05-01 17:00:00+00:00,49490.0,49732.69479333868,49764.73051416387,-32.03572,-242.6947933386764,242.6947933386764,False
2018-05-01 18:00:00+00:00,48323.0,48085.738765265094,47970.02621796285,115.71255,237.26123473490588,237.26123473490588,False
2018-05-01 19:00:00+00:00,48723.0,45014.92988348887,44544.73179388926,470.1981,3708.0701165111313,3708.0701165111313,False
2018-05-01 20:00:00+00:00,47488.0,42498.79418340785,42093.14360967738,405.65057,4989.205816592148,4989.205816592148,False
2018-05-01 21:00:00+00:00,43659.0,40734.48636786185,40786.68620459281,-52.199837,2924.5136321381506,2924.5136321381506,False
2018-05-01 22:00:00+00:00,41784.0,37510.84191160945,37387.099190051835,123.74272,4273.158088390548,4273.158088390548,False
2018-05-01 23:00:00+00:00,40297.0,34306.35082340761,34242.310006146865,64.04082,5990.649176592393,5990.649176592393,False
2018-05-02 00:00:00+00:00,39097.0,32221.872121021275,32162.467656299596,59.404465,6875.127878978725,6875.127878978725,False
2018-05-02 01:00:00+00:00,39542.0,31198.83201451126,31032.624052475127,166.20796,8343.16798548874,8343.16798548874,False
2018-05-02 02:00:00+00:00,41532.0,31384.04731981163,30932.60884324913,451.43848,10147.95268018837,10147.95268018837,False
2018-05-02 03:00:00+00:00,46407.0,33217.69481510566,31617.85411686347,1599.8407,13189.305184894343,13189.305184894343,False
2018-05-02 04:00:00+00:00,55396.0,36500.942318233494,32942.097591670994,3558.8447,18895.057681766506,18895.057681766506,False
2018-05-02 05:00:00+00:00,61619.0,34906.452214556695,35604.34521992779,-697.893,26712.547785443305,26712.547785443305,False
2018-05-02 06:00:00+00:00,65349.0,38919.91833514943,39507.83203143849,-587.9137,26429.08166485057,26429.08166485057,False
2018-05-02 07:00:00+00:00,66206.0,42414.95303728679,42795.64947893718,-380.69644,23791.04696271321,23791.04696271321,False
2018-05-02 08:00:00+00:00,67021.0,45326.57890178691,45222.04359294902,104.53531,21694.42109821309,21694.42109821309,False
2018-05-02 09:00:00+00:00,68531.0,47103.21309352533,47016.58002925531,86.633064,21427.78690647467,21427.78690647467,False
2018-05-02 10:00:00+00:00,67285.0,48585.69547133654,48444.5327210924,141.16275,18699.30452866346,18699.30452866346,False
2018-05-02 11:00:00+00:00,66832.0,48495.774806282534,48270.84286048175,224.93195,18336.225193717466,18336.225193717466,False
2018-05-02 12:00:00+00:00,66019.0,46923.12993411943,46992.59013919756,-69.460205,19095.87006588057,19095.87006588057,False
2018-05-02 13:00:00+00:00,65569.0,45428.52533648538,45954.53998492288,-526.01465,20140.474663514622,20140.474663514622,False
2018-05-02 14:00:00+00:00,63902.0,45299.6698322928,45810.78354078889,-511.1137,18602.3301677072,18602.3301677072,False
2018-05-02 15:00:00+00:00,63285.0,47106.66568163811,47442.240266599045,-335.5746,16178.334318361893,16178.334318361893,False
2018-05-02 16:00:00+00:00,63619.0,49758.093174381895,49961.212452335996,-203.11928,13860.906825618105,13860.906825618105,False
2018-05-02 17:00:00+00:00,63505.0,49524.06218505949,49681.282659302655,-157.22047,13980.93781494051,13980.93781494051,False
2018-05-02 18:00:00+00:00,62102.0,47655.22980658308,47886.57836310163,-231.34856,14446.770193416924,14446.770193416924,False
2018-05-02 19:00:00+00:00,60724.0,44018.70944561984,44461.28393902804,-442.5745,16705.29055438016,16705.29055438016,False
2018-05-02 20:00:00+00:00,56541.0,41158.933242609135,42009.695754816166,-850.7625,15382.066757390865,15382.066757390865,False
2018-05-02 21:00:00+00:00,51893.0,40353.60672741714,40703.23834973159,-349.63162,11539.393272582864,11539.393272582864,False
2018-05-02 22:00:00+00:00,48377.0,37467.32264561542,37303.65133519062,163.67131,10909.677354384577,10909.677354384577,False
2018-05-02 23:00:00+00:00,46267.0,34239.559630533695,34158.86215128565,80.69748,12027.440369466305,12027.440369466305,False
2018-05-03 00:00:00+00:00,45446.0,32134.780913651513,32079.01980143838,55.761112,13311.219086348487,13311.219086348487,False
2018-05-03 01:00:00+00:00,45413.0,31018.831280316546,30949.17619761391,69.65508,14394.168719683454,14394.168719683454,False
2018-05-03 02:00:00+00:00,46475.0,30940.400803146214,30849.160988387914,91.239815,15534.599196853786,15534.599196853786,False
2018-05-03 03:00:00+00:00,50241.0,32016.8644834378,31534.406262002252,482.45822,18224.1355165622,18224.1355165622,False
2018-05-03 04:00:00+00:00,57483.0,34037.337114739465,32858.64973680978,1178.6874,23445.662885260535,23445.662885260535,False
2018-05-03 05:00:00+00:00,63872.0,35184.905787918135,35520.89736506657,-335.99158,28687.094212081865,28687.094212081865,False
2018-05-03 06:00:00+00:00,66654.0,38877.691793764774,39424.384176577274,-546.6924,27776.308206235226,27776.308206235226,False
2018-05-03 07:00:00+00:00,66750.0,42232.79128472049,42712.20162407596,-479.41034,24517.208715279507,24517.208715279507,False
2018-05-03 08:00:00+00:00,67600.0,45220.103840504795,45138.5957380878,81.5081,22379.896159495205,22379.896159495205,False
2018-05-03 09:00:00+00:00,68669.0,46961.62912454363,46933.13217439409,28.49695,21707.37087545637,21707.37087545637,False
2018-05-03 10:00:00+00:00,67838.0,48413.86183995555,48361.084866231184,52.776974,19424.13816004445,19424.13816004445,False
2018-05-03 11:00:00+00:00,67389.0,48249.91349927288,48187.395005620536,62.518494,19139.08650072712,19139.08650072712,False
2018-05-03 12:00:00+00:00,66272.0,46864.38846582438,46909.14228433634,-44.75382,19407.611534175623,19407.611534175623,False
2018-05-03 13:00:00+00:00,65464.0,45700.94904839662,45871.09213006166,-170.14308,19763.050951603378,19763.050951603378,False
2018-05-03 14:00:00+00:00,63951.0,45539.218498427676,45727.335685927676,-188.11719,18411.781501572324,18411.781501572324,False
2018-05-03 15:00:00+00:00,63032.0,47238.013328485875,47358.79241173783,-120.77908,15793.986671514125,15793.986671514125,False
2018-05-03 16:00:00+00:00,63366.0,49816.6306367509,49877.76459747478,-61.13396,13549.369363249098,13549.369363249098,False
2018-05-03 17:00:00+00:00,63419.0,49517.06982793997,49597.83480444144,-80.76498,13901.930172060027,13901.930172060027,False
2018-05-03 18:00:00+00:00,61505.0,47660.78613263006,47803.130508240414,-142.34438,13844.213867369937,13844.213867369937,False
2018-05-03 19:00:00+00:00,59831.0,44165.31034258968,44377.836084166825,-212.52574,15665.689657410323,15665.689657410323,False
2018-05-03 20:00:00+00:00,56050.0,41502.71082109753,41926.24789995495,-423.53708,14547.289178902472,14547.289178902472,False
2018-05-03 21:00:00+00:00,51322.0,40586.13135714454,40619.79049487037,-33.659138,10735.868642855457,10735.868642855457,False
2018-05-03 22:00:00+00:00,47607.0,37272.50924357403,37220.2034803294,52.305763,10334.49075642597,10334.49075642597,False
2018-05-03 23:00:00+00:00,46381.0,34097.74862602953,34075.41429642443,22.33433,12283.251373970466,12283.251373970466,False
2018-05-04 00:00:00+00:00,45159.0,32029.492948011488,31995.57194657716,33.921,13129.507051988512,13129.507051988512,False
2018-05-04 01:00:00+00:00,45997.0,30930.46626542115,30865.728342752693,64.73792,15066.53373457885,15066.53373457885,False
2018-05-04 02:00:00+00:00,47432.0,30851.62822599496,30765.713133526697,85.91509,16580.37177400504,16580.37177400504,False
2018-05-04 03:00:00+00:00,50490.0,31739.17349503166,31450.958407141035,288.2151,18750.82650496834,18750.82650496834,False
2018-05-04 04:00:00+00:00,57608.0,33122.46198326692,32775.20188194856,347.2601,24485.53801673308,24485.53801673308,False
2018-05-04 05:00:00+00:00,63218.0,35100.976518261996,35437.449510205355,-336.473,28117.023481738004,28117.023481738004,False
2018-05-04 06:00:00+00:00,65754.0,38991.432140807854,39340.93632171606,-349.50418,26762.567859192146,26762.567859192146,False
2018-05-04 07:00:00+00:00,66598.0,42282.300155933495,42628.753769214745,-346.4536,24315.699844066505,24315.699844066505,False
2018-05-04 08:00:00+00:00,67466.0,44938.584170152855,45055.147883226586,-116.56371,22527.415829847145,22527.415829847145,False
2018-05-04 09:00:00+00:00,67801.0,46688.52002815104,46849.68431953288,-161.16429,21112.47997184896,21112.47997184896,False
2018-05-04 10:00:00+00:00,67802.0,48075.740374407076,48277.63701136997,-201.89664,19726.259625592924,19726.259625592924,False
2018-05-04 11:00:00+00:00,66660.0,47912.26172595463,48103.94715075932,-191.68542,18747.73827404537,18747.73827404537,False
2018-05-04 12:00:00+00:00,64711.0,46762.736322480494,46825.69442947512,-62.958107,17948.263677519506,17948.263677519506,False
2018-05-04 13:00:00+00:00,63959.0,45814.54686690577,45787.644275200444,26.902592,18144.453133094234,18144.453133094234,False
2018-05-04 14:00:00+00:00,62828.0,45632.21295008501,45643.88783106646,-11.674881,17195.787049914987,17195.787049914987,False
2018-05-04 15:00:00+00:00,62146.0,47198.13889891763,47275.34455687661,-77.20566,14947.861101082373,14947.861101082373,False
2018-05-04 16:00:00+00:00,61782.0,49676.38710088993,49794.31674261356,-117.92964,12105.61289911007,12105.61289911007,False
2018-05-04 17:00:00+00:00,61109.0,49350.05595592788,49514.38694958022,-164.331,11758.944044072123,11758.944044072123,False
2018-05-04 18:00:00+00:00,58891.0,47524.339757871385,47719.6826533792,-195.3429,11366.660242128615,11366.660242128615,False
2018-05-04 19:00:00+00:00,57572.0,44240.999046261175,44294.38822930561,-53.389183,13331.000953738825,13331.000953738825,False
2018-05-04 20:00:00+00:00,54370.0,41937.654155811506,41842.80004509373,94.85411,12432.345844188494,12432.345844188494,False
2018-05-04 21:00:00+00:00,49848.0,40602.1469841864,40536.342640009156,65.804344,9245.853015813598,9245.853015813598,False
2018-05-04 22:00:00+00:00,46431.0,37093.948546153,37136.755625468184,-42.80708,9337.051453847002,9337.051453847002,False
2018-05-04 23:00:00+00:00,44027.0,33902.93530600413,33991.966441563214,-89.031136,10124.064693995868,10124.064693995868,False
2018-05-05 00:00:00+00:00,42564.0,31797.892531962527,31912.124091715945,-114.23156,10766.107468037473,10766.107468037473,False
2018-05-05 01:00:00+00:00,42449.0,30513.22070395593,30782.280487891476,-269.05978,11935.779296044071,11935.779296044071,False
2018-05-05 02:00:00+00:00,43071.0,30175.641468851027,30682.26527866548,-506.6238,12895.358531148973,12895.358531148973,False
2018-05-05 03:00:00+00:00,43242.0,29381.489312045444,31367.51055227982,-1986.0212,13860.510687954556,13860.510687954556,False
2018-05-05 04:00:00+00:00,45276.0,29409.44079466547,32691.754027087343,-3282.3132,15866.559205334532,15866.559205334532,False
2018-05-05 05:00:00+00:00,49537.0,36170.0921094457,35354.00165534414,816.09045,13366.9078905543,13366.9078905543,False
2018-05-05 06:00:00+00:00,54072.0,40422.41180669859,39257.48846685484,1164.9233,13649.58819330141,13649.58819330141,False
2018-05-05 07:00:00+00:00,56090.0,43619.26746220509,42545.30591435353,1073.9615,12470.73253779491,12470.73253779491,False
2018-05-05 08:00:00+00:00,57075.0,44148.93629545521,44971.70002836537,-822.76373,12926.063704544787,12926.063704544787,False
2018-05-05 09:00:00+00:00,57016.0,46469.60993879275,46766.23646467166,-296.62653,10546.390061207247,10546.390061207247,False
2018-05-05 10:00:00+00:00,56194.0,48211.24024293453,48194.18915650875,17.051086,7982.759757065469,7982.759757065469,False
2018-05-05 11:00:00+00:00,54390.0,47704.28371972623,48020.4992958981,-316.21558,6685.716280273773,6685.716280273773,False
2018-05-05 12:00:00+00:00,52089.0,46657.32322714076,46742.246574613906,-84.92335,5431.676772859239,5431.676772859239,False
2018-05-05 13:00:00+00:00,50864.0,45895.618661550165,45704.19642033923,191.42224,4968.381338449835,4968.381338449835,False
2018-05-05 14:00:00+00:00,50477.0,45974.22040223063,45560.43997620524,413.78043,4502.779597769368,4502.779597769368,False
2018-05-05 15:00:00+00:00,50947.0,47621.92496129274,47191.896702015394,430.02826,3325.075038707262,3325.075038707262,False
2018-05-05 16:00:00+00:00,51533.0,49988.629324764064,49710.868887752345,277.76044,1544.3706752359358,1544.3706752359358,False
2018-05-05 17:00:00+00:00,51495.0,49458.28838556678,49430.939094719004,27.34929,2036.7116144332176,2036.7116144332176,False
2018-05-05 18:00:00+00:00,49713.0,47502.13224419669,47636.23479851798,-134.10255,2210.8677558033087,2210.8677558033087,False
2018-05-05 19:00:00+00:00,49053.0,44773.130743096735,44210.94037444439,562.19037,4279.869256903265,4279.869256903265,False
2018-05-05 20:00:00+00:00,47386.0,42420.98854277158,41759.352190232516,661.63635,4965.011457228422,4965.011457228422,False
2018-05-05 21:00:00+00:00,44021.0,40355.01975463036,40452.89478514794,-97.87503,3665.9802453696393,3665.9802453696393,False
2018-05-05 22:00:00+00:00,40543.0,37036.35390364835,37053.30777060697,-16.953867,3506.646096351651,3506.646096351651,False
2018-05-05 23:00:00+00:00,39057.0,33869.4873290726,33908.518586702,-39.031258,5187.512670927397,5187.512670927397,False
2018-05-06 00:00:00+00:00,38023.0,31730.165097938712,31828.676236854728,-98.51114,6292.834902061288,6292.834902061288,False
2018-05-06 01:00:00+00:00,37812.0,30479.089041721665,30698.83263303026,-219.74359,7332.910958278335,7332.910958278335,False
2018-05-06 02:00:00+00:00,37977.0,30254.297892554263,30598.817423804263,-344.51953,7722.702107445737,7722.702107445737,False
2018-05-06 03:00:00+00:00,37663.0,29970.626296051414,31284.0626974186,-1313.4364,7692.373703948586,7692.373703948586,False
2018-05-06 04:00:00+00:00,37767.0,30233.5695999605,32608.306172226126,-2374.7366,7533.430400039499,7533.430400039499,False
2018-05-06 05:00:00+00:00,41016.0,35630.51806439894,35270.55380048292,359.96426,5385.481935601063,5385.481935601063,False
2018-05-06 06:00:00+00:00,44798.0,39862.53621746237,39174.04061199362,688.4956,4935.463782537627,4935.463782537627,False
2018-05-06 07:00:00+00:00,47496.0,43138.98086222669,42461.85805949231,677.1228,4357.019137773314,4357.019137773314,False
2018-05-06 08:00:00+00:00,49090.0,44914.71608265332,44888.25217350415,26.46391,4175.283917346678,4175.283917346678,False
2018-05-06 09:00:00+00:00,50634.0,46908.040868111224,46682.78860981044,225.25226,3725.959131888776,3725.959131888776,False
2018-05-06 10:00:00+00:00,50496.0,47975.657302013744,48110.74130164753,-135.084,2520.342697986256,2520.342697986256,False
2018-05-06 11:00:00+00:00,48374.0,47605.875507198994,47937.051441036885,-331.17593,768.1244928010055,768.1244928010055,False
2018-05-06 12:00:00+00:00,46669.0,46842.4100326189,46658.79871975269,183.61131,-173.4100326189,173.4100326189,False
2018-05-06 13:00:00+00:00,45940.0,45872.86108378856,45620.74856547801,252.11252,67.13891621144285,67.13891621144285,False
2018-05-06 14:00:00+00:00,45936.0,45851.495844488556,45476.992121344025,374.50372,84.50415551144397,84.50415551144397,False
2018-05-06 15:00:00+00:00,46565.0,47697.40471873621,47108.44884715418,588.9559,-1132.4047187362085,1132.4047187362085,False
2018-05-06 16:00:00+00:00,48497.0,50103.28162859425,49627.42103289113,475.8606,-1606.2816285942536,1606.2816285942536,False
2018-05-06 17:00:00+00:00,49324.0,49511.770399403686,49347.49123985779,164.27916,-187.7703994036856,187.7703994036856,False
2018-05-06 18:00:00+00:00,49377.0,47864.6971914595,47552.78694365676,311.91025,1512.3028085405022,1512.3028085405022,False
2018-05-06 19:00:00+00:00,49764.0,45074.95437261052,44127.492519583175,947.46185,4689.0456273894815,4689.0456273894815,False
2018-05-06 20:00:00+00:00,49054.0,41995.562752119346,41675.9043353713,319.65842,7058.4372478806545,7058.4372478806545,False
2018-05-06 21:00:00+00:00,45974.0,40269.861824390726,40369.44693028672,-99.585106,5704.138175609274,5704.138175609274,False
2018-05-06 22:00:00+00:00,43640.0,37053.342917454735,36969.85991574575,83.483,6586.657082545265,6586.657082545265,False
2018-05-06 23:00:00+00:00,42330.0,33886.561923704794,33825.07073184078,61.49119,8443.438076295206,8443.438076295206,False
2018-05-07 00:00:00+00:00,41500.0,31774.460239293316,31745.22838199351,29.231857,9725.539760706684,9725.539760706684,False
2018-05-07 01:00:00+00:00,41607.0,30776.883267548925,30615.384778169042,161.49849,10830.116732451075,10830.116732451075,False
2018-05-07 02:00:00+00:00,43109.0,30988.670380710624,30515.369568943046,473.3008,12120.329619289376,12120.329619289376,False
2018-05-07 03:00:00+00:00,47308.0,32615.22787966676,31200.614842557385,1414.613,14692.77212033324,14692.77212033324,False
2018-05-07 04:00:00+00:00,55724.0,35822.009928693034,32524.85831736491,3297.1516,19901.990071306966,19901.990071306966,False
2018-05-07 05:00:00+00:00,62085.0,34454.747547184204,35187.105945621704,-732.3584,27630.252452815796,27630.252452815796,False
2018-05-07 06:00:00+00:00,65669.0,38176.46586504256,39090.59275713241,-914.1269,27492.534134957437,27492.534134957437,False
2018-05-07 07:00:00+00:00,66641.0,42029.83326981664,42378.410204631095,-348.57693,24611.16673018336,24611.16673018336,False
2018-05-07 08:00:00+00:00,67424.0,44887.744763589224,44804.804318642935,82.940445,22536.255236410776,22536.255236410776,False
2018-05-07 09:00:00+00:00,68477.0,46669.469775640144,46599.340754949226,70.12902,21807.530224359856,21807.530224359856,False
2018-05-07 10:00:00+00:00,67780.0,48162.262074716,48027.293446786316,134.96863,19617.737925283996,19617.737925283996,False
2018-05-07 11:00:00+00:00,66998.0,48043.883600213754,47853.60358617567,190.28001,18954.116399786246,18954.116399786246,False
2018-05-07 12:00:00+00:00,65813.0,46553.89374399609,46575.35086489147,-21.45712,19259.106256003914,19259.106256003914,False
2018-05-07 13:00:00+00:00,64605.0,45100.607961593356,45537.30071061679,-436.69275,19504.392038406644,19504.392038406644,False
2018-05-07 14:00:00+00:00,63552.0,45011.53169324062,45393.54426648281,-382.01257,18540.46830675938,18540.46830675938,False
2018-05-07 15:00:00+00:00,63456.0,46758.75614976366,47025.00099229296,-266.24484,16697.243850236337,16697.243850236337,False
2018-05-07 16:00:00+00:00,63411.0,49361.84558403577,49543.97317802991,-182.1276,14049.154415964229,14049.154415964229,False
2018-05-07 17:00:00+00:00,63216.0,49102.813648668445,49264.04338499657,-161.22974,14113.186351331555,14113.186351331555,False
2018-05-07 18:00:00+00:00,61242.0,47218.62186467445,47469.33908879555,-250.71722,14023.378135325547,14023.378135325547,False
2018-05-07 19:00:00+00:00,60002.0,43581.865038257114,44044.04466472196,-462.17963,16420.134961742886,16420.134961742886,False
2018-05-07 20:00:00+00:00,56027.0,40724.96740580305,41592.45648051008,-867.4891,15302.03259419695,15302.03259419695,False
2018-05-07 21:00:00+00:00,51184.0,40376.83732463205,40285.999075425505,90.83825,10807.162675367952,10807.162675367952,False
2018-05-07 22:00:00+00:00,48231.0,37035.48122897535,36886.41206088453,149.06917,11195.518771024646,11195.518771024646,False
2018-05-07 23:00:00+00:00,46526.0,33781.348169185374,33741.62287697956,39.725292,12744.651830814626,12744.651830814626,False
2018-05-08 00:00:00+00:00,45378.0,31657.328432100556,31661.780527132294,-4.452095,13720.671567899444,13720.671567899444,False
2018-05-08 01:00:00+00:00,45675.0,30568.471503538538,30531.936923307825,36.53458,15106.528496461462,15106.528496461462,False
2018-05-08 02:00:00+00:00,46613.0,30491.007506623333,30431.92171408183,59.085793,16121.992493376667,16121.992493376667,False
2018-05-08 03:00:00+00:00,49551.0,31628.73723916101,31117.166987696168,511.57025,17922.26276083899,17922.26276083899,False
2018-05-08 04:00:00+00:00,57192.0,33635.47589219119,32441.410462503693,1194.0654,23556.524107808807,23556.524107808807,False
2018-05-08 05:00:00+00:00,63201.0,34851.06360833861,35103.65809076049,-252.59448,28349.936391661387,28349.936391661387,False
2018-05-08 06:00:00+00:00,66639.0,38450.220646900096,39007.14490227119,-556.92426,28188.779353099904,28188.779353099904,False
2018-05-08 07:00:00+00:00,66563.0,41776.560555336284,42294.96234976988,-518.4018,24786.439444663716,24786.439444663716,False
2018-05-08 08:00:00+00:00,67609.0,44814.15694748533,44721.35646378172,92.80048,22794.84305251467,22794.84305251467,False
2018-05-08 09:00:00+00:00,68920.0,46559.564893343624,46515.89290008801,43.671993,22360.435106656376,22360.435106656376,False
2018-05-08 10:00:00+00:00,68621.0,47995.46630420537,47943.8455919251,51.620712,20625.533695794627,20625.533695794627,False
2018-05-08 11:00:00+00:00,68051.0,47814.6076699436,47770.15573131445,44.45194,20236.3923300564,20236.3923300564,False
2018-05-08 12:00:00+00:00,67030.0,46445.78071465062,46491.903010030255,-46.122295,20584.219285349383,20584.219285349383,False
2018-05-08 13:00:00+00:00,65925.0,45327.25597770382,45453.85285575558,-126.59688,20597.74402229618,20597.74402229618,False
2018-05-08 14:00:00+00:00,64628.0,45242.74070636036,45310.09641162159,-67.355705,19385.25929363964,19385.25929363964,False
2018-05-08 15:00:00+00:00,64105.0,46930.78698409617,46941.55313743174,-10.766153,17174.213015903828,17174.213015903828,False
2018-05-08 16:00:00+00:00,63730.0,49448.70595575994,49460.525323168695,-11.819367,14281.294044240058,14281.294044240058,False
2018-05-08 17:00:00+00:00,63887.0,49129.479651076515,49180.59553013535,-51.11588,14757.520348923485,14757.520348923485,False
2018-05-08 18:00:00+00:00,61907.0,47259.86374522583,47385.89123393433,-126.02749,14647.136254774166,14647.136254774166,False
2018-05-08 19:00:00+00:00,60572.0,43725.40526628164,43960.59680986074,-235.19154,16846.59473371836,16846.59473371836,False
2018-05-08 20:00:00+00:00,56847.0,41003.54030289496,41509.008625648865,-505.46832,15843.459697105041,15843.459697105041,False
2018-05-08 21:00:00+00:00,52398.0,40220.03563752596,40202.55122056429,17.484417,12177.964362474042,12177.964362474042,False
2018-05-08 22:00:00+00:00,48579.0,36843.1234047843,36802.96420602332,40.1592,11735.876595215697,11735.876595215697,False
2018-05-08 23:00:00+00:00,46518.0,33654.83596777226,33658.17502211835,-3.3390543,12863.164032227738,12863.164032227738,False
2018-05-09 00:00:00+00:00,45490.0,31577.64902827436,31578.332672271077,-0.683644,13912.350971725638,13912.350971725638,False
2018-05-09 01:00:00+00:00,45396.0,30484.640107570143,30448.489068446608,36.15104,14911.359892429857,14911.359892429857,False
2018-05-09 02:00:00+00:00,46532.0,30392.23733654605,30348.473859220612,43.763477,16139.762663453948,16139.762663453948,False
2018-05-09 03:00:00+00:00,50127.0,31499.642899924795,31033.71913283495,465.92377,18627.357100075205,18627.357100075205,False
2018-05-09 04:00:00+00:00,57461.0,33523.12581565029,32357.962607642476,1165.1632,23937.874184349712,23937.874184349712,False
2018-05-09 05:00:00+00:00,63107.0,34731.06689483482,35020.21023589927,-289.14334,28375.933105165182,28375.933105165182,False
2018-05-09 06:00:00+00:00,66071.0,38462.43618315216,38923.69704740997,-461.26086,27608.56381684784,27608.56381684784,False
2018-05-09 07:00:00+00:00,66791.0,41802.734496129364,42211.51449490866,-408.78,24988.265503870636,24988.265503870636,False
2018-05-09 08:00:00+00:00,67957.0,44699.21192694418,44637.9086089205,61.303318,23257.788073055817,23257.788073055817,False
2018-05-09 09:00:00+00:00,69077.0,46468.95958303807,46432.44504522679,36.514538,22608.04041696193,22608.04041696193,False
2018-05-09 10:00:00+00:00,68462.0,47912.5834021945,47860.39773706388,52.185665,20549.416597805503,20549.416597805503,False
2018-05-09 11:00:00+00:00,68174.0,47732.33673692687,47686.707876453234,45.62886,20441.663263073133,20441.663263073133,False
2018-05-09 12:00:00+00:00,67436.0,46357.95122221616,46408.45515516904,-50.503933,21078.048777783843,21078.048777783843,False
2018-05-09 13:00:00+00:00,65864.0,45161.84115812092,45370.40500089436,-208.56384,20702.158841879078,20702.158841879078,False
2018-05-09 14:00:00+00:00,64238.0,45076.62855248791,45226.648556760374,-150.02,19161.371447512087,19161.371447512087,False
2018-05-09 15:00:00+00:00,63672.0,46761.894139076874,46858.10528257053,-96.21114,16910.105860923126,16910.105860923126,False
2018-05-09 16:00:00+00:00,62872.0,49299.44961491392,49377.07746830748,-77.62785,13572.550385086077,13572.550385086077,False
2018-05-09 17:00:00+00:00,62171.0,49027.08281016183,49097.14767527414,-70.064865,13143.917189838168,13143.917189838168,False
2018-05-09 18:00:00+00:00,59843.0,47201.73570695397,47302.44337907311,-100.70767,12641.264293046028,12641.264293046028,False
2018-05-09 19:00:00+00:00,57993.0,43725.18853629835,43877.148954999524,-151.96042,14267.811463701648,14267.811463701648,False
2018-05-09 20:00:00+00:00,54420.0,41143.70496634429,41425.56077078765,-281.8558,13276.295033655711,13276.295033655711,False
2018-05-09 21:00:00+00:00,50142.0,40159.56647758051,40119.10336570307,40.46311,9982.433522419487,9982.433522419487,False
2018-05-09 22:00:00+00:00,46526.0,36738.73871558776,36719.5163511621,19.222364,9787.261284412241,9787.261284412241,False
2018-05-09 23:00:00+00:00,43848.0,33568.79073394185,33574.72716725713,-5.9364333,10279.209266058147,10279.209266058147,False
2018-05-10 00:00:00+00:00,42629.0,31491.77615718876,31494.88481740986,-3.1086602,11137.22384281124,11137.22384281124,False
2018-05-10 01:00:00+00:00,42163.0,30355.20015199329,30365.04121358539,-9.841062,11807.79984800671,11807.79984800671,False
2018-05-10 02:00:00+00:00,41668.0,30261.8857143375,30265.026004359395,-3.14029,11406.114285662501,11406.114285662501,False
2018-05-10 03:00:00+00:00,41300.0,31058.66312367686,30950.271277973734,108.391846,10241.336876323141,10241.336876323141,False
2018-05-10 04:00:00+00:00,41001.0,29832.08067075001,32274.51475278126,-2442.434,11168.919329249991,11168.919329249991,False
2018-05-10 05:00:00+00:00,44194.0,35158.772116145476,34936.762381038054,222.00974,9035.227883854524,9035.227883854524,False
2018-05-10 06:00:00+00:00,47464.0,39713.24443180657,38840.249192548756,872.99524,7750.755568193432,7750.755568193432,False
2018-05-10 07:00:00+00:00,49529.0,42999.10411563338,42128.066640047444,871.0375,6529.895884366619,6529.895884366619,False
2018-05-10 08:00:00+00:00,51300.0,44008.55194058272,44554.460754059284,-545.9088,7291.448059417278,7291.448059417278,False
2018-05-10 09:00:00+00:00,53166.0,46496.82322491147,46348.997190365575,147.82603,6669.1767750885265,6669.1767750885265,False
2018-05-10 10:00:00+00:00,53137.0,47565.24632995657,47776.949882202665,-211.70355,5571.753670043428,5571.753670043428,False
2018-05-10 11:00:00+00:00,51661.0,47332.64460411155,47603.26002159202,-270.61542,4328.355395888451,4328.355395888451,False
2018-05-10 12:00:00+00:00,50411.0,46487.37982838399,46325.00730030782,162.37253,3923.6201716160067,3923.6201716160067,False
2018-05-10 13:00:00+00:00,49541.0,45559.18312869916,45286.95714603314,272.22598,3981.8168713008417,3981.8168713008417,False
2018-05-10 14:00:00+00:00,49279.0,45692.69996947728,45143.20070189916,549.49927,3586.300030522718,3586.300030522718,False
2018-05-10 15:00:00+00:00,50024.0,47147.30021945736,46774.65742770931,372.6428,2876.6997805426436,2876.6997805426436,False
2018-05-10 16:00:00+00:00,51131.0,49332.956708478,49293.62961344626,39.327095,1798.0432915220008,1798.0432915220008,False
2018-05-10 17:00:00+00:00,50277.0,48873.926123513505,49013.69982041292,-139.7737,1403.0738764864946,1403.0738764864946,False
2018-05-10 18:00:00+00:00,50325.0,47356.73932914354,47218.995524211896,137.7438,2968.2606708564635,2968.2606708564635,False
2018-05-10 19:00:00+00:00,50467.0,44249.56966092932,43793.70110013831,455.86856,6217.430339070677,6217.430339070677,False
2018-05-10 20:00:00+00:00,47830.0,41943.413453035806,41342.11291592643,601.30054,5886.586546964194,5886.586546964194,False
2018-05-10 21:00:00+00:00,44588.0,40142.50220578814,40035.655510841854,106.846695,4445.497794211857,4445.497794211857,False
2018-05-10 22:00:00+00:00,41741.0,36747.77639730186,36636.06849630088,111.7079,4993.223602698141,4993.223602698141,False
2018-05-10 23:00:00+00:00,40002.0,33541.50660350309,33491.27931239591,50.22729,6460.49339649691,6460.49339649691,False
2018-05-11 00:00:00+00:00,39499.0,31422.526738587767,31411.436962548643,11.089776,8076.473261412233,8076.473261412233,False
2018-05-11 01:00:00+00:00,39769.0,30267.029744832573,30281.593358724174,-14.563614,9501.970255167427,9501.970255167427,False
2018-05-11 02:00:00+00:00,40960.0,30157.50957650013,30181.57814949818,-24.068573,10802.490423499868,10802.490423499868,False
2018-05-11 03:00:00+00:00,43814.0,31051.152738298064,30866.823423112517,184.32932,12762.847261701936,12762.847261701936,False
2018-05-11 04:00:00+00:00,49238.0,32365.74920993176,32191.06689792004,174.68231,16872.25079006824,16872.25079006824,False
2018-05-11 05:00:00+00:00,54298.0,35006.67113933602,34853.31452617684,153.35661,19291.328860663984,19291.328860663984,False
2018-05-11 06:00:00+00:00,57750.0,39112.12244364457,38756.80133768754,355.3211,18637.87755635543,18637.87755635543,False
2018-05-11 07:00:00+00:00,59389.0,41583.97455911201,42044.61878518623,-460.64423,17805.025440887992,17805.025440887992,False
2018-05-11 08:00:00+00:00,60235.0,44410.811200894845,44471.01289919807,-60.2017,15824.188799105155,15824.188799105155,False
2018-05-11 09:00:00+00:00,61589.0,46222.55958941061,46265.54933550436,-42.989746,15366.440410589392,15366.440410589392,False
2018-05-11 10:00:00+00:00,61311.0,47626.93161565932,47693.50202734145,-66.57041,13684.06838434068,13684.06838434068,False
2018-05-11 11:00:00+00:00,59359.0,47567.079821149746,47519.8121667308,47.267654,11791.920178850254,11791.920178850254,False
2018-05-11 12:00:00+00:00,57854.0,46326.738476818675,46241.559445446605,85.17903,11527.261523181325,11527.261523181325,False
2018-05-11 13:00:00+00:00,56647.0,45274.724318027394,45203.509291171926,71.21503,11372.275681972606,11372.275681972606,False
2018-05-11 14:00:00+00:00,56160.0,44967.59779485288,45059.75284703794,-92.15505,11192.402205147118,11192.402205147118,False
2018-05-11 15:00:00+00:00,56107.0,46459.485589083444,46691.20957284809,-231.72398,9647.514410916556,9647.514410916556,False
2018-05-11 16:00:00+00:00,56407.0,48970.390056314536,49210.181758585044,-239.7917,7436.609943685464,7436.609943685464,False
2018-05-11 17:00:00+00:00,56204.0,48761.23128989252,48930.2519655517,-169.02068,7442.768710107477,7442.768710107477,False
2018-05-11 18:00:00+00:00,54471.0,47026.24482053476,47135.54766935068,-109.30285,7444.755179465239,7444.755179465239,False
2018-05-11 19:00:00+00:00,53458.0,43786.76762668578,43710.25324527709,76.51438,9671.232373314218,9671.232373314218,False
2018-05-11 20:00:00+00:00,51036.0,41420.927405425566,41258.665061065214,162.26234,9615.072594574434,9615.072594574434,False
2018-05-11 21:00:00+00:00,47471.0,39921.300696446946,39952.20765598064,-30.90696,7549.699303553054,7549.699303553054,False
2018-05-11 22:00:00+00:00,44965.0,36500.18423244308,36552.620641439666,-52.43641,8464.815767556916,8464.815767556916,False
2018-05-11 23:00:00+00:00,42835.0,33351.64551774588,33407.831457534696,-56.18594,9483.354482254123,9483.354482254123,False
2018-05-12 00:00:00+00:00,41119.0,31236.65140779729,31327.989107687426,-91.3377,9882.34859220271,9882.34859220271,False
2018-05-12 01:00:00+00:00,40662.0,29986.246242388348,30198.145503862957,-211.89926,10675.753757611652,10675.753757611652,False
2018-05-12 02:00:00+00:00,41035.0,29686.635757283446,30098.13029463696,-411.49454,11348.364242716554,11348.364242716554,False
2018-05-12 03:00:00+00:00,41161.0,29432.805011610675,30783.3755682513,-1350.5706,11728.194988389325,11728.194988389325,False
2018-05-12 04:00:00+00:00,43157.0,29783.7486817307,32107.619043058825,-2323.8704,13373.2513182693,13373.2513182693,False
2018-05-12 05:00:00+00:00,47174.0,34870.4603068747,34769.86667131562,100.593636,12303.539693125298,12303.539693125298,False
2018-05-12 06:00:00+00:00,51380.0,39345.200772865384,38673.35348282632,671.8473,12034.799227134616,12034.799227134616,False
2018-05-12 07:00:00+00:00,54317.0,42725.710908352354,41961.17093032501,764.54,11591.289091647646,11591.289091647646,False
2018-05-12 08:00:00+00:00,55188.0,43741.72440712982,44387.56504433685,-645.84064,11446.27559287018,11446.27559287018,False
2018-05-12 09:00:00+00:00,55998.0,46068.174410025465,46182.10148064314,-113.92707,9929.825589974535,9929.825589974535,False
2018-05-12 10:00:00+00:00,55380.0,47512.24033733619,47610.05417248023,-97.813835,7867.7596626638115,7867.7596626638115,False
2018-05-12 11:00:00+00:00,53130.0,47143.91463535591,47436.36431186958,-292.44968,5986.085364644088,5986.085364644088,False
2018-05-12 12:00:00+00:00,51050.0,46310.182757577575,46158.11159058539,152.07117,4739.817242422425,4739.817242422425,False
2018-05-12 13:00:00+00:00,50347.0,45314.50693191618,45120.06143631071,194.4455,5032.493068083822,5032.493068083822,False
2018-05-12 14:00:00+00:00,50042.0,45375.84448192282,44976.30499217672,399.5395,4666.155518077183,4666.155518077183,False
2018-05-12 15:00:00+00:00,50487.0,46922.686522674376,46607.761717986876,314.9248,3564.3134773256243,3564.3134773256243,False
2018-05-12 16:00:00+00:00,51503.0,49202.555963355175,49126.73390372383,75.82206,2300.4440366448252,2300.4440366448252,False
2018-05-12 17:00:00+00:00,51479.0,48792.23397366656,48846.804110690486,-54.570137,2686.76602633344,2686.76602633344,False
2018-05-12 18:00:00+00:00,49815.0,47094.01725681124,47052.09981448946,41.917442,2720.9827431887607,2720.9827431887607,False
2018-05-12 19:00:00+00:00,48889.0,44126.89264017173,43626.80539041587,500.08725,4762.107359828267,4762.107359828267,False
2018-05-12 20:00:00+00:00,47495.0,41692.90324136025,41175.217206204,517.68604,5802.096758639753,5802.096758639753,False
2018-05-12 21:00:00+00:00,43886.0,39732.42534372196,39868.75980111942,-136.33446,4153.5746562780405,4153.5746562780405,False
2018-05-12 22:00:00+00:00,40714.0,36448.468761309894,36469.17278657845,-20.704025,4265.531238690106,4265.531238690106,False
2018-05-12 23:00:00+00:00,39506.0,33299.156391674944,33324.38360267348,-25.227211,6206.843608325056,6206.843608325056,False
2018-05-13 00:00:00+00:00,38070.0,31157.521240924354,31244.54125282621,-87.02001,6912.478759075646,6912.478759075646,False
2018-05-13 01:00:00+00:00,37361.0,29927.855577468537,30114.69764900174,-186.84207,7433.144422531463,7433.144422531463,False
2018-05-13 02:00:00+00:00,37160.0,29663.662572832385,30014.682439775745,-351.01987,7496.337427167615,7496.337427167615,False
2018-05-13 03:00:00+00:00,37221.0,29457.995218272896,30699.927713390083,-1241.9325,7763.004781727104,7763.004781727104,False
2018-05-13 04:00:00+00:00,37811.0,29725.302535853858,32024.171188197608,-2298.8687,8085.697464146142,8085.697464146142,False
2018-05-13 05:00:00+00:00,40321.0,34931.149910814755,34686.4188164544,244.7311,5389.850089185245,5389.850089185245,False
2018-05-13 06:00:00+00:00,43895.0,39286.443713902605,38589.905627965105,696.5381,4608.556286097395,4608.556286097395,False
2018-05-13 07:00:00+00:00,46747.0,42631.53948171379,41877.72307546379,753.8164,4115.460518286207,4115.460518286207,False
2018-05-13 08:00:00+00:00,48724.0,44430.43251235161,44304.11718947563,126.31532,4293.56748764839,4293.56748764839,False
2018-05-13 09:00:00+00:00,50774.0,46286.316070850284,46098.653625781924,187.66245,4487.683929149716,4487.683929149716,False
2018-05-13 10:00:00+00:00,50695.0,47666.740732291866,47526.606317619015,140.13441,3028.259267708134,3028.259267708134,False
2018-05-13 11:00:00+00:00,49013.0,47079.701979469304,47352.91645700837,-273.21448,1933.2980205306958,1933.2980205306958,False
2018-05-13 12:00:00+00:00,47305.0,46226.75051245757,46074.66373572417,152.08678,1078.2494875424309,1078.2494875424309,False
2018-05-13 13:00:00+00:00,46971.0,45289.29461172293,45036.61358144949,252.68103,1681.7053882770706,1681.7053882770706,False
2018-05-13 14:00:00+00:00,46320.0,45243.078176133866,44892.85713731551,350.22104,1076.9218238661342,1076.9218238661342,False
2018-05-13 15:00:00+00:00,47426.0,47077.166951504565,46524.31386312566,552.8531,348.8330484954349,348.8330484954349,False
2018-05-13 16:00:00+00:00,48990.0,49409.830238315735,49043.28604886261,366.5442,-419.8302383157352,419.8302383157352,False
2018-05-13 17:00:00+00:00,49944.0,48771.92416697734,48763.35625582927,8.567911,1172.07583302266,1172.07583302266,False
2018-05-13 18:00:00+00:00,49277.0,47126.38345071711,46968.651959628245,157.73149,2150.6165492828877,2150.6165492828877,False
2018-05-13 19:00:00+00:00,49160.0,44091.10924453903,43543.357535554656,547.7517,5068.890755460969,5068.890755460969,False
2018-05-13 20:00:00+00:00,48787.0,41636.217532495124,41091.76935134278,544.4482,7150.782467504876,7150.782467504876,False
2018-05-13 21:00:00+00:00,45940.0,39705.01115737881,39785.3119462582,-80.30079,6234.988842621191,6234.988842621191,False
2018-05-13 22:00:00+00:00,43857.0,36387.627207637146,36385.72493171723,1.9022759,7469.372792362854,7469.372792362854,False
2018-05-13 23:00:00+00:00,42213.0,33323.669810007086,33240.93574781226,82.73406,8889.330189992914,8889.330189992914,False
2018-05-14 00:00:00+00:00,41469.0,31225.402731766262,31161.093397964993,64.30933,10243.597268233738,10243.597268233738,False
2018-05-14 01:00:00+00:00,41934.0,30188.76871503896,30031.249794140524,157.51892,11745.231284961039,11745.231284961039,False
2018-05-14 02:00:00+00:00,43155.0,30281.06786738523,29931.234584914528,349.83328,12873.93213261477,12873.93213261477,False
2018-05-14 03:00:00+00:00,46221.0,32258.633545052304,30616.479858528866,1642.1537,13962.366454947696,13962.366454947696,False
2018-05-14 04:00:00+00:00,55437.0,35444.151311852016,31940.72333333639,3503.428,19992.848688147984,19992.848688147984,False
2018-05-14 05:00:00+00:00,62193.0,33741.765090011155,34602.970961593186,-861.2059,28451.234909988845,28451.234909988845,False
2018-05-14 06:00:00+00:00,65244.0,37867.2186373617,38506.45777310389,-639.23914,27376.7813626383,27376.7813626383,False
2018-05-14 07:00:00+00:00,65854.0,41378.77158901078,41794.275220602576,-415.50363,24475.22841098922,24475.22841098922,False
2018-05-14 08:00:00+00:00,67380.0,44361.04106923356,44220.66933461442,140.37173,23018.958930766443,23018.958930766443,False
2018-05-14 09:00:00+00:00,68822.0,46103.36236424346,46015.20577092071,88.15659,22718.63763575654,22718.63763575654,False
2018-05-14 10:00:00+00:00,68454.0,47615.583465809555,47443.1584627578,172.425,20838.416534190445,20838.416534190445,False
2018-05-14 11:00:00+00:00,68778.0,47501.249272313165,47269.46860214715,231.78067,21276.750727686835,21276.750727686835,False
2018-05-14 12:00:00+00:00,68579.0,45708.72439526725,45991.215880862954,-282.4915,22870.27560473275,22870.27560473275,False
2018-05-14 13:00:00+00:00,67399.0,44316.69197170546,44953.165726588275,-636.47375,23082.308028294538,23082.308028294538,False
2018-05-14 14:00:00+00:00,65693.0,44265.90433860663,44809.40928245429,-543.50494,21427.095661393367,21427.095661393367,False
2018-05-14 15:00:00+00:00,65109.0,46079.66080806913,46440.86600826444,-361.2052,19029.33919193087,19029.33919193087,False
2018-05-14 16:00:00+00:00,64442.0,48711.32816897698,48959.83819400139,-248.51003,15730.67183102302,15730.67183102302,False
2018-05-14 17:00:00+00:00,64343.0,48478.715957120396,48679.90840096805,-201.19244,15864.284042879604,15864.284042879604,False
2018-05-14 18:00:00+00:00,61437.0,46573.727267608825,46885.20410476703,-311.47684,14863.272732391175,14863.272732391175,False
2018-05-14 19:00:00+00:00,59280.0,42979.858960478596,43459.90968069344,-480.05072,16300.141039521404,16300.141039521404,False
2018-05-14 20:00:00+00:00,55929.0,40203.32985829797,41008.32149648156,-804.99164,15725.67014170203,15725.67014170203,False
2018-05-14 21:00:00+00:00,51373.0,39713.06734705037,39701.86409139699,11.203256,11659.932652949632,11659.932652949632,False
2018-05-14 22:00:00+00:00,48042.0,36447.38797773492,36302.277076856015,145.1109,11594.612022265079,11594.612022265079,False
2018-05-14 23:00:00+00:00,45998.0,33159.81445368675,33157.487892951045,2.3265607,12838.185546313252,12838.185546313252,False
2018-05-15 00:00:00+00:00,45190.0,31066.577232366166,31077.645543103776,-11.068311,14123.422767633834,14123.422767633834,False
2018-05-15 01:00:00+00:00,45468.0,29974.967148095835,29947.801939279307,27.165209,15493.032851904165,15493.032851904165,False
2018-05-15 02:00:00+00:00,46623.0,29908.619310619717,29847.78673005331,60.83258,16714.380689380283,16714.380689380283,False
2018-05-15 03:00:00+00:00,49567.0,31020.595388677415,30533.03200366765,487.5634,18546.404611322585,18546.404611322585,False
2018-05-15 04:00:00+00:00,57331.0,33119.162197225174,31857.275478475174,1261.8867,24211.837802774826,24211.837802774826,False
2018-05-15 05:00:00+00:00,63634.0,34139.7885486265,34519.52310673197,-379.73456,29494.2114513735,29494.2114513735,False
2018-05-15 06:00:00+00:00,65794.0,37881.77426150439,38423.00991824267,-541.23566,27912.22573849561,27912.22573849561,False
2018-05-15 07:00:00+00:00,66415.0,41304.29443727456,41710.82736574136,-406.53293,25110.705562725438,25110.705562725438,False
2018-05-15 08:00:00+00:00,67601.0,44217.581518510524,44137.2214797532,80.36004,23383.418481489476,23383.418481489476,False
2018-05-15 09:00:00+00:00,68801.0,45965.13687571525,45931.75791605949,33.37896,22835.863124284748,22835.863124284748,False
2018-05-15 10:00:00+00:00,68838.0,47416.69795454575,47359.71060789658,56.987347,21421.30204545425,21421.30204545425,False
2018-05-15 11:00:00+00:00,68510.0,47241.512278658,47186.02074728593,55.49153,21268.487721341997,21268.487721341997,False
2018-05-15 12:00:00+00:00,66857.0,45861.93865741043,45907.76802600174,-45.82937,20995.06134258957,20995.06134258957,False
2018-05-15 13:00:00+00:00,65949.0,44753.734198631355,44869.71787172706,-115.98367,21195.265801368645,21195.265801368645,False
2018-05-15 14:00:00+00:00,64957.0,44576.916459941705,44725.96142759307,-149.04497,20380.083540058295,20380.083540058295,False
2018-05-15 15:00:00+00:00,64842.0,46212.53740083975,46357.418153403225,-144.88075,18629.46259916025,18629.46259916025,False
2018-05-15 16:00:00+00:00,64367.0,48757.488735441446,48876.39033914018,-118.9016,15609.511264558554,15609.511264558554,False
2018-05-15 17:00:00+00:00,63886.0,48480.519696802636,48596.460546106835,-115.94085,15405.480303197364,15405.480303197364,False
2018-05-15 18:00:00+00:00,61594.0,46600.98360586284,46801.75624990581,-200.77264,14993.016394137157,14993.016394137157,False
2018-05-15 19:00:00+00:00,59232.0,43074.505069240426,43376.46182583222,-301.95676,16157.494930759574,16157.494930759574,False
2018-05-15 20:00:00+00:00,55659.0,40420.170547137925,40924.87364162035,-504.7031,15238.829452862075,15238.829452862075,False
2018-05-15 21:00:00+00:00,51162.0,39515.89971889661,39618.41623653577,-102.51652,11646.10028110339,11646.10028110339,False
2018-05-15 22:00:00+00:00,47613.0,36317.6145155739,36218.8292219948,98.78529,11295.3854844261,11295.3854844261,False
2018-05-15 23:00:00+00:00,45524.0,33114.203894596176,33074.04003808983,40.163857,12409.796105403824,12409.796105403824,False
2018-05-16 00:00:00+00:00,44457.0,31038.58606638587,30994.19768824256,44.38838,13418.41393361413,13418.41393361413,False
2018-05-16 01:00:00+00:00,44732.0,29924.37753336218,29864.35408441809,60.02345,14807.622466637818,14807.622466637818,False
2018-05-16 02:00:00+00:00,46008.0,29858.613136666703,29764.338875192094,94.27426,16149.386863333297,16149.386863333297,False
2018-05-16 03:00:00+00:00,49462.0,30899.511486452917,30449.584148806432,449.92734,18562.488513547083,18562.488513547083,False
2018-05-16 04:00:00+00:00,57300.0,32441.716844805364,31773.827623613957,667.8892,24858.283155194636,24858.283155194636,False
2018-05-16 05:00:00+00:00,63109.0,34237.02534037173,34436.07525187075,-199.04991,28871.97465962827,28871.97465962827,False
2018-05-16 06:00:00+00:00,65798.0,38032.59160439708,38339.562063381454,-306.97046,27765.40839560292,27765.40839560292,False
2018-05-16 07:00:00+00:00,66436.0,41307.678125382095,41627.37951088014,-319.7014,25128.321874617905,25128.321874617905,False
2018-05-16 08:00:00+00:00,67758.0,44130.065838331924,44053.77362489198,76.29221,23627.934161668076,23627.934161668076,False
2018-05-16 09:00:00+00:00,69517.0,45900.521162730256,45848.31006119827,52.2111,23616.478837269744,23616.478837269744,True
2018-05-16 10:00:00+00:00,69012.0,47359.81034519845,47276.262753035364,83.54759,21652.18965480155,21652.18965480155,False
2018-05-16 11:00:00+00:00,68489.0,47191.6482479545,47102.572892424716,89.075356,21297.3517520455,21297.3517520455,False
2018-05-16 12:00:00+00:00,67994.0,45786.16653039345,45824.32017114052,-38.15364,22207.83346960655,22207.83346960655,False
2018-05-16 13:00:00+00:00,66868.0,44519.196225361935,44786.27001686584,-267.0738,22348.803774638065,22348.803774638065,False
2018-05-16 14:00:00+00:00,65263.0,44380.307365456465,44642.513572731856,-262.2062,20882.692634543535,20882.692634543535,False
2018-05-16 15:00:00+00:00,65543.0,46121.56287361525,46273.97029854201,-152.40742,19421.43712638475,19421.43712638475,False
2018-05-16 16:00:00+00:00,65332.0,48663.21004714517,48792.94248427896,-129.73244,16668.78995285483,16668.78995285483,False
2018-05-16 17:00:00+00:00,64074.0,48378.71410726124,48513.01269124562,-134.29858,15695.285892738757,15695.285892738757,False
2018-05-16 18:00:00+00:00,61867.0,46560.82704128483,46718.308395044594,-157.48135,15306.172958715171,15306.172958715171,False
2018-05-16 19:00:00+00:00,59722.0,43123.22179567804,43293.013970971006,-169.79218,16598.778204321963,16598.778204321963,False
2018-05-16 20:00:00+00:00,56228.0,40481.50961854624,40841.42578675913,-359.91617,15746.490381453761,15746.490381453761,False
2018-05-16 21:00:00+00:00,51193.0,39427.9190728977,39534.96838167455,-107.04931,11765.080927102303,11765.080927102303,False
2018-05-16 22:00:00+00:00,48245.0,36219.701717780554,36135.38136713358,84.32035,12025.298282219446,12025.298282219446,False
2018-05-16 23:00:00+00:00,46645.0,33019.67985450852,32990.59218322861,29.087671,13625.320145491482,13625.320145491482,False
2018-05-17 00:00:00+00:00,45872.0,30941.186021125483,30910.749833381342,30.436188,14930.813978874517,14930.813978874517,False
2018-05-17 01:00:00+00:00,45930.0,29824.075949252918,29780.906229556873,43.16972,16105.924050747082,16105.924050747082,False
2018-05-17 02:00:00+00:00,46996.0,29724.054552587957,29680.891020330877,43.163532,17271.945447412043,17271.945447412043,False
2018-05-17 03:00:00+00:00,50027.0,30687.062136230372,30366.136293945216,320.92584,19339.937863769628,19339.937863769628,False
2018-05-17 04:00:00+00:00,57917.0,32633.971992873834,31690.37976875274,943.5922,25283.028007126166,25283.028007126166,False
2018-05-17 05:00:00+00:00,64628.0,34163.979279944106,34352.627397009535,-188.64812,30464.020720055894,30464.020720055894,False
2018-05-17 06:00:00+00:00,67360.0,37898.95640212375,38256.11420852024,-357.1578,29461.043597876247,29461.043597876247,False
2018-05-17 07:00:00+00:00,68177.0,41181.07331861658,41543.931656018925,-362.85834,26995.92668138342,26995.92668138342,False
2018-05-17 08:00:00+00:00,69552.0,44036.89644111231,43970.325770030766,66.57067,25515.10355888769,25515.10355888769,True
2018-05-17 09:00:00+00:00,70361.0,45783.87382209023,45764.86220633706,19.011616,24577.12617790977,24577.12617790977,True
2018-05-17 10:00:00+00:00,69269.0,47243.94771067415,47192.81489817415,51.132812,22025.052289325853,22025.052289325853,False
2018-05-17 11:00:00+00:00,68603.0,47087.080817592796,47019.1250375635,67.95578,21515.919182407204,21515.919182407204,False
2018-05-17 12:00:00+00:00,67217.0,45695.070821680914,45740.8723162793,-45.801495,21521.929178319086,21521.929178319086,False
2018-05-17 13:00:00+00:00,66388.0,44501.52044996849,44702.822162004624,-201.30171,21886.47955003151,21886.47955003151,False
2018-05-17 14:00:00+00:00,64607.0,44354.49305551712,44559.06571787064,-204.57266,20252.506944482877,20252.506944482877,False
2018-05-17 15:00:00+00:00,64137.0,46069.494718461065,46190.52244368079,-121.027725,18067.505281538935,18067.505281538935,False
2018-05-17 16:00:00+00:00,63977.0,48629.18547109255,48709.49462941774,-80.30916,15347.814528907453,15347.814528907453,False
2018-05-17 17:00:00+00:00,63889.0,48322.41208827649,48429.5648363844,-107.15275,15566.587911723509,15566.587911723509,False
2018-05-17 18:00:00+00:00,62448.0,46446.30058840115,46634.86054018338,-188.55995,16001.69941159885,16001.69941159885,False
2018-05-17 19:00:00+00:00,60229.0,43023.102004781664,43209.56611610979,-186.46411,17205.897995218336,17205.897995218336,False
2018-05-17 20:00:00+00:00,56744.0,40453.67953101901,40757.97793189791,-304.2984,16290.320468980994,16290.320468980994,False
2018-05-17 21:00:00+00:00,52352.0,39471.78042595274,39451.520526813336,20.2599,12880.21957404726,12880.21957404726,False
2018-05-17 22:00:00+00:00,48352.0,36093.84749466372,36051.933512272364,41.913982,12258.152505336278,12258.152505336278,False
2018-05-17 23:00:00+00:00,46579.0,32924.649361860436,32907.144328367394,17.505033,13654.350638139564,13654.350638139564,False
2018-05-18 00:00:00+00:00,45644.0,30850.839057377547,30827.301978520125,23.537079,14793.160942622453,14793.160942622453,False
2018-05-18 01:00:00+00:00,45769.0,29738.965225891945,29697.458374695656,41.50685,16030.034774108055,16030.034774108055,False
2018-05-18 02:00:00+00:00,46852.0,29667.002690005793,29597.44316546966,69.559525,17184.997309994207,17184.997309994207,False
2018-05-18 03:00:00+00:00,50012.0,30558.606468869155,30282.688439084,275.91803,19453.393531130845,19453.393531130845,False
2018-05-18 04:00:00+00:00,58118.0,31949.384031811445,31606.931913891523,342.45212,26168.615968188555,26168.615968188555,False
2018-05-18 05:00:00+00:00,64473.0,34119.63571890613,34269.17954214832,-149.54382,30353.36428109387,30353.36428109387,False
2018-05-18 06:00:00+00:00,67587.0,37915.89395375668,38172.66635365902,-256.7724,29671.106046243323,29671.106046243323,False
2018-05-18 07:00:00+00:00,68175.0,41126.17618397021,41460.48380115771,-334.30762,27048.82381602979,27048.82381602979,False
2018-05-18 08:00:00+00:00,68880.0,43864.09494855578,43886.87791516955,-22.782967,25015.90505144422,25015.90505144422,False
2018-05-18 09:00:00+00:00,69347.0,45649.74719334901,45681.41435147584,-31.667158,23697.25280665099,23697.25280665099,True
2018-05-18 10:00:00+00:00,68136.0,46997.84495621576,47109.36704331293,-111.52209,21138.155043784238,21138.155043784238,False
2018-05-18 11:00:00+00:00,66580.0,46789.83392098353,46935.67718270228,-145.84326,19790.166079016468,19790.166079016468,False
2018-05-18 12:00:00+00:00,64534.0,45586.37570195764,45657.424461418086,-71.04876,18947.624298042363,18947.624298042363,False
2018-05-18 13:00:00+00:00,63258.0,44614.30702637406,44619.37430714341,-5.067281,18643.69297362594,18643.69297362594,False
2018-05-18 14:00:00+00:00,62274.0,44465.11939079568,44475.61786300942,-10.498472,17808.880609204323,17808.880609204323,False
2018-05-18 15:00:00+00:00,62087.0,46018.44478230102,46107.074588819574,-88.62981,16068.55521769898,16068.55521769898,False
2018-05-18 16:00:00+00:00,61549.0,48496.11591212977,48626.046774556526,-129.93086,13052.884087870232,13052.884087870232,False
2018-05-18 17:00:00+00:00,60849.0,48179.21926118627,48346.116981523184,-166.89772,12669.78073881373,12669.78073881373,False
2018-05-18 18:00:00+00:00,59005.0,46301.222835468645,46551.41268532216,-250.18985,12703.777164531355,12703.777164531355,False
2018-05-18 19:00:00+00:00,56994.0,42966.918844134314,43126.11826124857,-159.19942,14027.081155865686,14027.081155865686,False
2018-05-18 20:00:00+00:00,54020.0,40695.757003840285,40674.530077036696,21.226927,13324.242996159715,13324.242996159715,False
2018-05-18 21:00:00+00:00,49678.0,39450.62101942526,39368.07267195212,82.54835,10227.378980574736,10227.378980574736,False
2018-05-18 22:00:00+00:00,46426.0,35916.82569189601,35968.48565741115,-51.659966,10509.17430810399,10509.17430810399,False
2018-05-18 23:00:00+00:00,44493.0,32734.845643428052,32823.69647350618,-88.85083,11758.154356571948,11758.154356571948,False
2018-05-19 00:00:00+00:00,43129.0,30622.35325390793,30743.854123658908,-121.50087,12506.646746092068,12506.646746092068,False
2018-05-19 01:00:00+00:00,43063.0,29316.11336407272,29614.01051983444,-297.89716,13746.88663592728,13746.88663592728,False
2018-05-19 02:00:00+00:00,43367.0,28977.651499573287,29513.995310608443,-536.3438,14389.348500426713,14389.348500426713,False
2018-05-19 03:00:00+00:00,43543.0,28400.95774730872,30199.24058422278,-1798.2828,15142.04225269128,15142.04225269128,False
2018-05-19 04:00:00+00:00,45023.0,28451.048512155307,31523.484059030307,-3072.4355,16571.951487844693,16571.951487844693,False
2018-05-19 05:00:00+00:00,48251.0,34816.02337429882,34185.7316872871,630.2917,13434.97662570118,13434.97662570118,False
2018-05-19 06:00:00+00:00,52210.0,39075.34240016499,38089.2184987978,986.1239,13134.657599835009,13134.657599835009,False
2018-05-19 07:00:00+00:00,54927.0,42342.00994531993,41377.03594629649,964.974,12584.99005468007,12584.99005468007,False
2018-05-19 08:00:00+00:00,56628.0,43136.09076587474,43803.43006030833,-667.3393,13491.909234125262,13491.909234125262,False
2018-05-19 09:00:00+00:00,56580.0,45315.74399295251,45597.96649661462,-282.2225,11264.256007047486,11264.256007047486,False
2018-05-19 10:00:00+00:00,55255.0,46970.84712119097,47025.91918845171,-55.072067,8284.152878809029,8284.152878809029,False
2018-05-19 11:00:00+00:00,52551.0,46514.108600302,46852.229327841065,-338.12073,6036.891399697997,6036.891399697997,False
2018-05-19 12:00:00+00:00,51020.0,45650.5347349138,45573.97660655687,76.55813,5369.465265086197,5369.465265086197,False
2018-05-19 13:00:00+00:00,50560.0,44749.10894739938,44535.92645228219,213.1825,5810.891052600622,5810.891052600622,False
2018-05-19 14:00:00+00:00,50115.0,44858.08605429078,44392.170008148205,465.91605,5256.913945709217,5256.913945709217,False
2018-05-19 15:00:00+00:00,50725.0,46458.50148981773,46023.62673395836,434.87476,4266.498510182268,4266.498510182268,False
2018-05-19 16:00:00+00:00,51395.0,48859.78480226367,48542.59891969531,317.18588,2535.215197736332,2535.215197736332,False
2018-05-19 17:00:00+00:00,50921.0,48270.1342236125,48262.66912666197,7.465097,2650.8657763875017,2650.8657763875017,False
2018-05-19 18:00:00+00:00,49577.0,46422.88330275098,46467.96483046094,-45.081528,3154.1166972490173,3154.1166972490173,False
2018-05-19 19:00:00+00:00,48031.0,43562.27550892642,43042.670406387355,519.6051,4468.724491073583,4468.724491073583,False
2018-05-19 20:00:00+00:00,46501.0,41448.22010059345,40591.08222217548,857.1379,5052.779899406552,5052.779899406552,False
2018-05-19 21:00:00+00:00,43371.0,39244.43976231185,39284.6248170909,-40.185055,4126.560237688151,4126.560237688151,False
2018-05-19 22:00:00+00:00,40048.0,35804.97135052356,35885.03780254993,-80.06645,4243.028649476437,4243.028649476437,False
2018-05-19 23:00:00+00:00,38115.0,32695.617713493593,32740.24861864496,-44.630905,5419.382286506407,5419.382286506407,False
2018-05-20 00:00:00+00:00,36931.0,30568.718425474937,30660.40626879769,-91.68784,6362.281574525063,6362.281574525063,False
2018-05-20 01:00:00+00:00,36095.0,29294.131283747636,29530.562664973222,-236.43138,6800.868716252364,6800.868716252364,False
2018-05-20 02:00:00+00:00,36090.0,29082.666321714023,29430.547455747226,-347.88113,7007.333678285977,7007.333678285977,False
2018-05-20 03:00:00+00:00,35592.0,28855.398320181877,30115.792729361565,-1260.3944,6736.601679818123,6736.601679818123,False
2018-05-20 04:00:00+00:00,35864.0,29070.869456122215,31440.03620416909,-2369.1667,6793.130543877785,6793.130543877785,False
2018-05-20 05:00:00+00:00,38801.0,34256.49414431553,34102.283832425885,154.21031,4544.505855684467,4544.505855684467,False
2018-05-20 06:00:00+00:00,42354.0,38584.59272645612,38005.77064393659,578.8221,3769.407273543882,3769.407273543882,False
2018-05-20 07:00:00+00:00,45115.0,41999.990740361056,41293.588091435275,706.40265,3115.009259638944,3115.009259638944,False
2018-05-20 08:00:00+00:00,46969.0,43795.01894861118,43719.982205447115,75.03674,3173.9810513888224,3173.9810513888224,False
2018-05-20 09:00:00+00:00,49219.0,45945.40777139208,45514.518641753406,430.88913,3273.592228607922,3273.592228607922,False
2018-05-20 10:00:00+00:00,48833.0,46596.40553769206,46942.471333590496,-346.0658,2236.5944623079413,2236.5944623079413,False
2018-05-20 11:00:00+00:00,46899.0,46411.85843831188,46768.78147297985,-356.92303,487.1415616881204,487.1415616881204,False
2018-05-20 12:00:00+00:00,45211.0,45730.22601732065,45490.52875169565,239.69727,-519.2260173206523,519.2260173206523,False
2018-05-20 13:00:00+00:00,43576.0,44708.623739022536,44452.47859742097,256.14514,-1132.623739022536,1132.623739022536,False
2018-05-20 14:00:00+00:00,43154.0,44755.17997799402,44308.72215328699,446.45782,-1601.1799779940193,1601.1799779940193,False
2018-05-20 15:00:00+00:00,44258.0,46564.764755561984,45940.17887909714,624.5859,-2306.764755561984,2306.764755561984,False
2018-05-20 16:00:00+00:00,45755.0,48965.12109657237,48459.15106483409,505.97003,-3210.121096572373,3210.121096572373,False
2018-05-20 17:00:00+00:00,46009.0,48392.744144725555,48179.22127180075,213.52287,-2383.744144725555,2383.744144725555,False
2018-05-20 18:00:00+00:00,45853.0,46719.5652849259,46384.51697559973,335.0483,-866.5652849258986,866.5652849258986,False
2018-05-20 19:00:00+00:00,45358.0,43702.02247828395,42959.22255152614,742.7999,1655.9775217160495,1655.9775217160495,False
2018-05-20 20:00:00+00:00,44892.0,41038.03201135723,40507.63436731426,530.39764,3853.9679886427693,3853.9679886427693,False
2018-05-20 21:00:00+00:00,42146.0,39128.34921107002,39201.176962229685,-72.82775,3017.650788929983,3017.650788929983,False
2018-05-20 22:00:00+00:00,39271.0,35803.09388099922,35801.58994768871,1.5039333,3467.906119000778,3467.906119000778,False
2018-05-20 23:00:00+00:00,37487.0,32712.01060646563,32656.800763783744,55.209843,4774.989393534372,4774.989393534372,False
2018-05-21 00:00:00+00:00,36236.0,30621.574552394726,30576.958413936474,44.61614,5614.425447605274,5614.425447605274,False
2018-05-21 01:00:00+00:00,35912.0,29468.39214623261,29447.114810112005,21.277336,6443.607853767389,6443.607853767389,False
2018-05-21 02:00:00+00:00,36075.0,29178.36046514382,29347.09960088601,-168.73914,6896.639534856178,6896.639534856178,False
2018-05-21 03:00:00+00:00,35719.0,28968.03152000816,30032.344874500348,-1064.3134,6750.96847999184,6750.96847999184,False
2018-05-21 04:00:00+00:00,36296.0,29104.276825870373,31356.588349307873,-2252.3115,7191.723174129627,7191.723174129627,False
2018-05-21 05:00:00+00:00,39546.0,34243.33837319455,34018.83597756467,224.5024,5302.6616268054495,5302.6616268054495,False
2018-05-21 06:00:00+00:00,43284.0,38674.034458997245,37922.32278907537,751.7117,4609.965541002755,4609.965541002755,False
2018-05-21 07:00:00+00:00,45705.0,41957.10184546078,41210.14023657406,746.9616,3747.8981545392235,3747.8981545392235,False
2018-05-21 08:00:00+00:00,47730.0,43706.69353790279,43636.5343505859,70.15919,4023.3064620972073,4023.3064620972073,False
2018-05-21 09:00:00+00:00,49903.0,45898.51689284922,45431.07078689219,467.4461,4004.4831071507797,4004.4831071507797,False
2018-05-21 10:00:00+00:00,49791.0,46533.01188204959,46859.02347872928,-326.0116,3257.988117950408,3257.988117950408,False
2018-05-21 11:00:00+00:00,48152.0,46346.969787552225,46685.33361811863,-338.36383,1805.0302124477748,1805.0302124477748,False
2018-05-21 12:00:00+00:00,47231.0,45572.2956490317,45407.080896834435,165.21475,1658.704350968299,1658.704350968299,False
2018-05-21 13:00:00+00:00,46885.0,44585.6528891662,44369.03074255976,216.62215,2299.347110833798,2299.347110833798,False
2018-05-21 14:00:00+00:00,46322.0,44506.344397302724,44225.27429842577,281.0701,1815.6556026972758,1815.6556026972758,False
2018-05-21 15:00:00+00:00,47402.0,46342.07282111092,45856.73102423592,485.3418,1059.9271788890765,1059.9271788890765,False
2018-05-21 16:00:00+00:00,48841.0,48733.227471447484,48375.703209972875,357.52426,107.77252855251572,107.77252855251572,False
2018-05-21 17:00:00+00:00,49356.0,48188.975466194905,48095.77341693953,93.20205,1167.0245338050954,1167.0245338050954,False
2018-05-21 18:00:00+00:00,49104.0,46496.89941248656,46301.06912073851,195.83029,2607.1005875134433,2607.1005875134433,False
2018-05-21 19:00:00+00:00,48094.0,43362.14493592273,42875.77469666492,486.37024,4731.855064077266,4731.855064077266,False
2018-05-21 20:00:00+00:00,47620.0,40884.041004640545,40424.186512453045,459.8545,6735.958995359455,6735.958995359455,False
2018-05-21 21:00:00+00:00,44744.0,39017.85583161163,39117.72910736847,-99.873276,5726.144168388368,5726.144168388368,False
2018-05-21 22:00:00+00:00,42629.0,35713.01810706013,35718.1420928275,-5.123986,6915.981892939868,6915.981892939868,False
2018-05-21 23:00:00+00:00,40883.0,32600.731862856243,32573.352908922527,27.378954,8282.268137143757,8282.268137143757,False
2018-05-22 00:00:00+00:00,40132.0,30545.75699996271,30493.510559075257,52.24644,9586.243000037291,9586.243000037291,False
2018-05-22 01:00:00+00:00,40222.0,29518.850793141413,29363.66695525079,155.18384,10703.149206858587,10703.149206858587,False
2018-05-22 02:00:00+00:00,41276.0,29705.32023357362,29263.651746024792,441.6685,11570.67976642638,11570.67976642638,False
2018-05-22 03:00:00+00:00,44815.0,31460.872849717256,29948.89701963913,1511.9758,13354.127150282744,13354.127150282744,False
2018-05-22 04:00:00+00:00,53449.0,34196.136099915406,31273.140494446656,2922.9956,19252.863900084594,19252.863900084594,False
2018-05-22 05:00:00+00:00,60540.0,33292.55664076986,33935.38812270345,-642.8315,27247.443359230143,27247.443359230143,False
2018-05-22 06:00:00+00:00,64157.0,37301.772517221965,37838.87493421415,-537.1024,26855.227482778035,26855.227482778035,False
2018-05-22 07:00:00+00:00,65536.0,40852.15542492573,41126.69238171284,-274.53696,24683.84457507427,24683.84457507427,False
2018-05-22 08:00:00+00:00,66935.0,43648.16339239216,43553.08649572468,95.0769,23286.83660760784,23286.83660760784,False
2018-05-22 09:00:00+00:00,68564.0,45437.19168050509,45347.62293203097,89.56875,23126.808319494907,23126.808319494907,False
2018-05-22 10:00:00+00:00,68497.0,46929.646073697164,46775.57562386806,154.07045,21567.353926302836,21567.353926302836,False
2018-05-22 11:00:00+00:00,68004.0,46810.10170564023,46601.885763257415,208.21594,21193.898294359773,21193.898294359773,False
2018-05-22 12:00:00+00:00,66856.0,45168.43785154353,45323.63304197322,-155.19519,21687.56214845647,21687.56214845647,False
2018-05-22 13:00:00+00:00,66191.0,43804.131624270805,44285.58288769854,-481.45126,22386.868375729195,22386.868375729195,False
2018-05-22 14:00:00+00:00,64651.0,43689.925381552835,44141.826443564554,-451.90106,20961.074618447165,20961.074618447165,False
2018-05-22 15:00:00+00:00,64222.0,45474.172176943066,45773.28316937471,-299.111,18747.827823056934,18747.827823056934,False
2018-05-22 16:00:00+00:00,63749.0,48096.27093433529,48292.25535511166,-195.98442,15652.72906566471,15652.72906566471,False
2018-05-22 17:00:00+00:00,62983.0,47870.397186834176,48012.32556207832,-141.92838,15112.602813165824,15112.602813165824,False
2018-05-22 18:00:00+00:00,60895.0,45985.480610359715,46217.62126587729,-232.14066,14909.519389640285,14909.519389640285,False
2018-05-22 19:00:00+00:00,58574.0,42351.572416754876,42792.326841803704,-440.75443,16222.427583245124,16222.427583245124,False
2018-05-22 20:00:00+00:00,55565.0,39559.09211218167,40340.73865759183,-781.64655,16005.907887818328,16005.907887818328,False
2018-05-22 21:00:00+00:00,51138.0,38964.19309485344,39034.28125250725,-70.08816,12173.806905146557,12173.806905146557,False
2018-05-22 22:00:00+00:00,47752.0,35825.24645354245,35634.69423796628,190.55222,11926.753546457549,11926.753546457549,False
2018-05-22 23:00:00+00:00,46083.0,32584.116792647736,32489.90505406131,94.21174,13498.883207352264,13498.883207352264,False
2018-05-23 00:00:00+00:00,44727.0,30470.865308889333,30410.06270421404,60.802605,14256.134691110667,14256.134691110667,False
2018-05-23 01:00:00+00:00,44769.0,29353.62674656877,29280.21910038957,73.407646,15415.37325343123,15415.37325343123,False
2018-05-23 02:00:00+00:00,45970.0,29330.12602556299,29180.203891163575,149.92213,16639.87397443701,16639.87397443701,False
2018-05-23 03:00:00+00:00,49045.0,30419.749762922445,29865.449164777914,554.3006,18625.250237077555,18625.250237077555,False
2018-05-23 04:00:00+00:00,57013.0,32304.82655071825,31189.69263958544,1115.1339,24708.17344928175,24708.17344928175,False
2018-05-23 05:00:00+00:00,63055.0,33552.75075368208,33851.940267842234,-299.1895,29502.249246317922,29502.249246317922,False
2018-05-23 06:00:00+00:00,66074.0,37261.07139697989,37755.427079352936,-494.35568,28812.92860302011,28812.92860302011,False
2018-05-23 07:00:00+00:00,67103.0,40677.99406908795,41043.244526851624,-365.25046,26425.005930912048,26425.005930912048,False
2018-05-23 08:00:00+00:00,68362.0,43541.48927257733,43469.638640863464,71.85063,24820.51072742267,24820.51072742267,False
2018-05-23 09:00:00+00:00,69796.0,45305.197107046464,45264.175077169755,41.02203,24490.802892953536,24490.802892953536,True
2018-05-23 10:00:00+00:00,69632.0,46765.23516036427,46692.127769006845,73.10739,22866.764839635733,22866.764839635733,True
2018-05-23 11:00:00+00:00,68657.0,46601.20852302022,46518.4379083962,82.770615,22055.79147697978,22055.79147697978,False
2018-05-23 12:00:00+00:00,67675.0,45220.72732998004,45240.185187112,-19.457857,22454.272670019956,22454.272670019956,False
2018-05-23 13:00:00+00:00,66669.0,44010.969185059,44202.13503283732,-191.16585,22658.030814940998,22658.030814940998,False
2018-05-23 14:00:00+00:00,64954.0,43823.846407917204,44058.37858870334,-234.53218,21130.153592082796,21130.153592082796,False
2018-05-23 15:00:00+00:00,64932.0,45551.85570025568,45689.83531451349,-137.97961,19380.144299744323,19380.144299744323,False
2018-05-23 16:00:00+00:00,64672.0,48108.02613580952,48208.80750025044,-100.781364,16563.973864190477,16563.973864190477,False
2018-05-23 17:00:00+00:00,63997.0,47802.90540191925,47928.8777072171,-125.972305,16194.094598080752,16194.094598080752,False
2018-05-23 18:00:00+00:00,61918.0,45948.42835486373,46134.173411016076,-185.74506,15969.571645136268,15969.571645136268,False
2018-05-23 19:00:00+00:00,59727.0,42487.03612195225,42708.87898694249,-221.84286,17239.963878047747,17239.963878047747,False
2018-05-23 20:00:00+00:00,56739.0,39834.508728756,40257.29080273061,-422.78207,16904.491271244,16904.491271244,False
2018-05-23 21:00:00+00:00,52413.0,38818.75728680619,38950.833397646034,-132.07611,13594.24271319381,13594.24271319381,False
2018-05-23 22:00:00+00:00,48884.0,35630.99398747518,35551.24638310506,79.747604,13253.00601252482,13253.00601252482,False
2018-05-23 23:00:00+00:00,46749.0,32448.035488232075,32406.457199200093,41.57829,14300.964511767925,14300.964511767925,False
2018-05-24 00:00:00+00:00,45756.0,30366.66298701762,30326.614849352824,40.048138,15389.337012982382,15389.337012982382,False
2018-05-24 01:00:00+00:00,45892.0,29250.120950270786,29196.771245528354,53.349705,16641.879049729214,16641.879049729214,False
2018-05-24 02:00:00+00:00,46758.0,29161.562318345816,29096.75603630236,64.80628,17596.437681654184,17596.437681654184,False
2018-05-24 03:00:00+00:00,49325.0,30175.442777201853,29782.001309916697,393.44147,19149.557222798147,19149.557222798147,False
2018-05-24 04:00:00+00:00,56760.0,32048.948703181253,31106.244784724222,942.7039,24711.051296818747,24711.051296818747,False
2018-05-24 05:00:00+00:00,62757.0,33593.12728541754,33768.49241298102,-175.36513,29163.87271458246,29163.87271458246,False
2018-05-24 06:00:00+00:00,65644.0,37353.42810754836,37671.97922449172,-318.55112,28290.57189245164,28290.57189245164,False
2018-05-24 07:00:00+00:00,66709.0,40638.4110823908,40959.79667199041,-321.3856,26070.588917609202,26070.588917609202,False
2018-05-24 08:00:00+00:00,67968.0,43432.68899690923,43386.19078600225,46.49821,24535.31100309077,24535.31100309077,False
2018-05-24 09:00:00+00:00,69794.0,45219.67864595356,45180.72722230854,38.951424,24574.321354046442,24574.321354046442,True
2018-05-24 10:00:00+00:00,70077.0,46665.436181693236,46608.67991414563,56.756268,23411.563818306764,23411.563818306764,True
2018-05-24 11:00:00+00:00,70164.0,46503.897875190254,46434.99005353498,68.90782,23660.102124809746,23660.102124809746,True
2018-05-24 12:00:00+00:00,68488.0,45143.826493169974,45156.737332250785,-12.910839,23344.173506830026,23344.173506830026,False
2018-05-24 13:00:00+00:00,67148.0,43970.1302626929,44118.687177976106,-148.55692,23177.869737307097,23177.869737307097,False
2018-05-24 14:00:00+00:00,65799.0,43795.1517421429,43974.93073384212,-179.77899,22003.8482578571,22003.8482578571,False
2018-05-24 15:00:00+00:00,65780.0,45462.777718441335,45606.38745965227,-143.60974,20317.222281558665,20317.222281558665,False
2018-05-24 16:00:00+00:00,65084.0,48010.15710022321,48125.359645389224,-115.202545,17073.84289977679,17073.84289977679,False
2018-05-24 17:00:00+00:00,64179.0,47724.49460302727,47845.42985235588,-120.93525,16454.50539697273,16454.50539697273,False
2018-05-24 18:00:00+00:00,62015.0,45868.24144055427,46050.72555615486,-182.48412,16146.758559445727,16146.758559445727,False
2018-05-24 19:00:00+00:00,59559.0,42420.917536500216,42625.43113208127,-204.5136,17138.082463499784,17138.082463499784,False
2018-05-24 20:00:00+00:00,56171.0,39902.80293932447,40173.842947869394,-271.04,16268.197060675528,16268.197060675528,False
2018-05-24 21:00:00+00:00,51651.0,38863.939453993924,38867.38554278482,-3.4460888,12787.060546006076,12787.060546006076,False
2018-05-24 22:00:00+00:00,48047.0,35505.13430171186,35467.798528243846,37.335773,12541.865698288137,12541.865698288137,False
2018-05-24 23:00:00+00:00,46190.0,32338.569113969308,32323.009344338876,15.55977,13851.430886030692,13851.430886030692,False
2018-05-25 00:00:00+00:00,45214.0,30254.59725514987,30243.166994491607,11.430261,14959.40274485013,14959.40274485013,False
2018-05-25 01:00:00+00:00,45493.0,29142.671661083397,29113.323390667138,29.34827,16350.328338916603,16350.328338916603,False
2018-05-25 02:00:00+00:00,46365.0,29053.309615767314,29013.30818144114,40.001434,17311.690384232686,17311.690384232686,False
2018-05-25 03:00:00+00:00,49429.0,29969.666980446105,29698.55345505548,271.11353,19459.333019553895,19459.333019553895,False
2018-05-25 04:00:00+00:00,56915.0,31642.001824882536,31022.796929863005,619.2049,25272.998175117464,25272.998175117464,False
2018-05-25 05:00:00+00:00,62942.0,33521.42482240203,33685.0445581198,-163.61974,29420.575177597973,29420.575177597973,False
2018-05-25 06:00:00+00:00,66028.0,37310.23241943519,37588.5313696305,-278.29895,28717.76758056481,28717.76758056481,False
2018-05-25 07:00:00+00:00,67279.0,40599.261170644815,40876.34881712919,-277.08765,26679.738829355185,26679.738829355185,False
2018-05-25 08:00:00+00:00,68488.0,43260.26020409025,43302.74293114103,-42.482727,25227.73979590975,25227.73979590975,False
2018-05-25 09:00:00+00:00,69710.0,45020.02878761334,45097.27936744732,-77.25058,24689.971212386663,24689.971212386663,True
2018-05-25 10:00:00+00:00,69369.0,46377.94121150609,46525.23205928441,-147.29085,22991.05878849391,22991.05878849391,True
2018-05-25 11:00:00+00:00,67279.0,46194.11910297064,46351.542198673764,-157.4231,21084.88089702936,21084.88089702936,False
2018-05-25 12:00:00+00:00,64830.0,45016.82878403019,45073.28947738957,-56.460693,19813.171215969807,19813.171215969807,False
2018-05-25 13:00:00+00:00,63714.0,44027.14770839168,44035.23932311489,-8.091615,19686.852291608317,19686.852291608317,False
2018-05-25 14:00:00+00:00,62801.0,43788.23810511616,43891.4828789809,-103.244774,19012.761894883843,19012.761894883843,False
2018-05-25 15:00:00+00:00,62860.0,45354.79251006449,45522.939604791056,-168.1471,17505.207489935507,17505.207489935507,False
2018-05-25 16:00:00+00:00,62343.0,47863.069047608085,48041.91179052801,-178.84274,14479.930952391915,14479.930952391915,False
2018-05-25 17:00:00+00:00,61222.0,47588.01857281205,47761.981997494666,-173.96342,13633.981427187951,13633.981427187951,False
2018-05-25 18:00:00+00:00,59035.0,45788.470526611025,45967.27770129364,-178.80717,13246.529473388975,13246.529473388975,False
2018-05-25 19:00:00+00:00,56827.0,42486.69210900716,42541.98327722005,-55.29117,14340.307890992837,14340.307890992837,False
2018-05-25 20:00:00+00:00,54125.0,40112.76600174536,40090.39509300818,22.370909,14012.23399825464,14012.23399825464,False
2018-05-25 21:00:00+00:00,49978.0,38846.83972649782,38783.9376879236,62.90204,11131.16027350218,11131.16027350218,False
2018-05-25 22:00:00+00:00,46809.0,35330.31237763678,35384.35067338263,-54.038296,11478.68762236322,11478.68762236322,False
2018-05-25 23:00:00+00:00,44548.0,32133.374203100706,32239.56148947766,-106.18729,12414.625796899294,12414.625796899294,False
2018-05-26 00:00:00+00:00,43426.0,30012.74453025539,30159.71913963039,-146.97461,13413.25546974461,13413.25546974461,False
2018-05-26 01:00:00+00:00,43056.0,28714.007982094983,29029.87553580592,-315.86755,14341.992017905017,14341.992017905017,False
2018-05-26 02:00:00+00:00,42815.0,28319.097631267425,28929.860326579925,-610.7627,14495.902368732575,14495.902368732575,False
2018-05-26 03:00:00+00:00,42323.0,27794.531503514576,29615.105600194263,-1820.5741,14528.468496485424,14528.468496485424,False
2018-05-26 04:00:00+00:00,44850.0,27851.089065236163,30939.349075001788,-3088.26,16998.910934763837,16998.910934763837,False
2018-05-26 05:00:00+00:00,49026.0,34396.08718177421,33601.59670325858,794.4905,14629.912818225792,14629.912818225792,False
2018-05-26 06:00:00+00:00,53195.0,38834.41920812866,37505.083514769285,1329.3357,14360.58079187134,14360.58079187134,False
2018-05-26 07:00:00+00:00,56024.0,42012.25814000235,40792.90096226797,1219.3572,14011.741859997652,14011.741859997652,False
2018-05-26 08:00:00+00:00,57611.0,42365.83603086966,43219.295076279814,-853.45905,15245.163969130343,15245.163969130343,False
2018-05-26 09:00:00+00:00,58227.0,44707.36984266423,45013.831512586105,-306.46167,13519.63015733577,13519.63015733577,False
2018-05-26 10:00:00+00:00,57346.0,46354.24356263853,46441.784204423195,-87.54064,10991.756437361473,10991.756437361473,False
2018-05-26 11:00:00+00:00,55436.0,45893.17896905669,46268.09434381255,-374.91537,9542.821030943313,9542.821030943313,False
2018-05-26 12:00:00+00:00,53683.0,44901.69934194974,44989.84162252835,-88.14228,8781.300658050262,8781.300658050262,False
2018-05-26 13:00:00+00:00,52832.0,44109.049891105235,43951.79146825367,157.25842,8722.950108894765,8722.950108894765,False
2018-05-26 14:00:00+00:00,52240.0,44215.834187938046,43808.03502411969,407.79916,8024.165812061954,8024.165812061954,False
2018-05-26 15:00:00+00:00,52426.0,45734.52037541812,45439.49174992984,295.02863,6691.47962458188,6691.47962458188,False
2018-05-26 16:00:00+00:00,52381.0,48115.428382688275,47958.46393566679,156.96445,4265.571617311725,4265.571617311725,False
2018-05-26 17:00:00+00:00,51735.0,47734.0523463688,47678.53414263345,55.518204,4000.9476536311995,4000.9476536311995,False
2018-05-26 18:00:00+00:00,50361.0,45919.64894967339,45883.829846432425,35.819103,4441.351050326608,4441.351050326608,False
2018-05-26 19:00:00+00:00,48814.0,42765.34319213423,42458.53542235884,306.80777,6048.656807865773,6048.656807865773,False
2018-05-26 20:00:00+00:00,47508.0,40677.40915220946,40006.94723814696,670.4619,6830.59084779054,6830.59084779054,False
2018-05-26 21:00:00+00:00,44371.0,38780.05887908289,38700.489833062384,79.569046,5590.9411209171085,5590.9411209171085,False
2018-05-26 22:00:00+00:00,41537.0,35168.58983024016,35300.90281852141,-132.31299,6368.410169759838,6368.410169759838,False
2018-05-26 23:00:00+00:00,39434.0,32044.711123019762,32156.113634616442,-111.40251,7389.288876980238,7389.288876980238,False
2018-05-27 00:00:00+00:00,38308.0,29942.891066263313,30076.271284769173,-133.38022,8365.108933736687,8365.108933736687,False
2018-05-27 01:00:00+00:00,37898.0,28663.057258581423,28946.427680944704,-283.37042,9234.942741418577,9234.942741418577,False
2018-05-27 02:00:00+00:00,37310.0,28414.304592080036,28846.412471718708,-432.10788,8895.695407919964,8895.695407919964,False
2018-05-27 03:00:00+00:00,36643.0,28202.74478146586,29531.657745333046,-1328.913,8440.255218534141,8440.255218534141,False
2018-05-27 04:00:00+00:00,37867.0,28435.07455998432,30855.90122014057,-2420.8267,9431.925440015679,9431.925440015679,False
2018-05-27 05:00:00+00:00,40865.0,33668.34608350479,33518.148848397366,150.19724,7196.653916495212,7196.653916495212,False
2018-05-27 06:00:00+00:00,44379.0,38117.63706371666,37421.63565990807,696.0014,6261.362936283338,6261.362936283338,False
2018-05-27 07:00:00+00:00,47101.0,41441.441266586444,40709.453107406756,731.98816,5659.558733413556,5659.558733413556,False
2018-05-27 08:00:00+00:00,49131.0,43247.44771580336,43135.8472214186,111.600494,5883.552284196638,5883.552284196638,False
2018-05-27 09:00:00+00:00,50892.0,45230.42989185575,44930.38365772489,300.04623,5661.570108144253,5661.570108144253,False
2018-05-27 10:00:00+00:00,50580.0,46476.94289405661,46358.33634956198,118.606544,4103.057105943393,4103.057105943393,False
2018-05-27 11:00:00+00:00,49439.0,45895.789463804846,46184.64648895133,-288.85703,3543.2105361951544,3543.2105361951544,False
2018-05-27 12:00:00+00:00,48707.0,45028.33985073598,44906.393767667134,121.94608,3678.6601492640184,3678.6601492640184,False
2018-05-27 13:00:00+00:00,48087.0,44111.91673350964,43868.343613392455,243.57312,3975.0832664903573,3975.0832664903573,False
2018-05-27 14:00:00+00:00,47361.0,44060.12327155339,43724.58716925847,335.5361,3300.8767284466085,3300.8767284466085,False
2018-05-27 15:00:00+00:00,48080.0,45947.8088486819,45356.04389506862,591.76495,2132.1911513180967,2132.1911513180967,False
2018-05-27 16:00:00+00:00,49269.0,48405.30074877432,47875.01608080557,530.28467,863.6992512256766,863.6992512256766,False
2018-05-27 17:00:00+00:00,49544.0,47912.03022698122,47595.08628777223,316.94394,1631.9697730187836,1631.9697730187836,False
2018-05-27 18:00:00+00:00,49372.0,46248.148318475505,45800.38199157121,447.76633,3123.851681524495,3123.851681524495,False
2018-05-27 19:00:00+00:00,49126.0,42983.9277164234,42375.08756749762,608.84015,6142.072283576599,6142.072283576599,False
2018-05-27 20:00:00+00:00,49242.0,40286.812035873634,39923.49938328574,363.31265,8955.187964126366,8955.187964126366,False
2018-05-27 21:00:00+00:00,46302.0,38441.610352834956,38617.04197820117,-175.43163,7860.389647165044,7860.389647165044,False
2018-05-27 22:00:00+00:00,44083.0,35210.85450313087,35217.454963660195,-6.6004605,8872.145496869132,8872.145496869132,False
2018-05-27 23:00:00+00:00,42196.0,32125.355599091163,32072.665779755225,52.68982,10070.644400908837,10070.644400908837,False
2018-05-28 00:00:00+00:00,41660.0,30030.926945532956,29992.823429907956,38.103516,11629.073054467044,11629.073054467044,False
2018-05-28 01:00:00+00:00,42394.0,29023.329755893057,28862.979826083487,160.34993,13370.670244106943,13370.670244106943,False
2018-05-28 02:00:00+00:00,43613.0,29107.879472814522,28762.96461685749,344.91486,14505.120527185478,14505.120527185478,False
2018-05-28 03:00:00+00:00,46527.0,30998.341360198392,29448.20989047183,1550.1315,15528.658639801608,15528.658639801608,False
2018-05-28 04:00:00+00:00,54781.0,34021.89208598248,30772.453365279354,3249.4387,20759.10791401752,20759.10791401752,False
2018-05-28 05:00:00+00:00,61692.0,32816.98828601662,33434.70099353615,-617.7127,28875.011713983382,28875.011713983382,False
2018-05-28 06:00:00+00:00,65610.0,36739.126525749976,37338.18780504685,-599.0613,28870.873474250024,28870.873474250024,False
2018-05-28 07:00:00+00:00,67033.0,40138.29169053382,40626.00525254554,-487.71356,26894.70830946618,26894.70830946618,False
2018-05-28 08:00:00+00:00,68862.0,43175.69685190894,43052.39936655738,123.297485,25686.303148091058,25686.303148091058,False
2018-05-28 09:00:00+00:00,69780.0,44939.70918695791,44846.93580286367,92.773384,24840.29081304209,24840.29081304209,True
2018-05-28 10:00:00+00:00,69330.0,46451.43132612166,46274.88849470076,176.54283,22878.56867387834,22878.56867387834,True
2018-05-28 11:00:00+00:00,68894.0,46319.46921819656,46101.19863409011,218.27058,22574.53078180344,22574.53078180344,False
2018-05-28 12:00:00+00:00,68090.0,44463.07967135084,44822.94591280592,-359.86624,23626.92032864916,23626.92032864916,False
2018-05-28 13:00:00+00:00,67198.0,43238.0272282578,43784.89575853124,-546.8685,23959.9727717422,23959.9727717422,False
2018-05-28 14:00:00+00:00,65391.0,43196.3990189871,43641.13931439725,-444.7403,22194.600981012904,22194.600981012904,False
2018-05-28 15:00:00+00:00,65303.0,44986.87768693592,45272.596040207405,-285.71835,20316.12231306408,20316.12231306408,False
2018-05-28 16:00:00+00:00,64794.0,47595.122440421896,47791.56822594436,-196.44579,17198.877559578104,17198.877559578104,False
2018-05-28 17:00:00+00:00,64399.0,47348.23470061121,47511.638432911015,-163.40373,17050.76529938879,17050.76529938879,False
2018-05-28 18:00:00+00:00,62245.0,45443.5128110264,45716.93413670999,-273.42133,16801.487188973602,16801.487188973602,False
2018-05-28 19:00:00+00:00,59549.0,41749.1201813864,42291.6397126364,-542.51953,17799.879818613597,17799.879818613597,False
2018-05-28 20:00:00+00:00,56803.0,39017.73854014328,39840.05152842453,-822.313,17785.261459856723,17785.261459856723,False
2018-05-28 21:00:00+00:00,52255.0,38512.58547542125,38533.59412333995,-21.008648,13742.414524578751,13742.414524578751,False
2018-05-28 22:00:00+00:00,48786.0,35283.096677890775,35134.00710879898,149.08957,13502.903322109225,13502.903322109225,False
2018-05-28 23:00:00+00:00,46905.0,32033.952235044155,31989.21792489401,44.73431,14871.047764955845,14871.047764955845,False
2018-05-29 00:00:00+00:00,45828.0,29931.75048921605,29909.37557504674,22.374914,15896.24951078395,15896.24951078395,False
2018-05-29 01:00:00+00:00,46081.0,28820.133899933207,28779.53197122227,40.60193,17260.866100066793,17260.866100066793,False
2018-05-29 02:00:00+00:00,46923.0,28751.4843599577,28679.516761996274,71.9676,18171.5156400423,18171.5156400423,False
2018-05-29 03:00:00+00:00,49595.0,29814.42905831569,29364.762035610613,449.66702,19780.57094168431,19780.57094168431,False
2018-05-29 04:00:00+00:00,57622.0,31804.707658855637,30689.005510418137,1115.7021,25817.292341144363,25817.292341144363,False
2018-05-29 05:00:00+00:00,63979.0,33078.1905471222,33351.25313867493,-273.0626,30900.809452877802,30900.809452877802,False
2018-05-29 06:00:00+00:00,67191.0,36729.61452293954,37254.739950185634,-525.1254,30461.38547706046,30461.38547706046,False
2018-05-29 07:00:00+00:00,68177.0,40124.86617453979,40542.55739768432,-417.69122,28052.13382546021,28052.13382546021,False
2018-05-29 08:00:00+00:00,69478.0,43045.261928871456,42968.95151169616,76.31042,26432.738071128544,26432.738071128544,True
2018-05-29 09:00:00+00:00,70789.0,44805.204241337415,44763.487948002454,41.716293,25983.795758662585,25983.795758662585,True
2018-05-29 10:00:00+00:00,70488.0,46261.926967964544,46191.440639839544,70.48633,24226.073032035456,24226.073032035456,True
2018-05-29 11:00:00+00:00,69805.0,46102.73390300819,46017.750779228896,84.98312,23702.266096991807,23702.266096991807,True
2018-05-29 12:00:00+00:00,69238.0,44680.341388328,44739.4980579447,-59.15667,24557.658611672,24557.658611672,False
2018-05-29 13:00:00+00:00,68112.0,43455.6503572833,43701.44790367002,-245.79755,24656.349642716697,24656.349642716697,False
2018-05-29 14:00:00+00:00,67111.0,43348.0017775292,43557.691459536036,-209.68968,23762.9982224708,23762.9982224708,False
2018-05-29 15:00:00+00:00,66391.0,45052.93173942334,45189.14818534619,-136.21645,21338.068260576663,21338.068260576663,False
2018-05-29 16:00:00+00:00,65552.0,47602.009134510874,47708.12037108314,-106.11124,17949.990865489126,17949.990865489126,False
2018-05-29 17:00:00+00:00,64728.0,47320.528667039056,47428.1905780498,-107.66191,17407.471332960944,17407.471332960944,False
2018-05-29 18:00:00+00:00,62432.0,45468.05551097475,45633.486281848775,-165.43077,16963.94448902525,16963.94448902525,False
2018-05-29 19:00:00+00:00,59805.0,41951.49193712089,42208.191857775186,-256.69992,17853.50806287911,17853.50806287911,False
2018-05-29 20:00:00+00:00,56827.0,39348.26868210823,39756.60367356331,-408.335,17478.73131789177,17478.73131789177,False
2018-05-29 21:00:00+00:00,52545.0,38369.078183761936,38450.14626847873,-81.068085,14175.921816238064,14175.921816238064,False
2018-05-29 22:00:00+00:00,49109.0,35122.789730317156,35050.55925393776,72.23048,13986.210269682844,13986.210269682844,False
2018-05-29 23:00:00+00:00,46884.0,31937.330990748123,31905.77007003279,31.56092,14946.669009251877,14946.669009251877,False
2018-05-30 00:00:00+00:00,45798.0,29862.597558137182,29825.927720185522,36.669838,15935.402441862818,15935.402441862818,False
2018-05-30 01:00:00+00:00,45741.0,28740.470945737274,28696.084116361053,44.38683,17000.529054262726,17000.529054262726,False
2018-05-30 02:00:00+00:00,46248.0,28698.328382843065,28596.068907135057,102.259476,17549.671617156935,17549.671617156935,False
2018-05-30 03:00:00+00:00,48940.0,29765.894472497443,29281.314180749396,484.5803,19174.105527502557,19174.105527502557,False
2018-05-30 04:00:00+00:00,56631.0,31674.726845010046,30605.55765555692,1069.1692,24956.273154989954,24956.273154989954,False
2018-05-30 05:00:00+00:00,63251.0,33094.2015087893,33267.805283813716,-173.60378,30156.7984912107,30156.7984912107,False
2018-05-30 06:00:00+00:00,66114.0,36772.10435118379,37171.29209532442,-399.18774,29341.895648816208,29341.895648816208,False
2018-05-30 07:00:00+00:00,66671.0,40084.358108496934,40459.109542823106,-374.75143,26586.641891503066,26586.641891503066,False
2018-05-30 08:00:00+00:00,67814.0,42929.627596349106,42885.503656834946,44.12394,24884.372403650894,24884.372403650894,False
2018-05-30 09:00:00+00:00,69197.0,44722.42730017249,44680.04009314124,42.387207,24474.572699827513,24474.572699827513,False
2018-05-30 10:00:00+00:00,68752.0,46169.186510564265,46107.99278497833,61.193726,22582.813489435735,22582.813489435735,False
2018-05-30 11:00:00+00:00,68602.0,45992.9933273523,45934.30292436768,58.690403,22609.0066726477,22609.0066726477,False
2018-05-30 12:00:00+00:00,67225.0,44620.103673695055,44656.05020308348,-35.94653,22604.896326304945,22604.896326304945,False
2018-05-30 13:00:00+00:00,66662.0,43464.54098813986,43618.000048808804,-153.45906,23197.45901186014,23197.45901186014,False
2018-05-30 14:00:00+00:00,64947.0,43286.48997308302,43474.24360467482,-187.75363,21660.510026916978,21660.510026916978,False
2018-05-30 15:00:00+00:00,64154.0,44989.1928918253,45105.70033048497,-116.50744,19164.807108174697,19164.807108174697,False
2018-05-30 16:00:00+00:00,63803.0,47560.61424290649,47624.67251622192,-64.05827,16242.385757093507,16242.385757093507,False
2018-05-30 17:00:00+00:00,62797.0,47290.05013438243,47344.74272318858,-54.69259,15506.949865617571,15506.949865617571,False
2018-05-30 18:00:00+00:00,60616.0,45448.19008409205,45550.03842698756,-101.84834,15167.80991590795,15167.80991590795,False
2018-05-30 19:00:00+00:00,57871.0,41980.01345787002,42124.74400291397,-144.73055,15890.986542129976,15890.986542129976,False
2018-05-30 20:00:00+00:00,55261.0,39421.208186866155,39673.15581870209,-251.94763,15839.791813133845,15839.791813133845,False
2018-05-30 21:00:00+00:00,50842.0,38381.68259692898,38366.698413617516,14.984183,12460.317403071022,12460.317403071022,False
2018-05-30 22:00:00+00:00,46856.0,34999.554911039435,34967.111399076544,32.443512,11856.445088960565,11856.445088960565,False
2018-05-30 23:00:00+00:00,44956.0,31830.938286872624,31822.322215171574,8.616072,13125.061713127376,13125.061713127376,False
2018-05-31 00:00:00+00:00,43505.0,29752.596471082972,29742.479865324305,10.116606,13752.403528917028,13752.403528917028,False
2018-05-31 01:00:00+00:00,43530.0,28625.141342676594,28612.636261499836,12.505081,14904.858657323406,14904.858657323406,False
2018-05-31 02:00:00+00:00,43157.0,28538.53229571256,28512.62105227384,25.911243,14618.46770428744,14618.46770428744,False
2018-05-31 03:00:00+00:00,43445.0,29483.452049765132,29197.86632588818,285.58572,13961.547950234868,13961.547950234868,False
2018-05-31 04:00:00+00:00,46082.0,29565.213438391016,30522.109800695704,-956.89636,16516.786561608984,16516.786561608984,False
2018-05-31 05:00:00+00:00,50255.0,33711.63715307359,33184.3574289525,527.2797,16543.362846926408,16543.362846926408,False
2018-05-31 06:00:00+00:00,53157.0,37681.393984115544,37087.8442404632,593.54974,15475.606015884456,15475.606015884456,False
2018-05-31 07:00:00+00:00,54942.0,40242.77001010544,40375.66168796189,-132.89168,14699.229989894557,14699.229989894557,False
2018-05-31 08:00:00+00:00,55990.0,42422.088577852635,42802.05580197373,-379.96722,13567.911422147365,13567.911422147365,False
2018-05-31 09:00:00+00:00,57581.0,44391.46725353881,44596.59223828002,-205.12498,13189.532746461191,13189.532746461191,False
2018-05-31 10:00:00+00:00,57675.0,45962.342480318526,46024.54493011711,-62.20245,11712.657519681474,11712.657519681474,False
2018-05-31 11:00:00+00:00,56745.0,45867.97697387963,45850.85506950646,17.121904,10877.023026120369,10877.023026120369,False
2018-05-31 12:00:00+00:00,55948.0,44589.724252595435,44572.602348222266,17.121904,11358.275747404565,11358.275747404565,False
2018-05-31 13:00:00+00:00,54917.0,43606.221169777666,43534.55219394759,71.668976,11310.778830222334,11310.778830222334,False
2018-05-31 14:00:00+00:00,54371.0,43552.85649505286,43390.7957498136,162.06075,10818.14350494714,10818.14350494714,False
2018-05-31 15:00:00+00:00,54447.0,45133.89979160276,45022.252475623754,111.647316,9313.100208397242,9313.100208397242,False
2018-05-31 16:00:00+00:00,55206.0,47643.51273966881,47541.224661360706,102.28808,7562.487260331189,7562.487260331189,False
2018-05-31 17:00:00+00:00,54926.0,47350.653114176974,47261.294868327364,89.358246,7575.346885823026,7575.346885823026,False
2018-05-31 18:00:00+00:00,53732.0,45591.55508018298,45466.59057212634,124.96451,8140.444919817019,8140.444919817019,False
2018-05-31 19:00:00+00:00,52631.0,42230.8619286924,42041.29614805275,189.56578,10400.1380713076,10400.1380713076,False
2018-05-31 20:00:00+00:00,51206.0,40044.61024655572,39589.707963840876,454.90228,11161.38975344428,11161.38975344428,False
2018-05-31 21:00:00+00:00,47323.0,38603.22953214497,38283.2505587563,319.97897,8719.770467855029,8719.770467855029,False
2018-05-31 22:00:00+00:00,44622.0,34835.93172887719,34883.66354421533,-47.731815,9786.068271122807,9786.068271122807,False
2018-05-31 23:00:00+00:00,42579.0,31640.924363362115,31738.874360310358,-97.95,10938.075636637885,10938.075636637885,False
2018-06-01 00:00:00+00:00,41706.0,29555.896520045608,29659.03201046309,-103.13549,12150.103479954392,12150.103479954392,False
2018-06-01 01:00:00+00:00,41710.0,28414.689848594186,28529.18840663862,-114.49856,13295.310151405814,13295.310151405814,False
2018-06-01 02:00:00+00:00,42683.0,28283.72548928274,28429.173197412623,-145.44771,14399.27451071726,14399.27451071726,False
2018-06-01 03:00:00+00:00,44798.0,29140.75004451329,29114.418471026962,26.331573,15657.24995548671,15657.24995548671,False
2018-06-01 04:00:00+00:00,51358.0,30358.962017550795,30438.661945834487,-79.69993,20999.037982449205,20999.037982449205,False
2018-06-01 05:00:00+00:00,57300.0,33438.25954967722,33100.90957409128,337.34998,23861.74045032278,23861.74045032278,False
2018-06-01 06:00:00+00:00,60149.0,36640.872368268,37004.396385601984,-363.52402,23508.127631732,23508.127631732,False
2018-06-01 07:00:00+00:00,62455.0,40028.8865015577,40292.21383310067,-263.32733,22426.113498442297,22426.113498442297,False
2018-06-01 08:00:00+00:00,63962.0,42670.15966296334,42718.60794711251,-48.448284,21291.840337036658,21291.840337036658,False
2018-06-01 09:00:00+00:00,64560.0,44479.77401827598,44513.1443834188,-33.370365,20080.22598172402,20080.22598172402,False
2018-06-01 10:00:00+00:00,63612.0,45994.775755675815,45941.09707525589,53.67868,17617.224244324185,17617.224244324185,False
2018-06-01 11:00:00+00:00,62592.0,45875.18054533372,45767.407214645245,107.77333,16716.819454666278,16716.819454666278,False
2018-06-01 12:00:00+00:00,61217.0,44592.82121851974,44489.15449336105,103.666725,16624.17878148026,16624.17878148026,False
2018-06-01 13:00:00+00:00,60678.0,43456.190166913824,43451.10433908637,5.085828,17221.809833086176,17221.809833086176,False
2018-06-01 14:00:00+00:00,59403.0,43132.35590581664,43307.347894952385,-174.99199,16270.644094183357,16270.644094183357,False
2018-06-01 15:00:00+00:00,59856.0,44749.301401158045,44938.80462076254,-189.50322,15106.698598841955,15106.698598841955,False
2018-06-01 16:00:00+00:00,59432.0,47307.73598923875,47457.77680649949,-150.04082,12124.264010761253,12124.264010761253,False
2018-06-01 17:00:00+00:00,58175.0,47063.80866049984,47177.84701346615,-114.03835,11111.191339500161,11111.191339500161,False
2018-06-01 18:00:00+00:00,56133.0,45270.74513425731,45383.142717265124,-112.39758,10862.254865742689,10862.254865742689,False
2018-06-01 19:00:00+00:00,53818.0,41885.25262058411,41957.848293191535,-72.59567,11932.747379415887,11932.747379415887,False
2018-06-01 20:00:00+00:00,51505.0,39575.60707095476,39506.26010897966,69.34696,11929.392929045243,11929.392929045243,False
2018-06-01 21:00:00+00:00,48190.0,38304.92680362653,38199.80270389508,105.1241,9885.073196373472,9885.073196373472,False
2018-06-01 22:00:00+00:00,45115.0,34798.98966162698,34800.21568935411,-1.2260277,10316.010338373017,10316.010338373017,False
2018-06-01 23:00:00+00:00,43239.0,31590.54901063713,31655.42650544914,-64.877495,11648.450989362871,11648.450989362871,False
2018-06-02 00:00:00+00:00,41889.0,29475.25310091437,29575.58415560187,-100.331055,12413.746899085629,12413.746899085629,False
2018-06-02 01:00:00+00:00,41386.0,28216.648373432676,28445.740551777402,-229.09218,13169.351626567324,13169.351626567324,False
2018-06-02 02:00:00+00:00,41564.0,27903.368592063125,28345.725342551406,-442.35675,13660.631407936875,13660.631407936875,False
2018-06-02 03:00:00+00:00,41458.0,27661.052525345433,29030.970616165745,-1369.9181,13796.947474654567,13796.947474654567,False
2018-06-02 04:00:00+00:00,43824.0,27663.33909097327,30355.21409097327,-2691.875,16160.66090902673,16160.66090902673,False
2018-06-02 05:00:00+00:00,47228.0,33125.13267107333,33017.461719230065,107.67095,14102.867328926674,14102.867328926674,False
2018-06-02 06:00:00+00:00,50900.0,37720.95469529155,36920.94853074077,800.00616,13179.045304708452,13179.045304708452,False
2018-06-02 07:00:00+00:00,53753.0,41117.65098800508,40208.765978239455,908.885,12635.34901199492,12635.34901199492,False
2018-06-02 08:00:00+00:00,55822.0,42031.35937203645,42635.160092251295,-603.8007,13790.640627963548,13790.640627963548,False
2018-06-02 09:00:00+00:00,57066.0,44329.378337029266,44429.696528557586,-100.31819,12736.621662970734,12736.621662970734,False
2018-06-02 10:00:00+00:00,56013.0,45798.15577022988,45857.64922039468,-59.49345,10214.844229770119,10214.844229770119,False
2018-06-02 11:00:00+00:00,53938.0,45380.55585636606,45683.95935978403,-303.4035,8557.44414363394,8557.44414363394,False
2018-06-02 12:00:00+00:00,52242.0,44502.57732026253,44405.70663849983,96.87068,7739.422679737472,7739.422679737472,False
2018-06-02 13:00:00+00:00,51048.0,43540.54054794586,43367.656484225154,172.88406,7507.459452054143,7507.459452054143,False
2018-06-02 14:00:00+00:00,50853.0,43620.46672099937,43223.90004009117,396.56668,7232.533279000629,7232.533279000629,False
2018-06-02 15:00:00+00:00,51104.0,45111.348220979446,44855.35676590132,255.99146,5992.651779020554,5992.651779020554,False
2018-06-02 16:00:00+00:00,51530.0,47504.69816855722,47374.32895163827,130.36922,4025.3018314427827,4025.3018314427827,False
2018-06-02 17:00:00+00:00,50698.0,47122.55340016682,47094.39915860493,28.154242,3575.44659983318,3575.44659983318,False
2018-06-02 18:00:00+00:00,48917.0,45286.10301307682,45299.69486240391,-13.591849,3630.8969869231805,3630.8969869231805,False
2018-06-02 19:00:00+00:00,47381.0,42179.61854746118,41874.40043833032,305.2181,5201.3814525388225,5201.3814525388225,False
2018-06-02 20:00:00+00:00,46291.0,39993.736204313755,39422.81225411844,570.92395,6297.263795686245,6297.263795686245,False
2018-06-02 21:00:00+00:00,43381.0,38313.80019205144,38116.354849033865,197.44534,5067.199807948557,5067.199807948557,False
2018-06-02 22:00:00+00:00,40953.0,34700.86895353434,34716.76783449289,-15.898881,6252.1310464656635,6252.1310464656635,False
2018-06-02 23:00:00+00:00,39120.0,31518.963807600863,31571.978650587924,-53.014843,7601.036192399137,7601.036192399137,False
2018-06-03 00:00:00+00:00,37837.0,29418.88467567962,29492.136300740654,-73.251625,8418.11532432038,8418.11532432038,False
2018-06-03 01:00:00+00:00,37306.0,28194.679461442553,28362.292696916185,-167.61324,9111.320538557447,9111.320538557447,False
2018-06-03 02:00:00+00:00,36933.0,27970.199759418705,28262.27748769019,-292.07773,8962.800240581295,8962.800240581295,False
2018-06-03 03:00:00+00:00,36623.0,27841.77825446859,28947.522761304528,-1105.7445,8781.22174553141,8781.22174553141,False
2018-06-03 04:00:00+00:00,37669.0,27835.574585721428,30271.766236112053,-2436.1917,9833.425414278572,9833.425414278572,False
2018-06-03 05:00:00+00:00,39940.0,33043.34000572627,32934.01386436885,109.32614,6896.65999427373,6896.65999427373,False
2018-06-03 06:00:00+00:00,43454.0,37288.47040244205,36837.50067587955,450.96973,6165.52959755795,6165.52959755795,False
2018-06-03 07:00:00+00:00,46468.0,40771.155586757144,40125.31812337824,645.83746,5696.844413242856,5696.844413242856,False
2018-06-03 08:00:00+00:00,48533.0,42551.861785265006,42551.71223739008,0.14954787,5981.138214734994,5981.138214734994,False
2018-06-03 09:00:00+00:00,51043.0,44774.7250530909,44346.24867369637,428.47638,6268.2749469090995,6268.2749469090995,False
2018-06-03 10:00:00+00:00,50682.0,45552.455821099866,45774.20136553346,-221.74554,5129.544178900134,5129.544178900134,False
2018-06-03 11:00:00+00:00,48425.0,45263.91760233492,45600.51150492281,-336.5939,3161.082397665079,3161.082397665079,False
2018-06-03 12:00:00+00:00,47174.0,44568.39591437592,44322.258783638616,246.13713,2605.6040856240797,2605.6040856240797,False
2018-06-03 13:00:00+00:00,46383.0,43533.21952413933,43284.20862936394,249.0109,2849.7804758606726,2849.7804758606726,False
2018-06-03 14:00:00+00:00,46155.0,43626.57099016159,43140.45218522995,486.1188,2528.429009838408,2528.429009838408,False
2018-06-03 15:00:00+00:00,46968.0,45398.17362051276,44771.908911040104,626.2647,1569.82637948724,1569.82637948724,False
2018-06-03 16:00:00+00:00,48250.0,47821.00548642549,47290.881096777055,530.1244,428.99451357450744,428.99451357450744,False
2018-06-03 17:00:00+00:00,48814.0,47451.77897098004,47010.951303743714,440.82767,1362.2210290199582,1362.2210290199582,False
2018-06-03 18:00:00+00:00,48607.0,45748.303892308315,45216.24700754269,532.0569,2858.696107691685,2858.696107691685,False
2018-06-03 19:00:00+00:00,47955.0,42557.5766069066,41790.9525834691,766.624,5397.423393093399,5397.423393093399,False
2018-06-03 20:00:00+00:00,48418.0,39797.783039393944,39339.364399257225,458.41864,8620.216960606056,8620.216960606056,False
2018-06-03 21:00:00+00:00,45287.0,37925.058239289836,38032.90699417265,-107.848755,7361.941760710164,7361.941760710164,False
2018-06-03 22:00:00+00:00,42581.0,34709.750979387536,34633.31997963168,76.431,7871.249020612464,7871.249020612464,False
2018-06-03 23:00:00+00:00,41102.0,31583.615840587547,31488.530795726707,95.085045,9518.384159412453,9518.384159412453,False
2018-06-04 00:00:00+00:00,40357.0,29453.14077360771,29408.688445879437,44.452328,10903.859226392291,10903.859226392291,False
2018-06-04 01:00:00+00:00,40655.0,28455.605492689734,28278.84484205497,176.76065,12199.394507310266,12199.394507310266,False
2018-06-04 02:00:00+00:00,41977.0,28500.981335709832,28178.829632828973,322.1517,13476.018664290168,13476.018664290168,False
2018-06-04 03:00:00+00:00,45187.0,30193.84785566206,28864.07490644331,1329.773,14993.152144337939,14993.152144337939,False
2018-06-04 04:00:00+00:00,53926.0,33082.249533594586,30188.318381250836,2893.9312,20843.750466405414,20843.750466405414,False
2018-06-04 05:00:00+00:00,60642.0,32525.7937316756,32850.56600950763,-324.77228,28116.2062683244,28116.2062683244,False
2018-06-04 06:00:00+00:00,64265.0,36293.84768185818,36754.05282101833,-460.20514,27971.152318141823,27971.152318141823,False
2018-06-04 07:00:00+00:00,65631.0,39689.00747554827,40041.87026851702,-352.8628,25941.99252445173,25941.99252445173,False
2018-06-04 08:00:00+00:00,67605.0,42602.06127278765,42468.26438252886,133.79689,25002.93872721235,25002.93872721235,False
2018-06-04 09:00:00+00:00,69084.0,44368.10949650849,44262.80081883515,105.30868,24715.890503491508,24715.890503491508,False
2018-06-04 10:00:00+00:00,68845.0,45881.30420036951,45690.75351067224,190.55069,22963.695799630492,22963.695799630492,False
2018-06-04 11:00:00+00:00,67829.0,45690.658513953196,45517.063650061595,173.59486,22138.341486046804,22138.341486046804,False
2018-06-04 12:00:00+00:00,66962.0,43881.08726544732,44238.8109287774,-357.72366,23080.91273455268,23080.91273455268,False
2018-06-04 13:00:00+00:00,66136.0,42696.376893887485,43200.76077450272,-504.38388,23439.623106112515,23439.623106112515,False
2018-06-04 14:00:00+00:00,64776.0,42609.47509452889,43057.004330368734,-447.52924,22166.52490547111,22166.52490547111,False
2018-06-04 15:00:00+00:00,64345.0,44381.91399807342,44688.46105617889,-306.54706,19963.086001926582,19963.086001926582,False
2018-06-04 16:00:00+00:00,63724.0,47012.866377902166,47207.43324191584,-194.56686,16711.133622097834,16711.133622097834,False
2018-06-04 17:00:00+00:00,63121.0,46792.23510781804,46927.5034488825,-135.26834,16328.764892181956,16328.764892181956,False
2018-06-04 18:00:00+00:00,61249.0,44920.79443771565,45132.79915268147,-212.00471,16328.205562284347,16328.205562284347,False
2018-06-04 19:00:00+00:00,58795.0,41229.60262899851,41707.504728607884,-477.9021,17565.39737100149,17565.39737100149,False
2018-06-04 20:00:00+00:00,56155.0,38353.596292931164,39255.91654439601,-902.32025,17801.403707068836,17801.403707068836,False
2018-06-04 21:00:00+00:00,51515.0,37599.16327139151,37949.45913931143,-350.29587,13915.83672860849,13915.83672860849,False
2018-06-04 22:00:00+00:00,48003.0,34746.821572402296,34549.87212477046,196.94945,13256.178427597704,13256.178427597704,False
2018-06-04 23:00:00+00:00,46208.0,31470.33635883424,31405.08294086549,65.25342,14737.66364116576,14737.66364116576,False
2018-06-05 00:00:00+00:00,44998.0,29337.011113135835,29325.24059101822,11.770522,15660.988886864165,15660.988886864165,False
2018-06-05 01:00:00+00:00,45221.0,28230.798953288722,28195.39698719375,35.401966,16990.201046711278,16990.201046711278,False
2018-06-05 02:00:00+00:00,46272.0,28182.89722749168,28095.381777967756,87.51545,18089.10277250832,18089.10277250832,False
2018-06-05 03:00:00+00:00,49037.0,29223.39289020514,28780.627051582094,442.76584,19813.60710979486,19813.60710979486,False
2018-06-05 04:00:00+00:00,56901.0,30990.355084495088,30104.87052638962,885.48456,25910.644915504912,25910.644915504912,False
2018-06-05 05:00:00+00:00,63755.0,32599.13719761516,32767.11815464641,-167.98096,31155.86280238484,31155.86280238484,False
2018-06-05 06:00:00+00:00,66932.0,36319.38975619618,36670.604966157116,-351.2152,30612.61024380382,30612.61024380382,False
2018-06-05 07:00:00+00:00,67696.0,39657.653370687054,39958.422413655804,-300.76904,28038.346629312946,28038.346629312946,False
2018-06-05 08:00:00+00:00,69089.0,42435.417029681805,42384.816527667645,50.600502,26653.582970318195,26653.582970318195,False
2018-06-05 09:00:00+00:00,70195.0,44212.985177566465,44179.352963973935,33.632214,25982.014822433535,25982.014822433535,True
2018-06-05 10:00:00+00:00,69609.0,45673.89786467333,45607.305655811026,66.59221,23935.10213532667,23935.10213532667,True
2018-06-05 11:00:00+00:00,68904.0,45508.413593357116,45433.61579520038,74.7978,23395.586406642884,23395.586406642884,False
2018-06-05 12:00:00+00:00,68036.0,44105.422751040205,44155.36307391618,-49.940323,23930.577248959795,23930.577248959795,False
2018-06-05 13:00:00+00:00,67067.0,42895.49660494424,43117.3129196415,-221.81631,24171.503395055763,24171.503395055763,False
2018-06-05 14:00:00+00:00,65333.0,42767.902392255564,42973.55647550752,-205.65408,22565.097607744436,22565.097607744436,False
2018-06-05 15:00:00+00:00,64866.0,44531.4035058831,44605.01320131767,-73.609695,20334.5964941169,20334.5964941169,False
2018-06-05 16:00:00+00:00,64352.0,47100.642455307185,47123.98538705462,-23.342932,17251.357544692815,17251.357544692815,False
2018-06-05 17:00:00+00:00,63601.0,46832.683368259866,46844.05559402128,-11.372226,16768.316631740134,16768.316631740134,False
2018-06-05 18:00:00+00:00,61307.0,44991.854479277776,45049.351297820256,-57.49682,16315.145520722224,16315.145520722224,False
2018-06-05 19:00:00+00:00,58999.0,41466.0497173746,41624.05687374667,-158.00716,17532.950282625403,17532.950282625403,False
2018-06-05 20:00:00+00:00,56369.0,38724.87429866565,39172.46868953479,-447.5944,17644.12570133435,17644.12570133435,False
2018-06-05 21:00:00+00:00,51847.0,37666.528999904316,37866.011284450215,-199.48228,14180.471000095684,14180.471000095684,False
2018-06-05 22:00:00+00:00,48798.0,34523.54108356891,34466.42426990924,57.116814,14274.45891643109,14274.45891643109,False
2018-06-05 23:00:00+00:00,46998.0,31339.848089162842,31321.635086004273,18.213003,15658.151910837158,15658.151910837158,False
2018-06-06 00:00:00+00:00,45590.0,29258.914640530173,29241.792736157004,17.121904,16331.085359469827,16331.085359469827,False
2018-06-06 01:00:00+00:00,45523.0,28132.8654054496,28111.949132332535,20.916273,17390.1345945504,17390.1345945504,False
2018-06-06 02:00:00+00:00,46323.0,28059.437516551363,28011.93392310654,47.503593,18263.562483448637,18263.562483448637,False
2018-06-06 03:00:00+00:00,49040.0,29117.732175236502,28697.179196720877,420.55298,19922.267824763498,19922.267824763498,False
2018-06-06 04:00:00+00:00,57034.0,30915.650637836996,30021.422671528402,894.22797,26118.349362163004,26118.349362163004,False
2018-06-06 05:00:00+00:00,63008.0,32529.37250925785,32683.670299785193,-154.29779,30478.62749074215,30478.62749074215,False
2018-06-06 06:00:00+00:00,66583.0,36237.966406950196,36587.1571112959,-349.1907,30345.033593049804,30345.033593049804,False
2018-06-06 07:00:00+00:00,67508.0,39568.341441118806,39874.97455879459,-306.63312,27939.658558881194,27939.658558881194,False
2018-06-06 08:00:00+00:00,69035.0,42347.82879777591,42301.36867280643,46.460125,26687.17120222409,26687.17120222409,False
2018-06-06 09:00:00+00:00,70208.0,44135.11313218401,44095.90510911272,39.208023,26072.886867815992,26072.886867815992,True
2018-06-06 10:00:00+00:00,69822.0,45580.316300858256,45523.85780094981,56.4585,24241.683699141744,24241.683699141744,True
2018-06-06 11:00:00+00:00,69955.0,45403.35532971294,45350.16794033916,53.18739,24551.64467028706,24551.64467028706,True
2018-06-06 12:00:00+00:00,68860.0,43995.17561029032,44071.915219054965,-76.73961,24864.824389709684,24864.824389709684,False
2018-06-06 13:00:00+00:00,67726.0,42837.911131064466,43033.865064780286,-195.95393,24888.088868935534,24888.088868935534,False
2018-06-06 14:00:00+00:00,65948.0,42753.03878116876,42890.1086206463,-137.06984,23194.96121883124,23194.96121883124,False
2018-06-06 15:00:00+00:00,65834.0,44465.193344808504,44521.56534645645,-56.372,21368.806655191496,21368.806655191496,False
2018-06-06 16:00:00+00:00,65155.0,47019.789065701705,47040.537532193404,-20.748466,18135.210934298295,18135.210934298295,False
2018-06-06 17:00:00+00:00,64322.0,46743.22758168936,46760.60773916006,-17.380157,17578.77241831064,17578.77241831064,False
2018-06-06 18:00:00+00:00,62465.0,44917.20766506597,44965.90344295904,-48.695778,17547.792334934027,17547.792334934027,False
2018-06-06 19:00:00+00:00,59656.0,41369.99769076045,41540.60901888545,-170.61133,18286.00230923955,18286.00230923955,False
2018-06-06 20:00:00+00:00,57096.0,38732.097464312246,39089.020834673574,-356.92337,18363.902535687754,18363.902535687754,False
2018-06-06 21:00:00+00:00,53036.0,37665.56046938392,37782.563429589,-117.00296,15370.43953061608,15370.43953061608,False
2018-06-06 22:00:00+00:00,49815.0,34413.53481806316,34382.976415048026,30.558403,15401.465181936837,15401.465181936837,False
2018-06-06 23:00:00+00:00,47363.0,31242.165894825994,31238.187231143056,3.9786637,16120.834105174006,16120.834105174006,False
2018-06-07 00:00:00+00:00,46013.0,29158.485141217338,29158.344881295787,0.14025992,16854.514858782662,16854.514858782662,False
2018-06-07 01:00:00+00:00,45843.0,28038.48288014008,28028.501277471318,9.981603,17804.51711985992,17804.51711985992,False
2018-06-07 02:00:00+00:00,46534.0,27955.99332379952,27928.48606824532,27.507256,18578.00667620048,18578.00667620048,False
2018-06-07 03:00:00+00:00,49415.0,28923.827258607707,28613.73134185966,310.09592,20491.172741392293,20491.172741392293,False
2018-06-07 04:00:00+00:00,57481.0,30731.755456315623,29937.974816667185,793.78064,26749.244543684377,26749.244543684377,False
2018-06-07 05:00:00+00:00,63731.0,32465.600420387844,32600.222444923977,-134.62202,31265.399579612156,31265.399579612156,False
2018-06-07 06:00:00+00:00,67064.0,36195.07030990148,36503.70925643468,-308.63895,30868.92969009852,30868.92969009852,False
2018-06-07 07:00:00+00:00,67763.0,39556.24444685329,39791.52670393337,-235.28226,28206.755553146708,28206.755553146708,False
2018-06-07 08:00:00+00:00,69322.0,42250.25632438442,42217.92081794521,32.335506,27071.74367561558,27071.74367561558,True
2018-06-07 09:00:00+00:00,70590.0,44050.98122199442,44012.4572542515,38.523968,26539.01877800558,26539.01877800558,True
2018-06-07 10:00:00+00:00,70419.0,45493.89534342746,45440.40994608859,53.485397,24925.10465657254,24925.10465657254,True
2018-06-07 11:00:00+00:00,69687.0,45311.543480253335,45266.720085477944,44.823395,24375.456519746665,24375.456519746665,True
2018-06-07 12:00:00+00:00,68503.0,43937.39395415957,43988.46736419375,-51.07341,24565.60604584043,24565.60604584043,False
2018-06-07 13:00:00+00:00,67907.0,42808.71765547571,42950.41720991907,-141.69955,25098.28234452429,25098.28234452429,False
2018-06-07 14:00:00+00:00,66763.0,42682.663954872,42806.660765785084,-123.99681,24080.336045128002,24080.336045128002,False
2018-06-07 15:00:00+00:00,66417.0,44383.402762286154,44438.117491595236,-54.71473,22033.597237713846,22033.597237713846,False
2018-06-07 16:00:00+00:00,65866.0,46940.69319104984,46957.08967733219,-16.396486,18925.30680895016,18925.30680895016,False
2018-06-07 17:00:00+00:00,65082.0,46666.82817062239,46677.159884298846,-10.331714,18415.171829377607,18415.171829377607,False
2018-06-07 18:00:00+00:00,62604.0,44815.65257906462,44882.45558809782,-66.80301,17788.34742093538,17788.34742093538,False
2018-06-07 19:00:00+00:00,59640.0,41224.006668784976,41457.16116402423,-233.1545,18415.993331215024,18415.993331215024,False
2018-06-07 20:00:00+00:00,56603.0,38695.50425422642,39005.57297981236,-310.06873,17907.49574577358,17907.49574577358,False
2018-06-07 21:00:00+00:00,52508.0,37687.647954831846,37699.11557472778,-11.46762,14820.352045168154,14820.352045168154,False
2018-06-07 22:00:00+00:00,49672.0,34345.925204779094,34299.52856018681,46.396645,15326.074795220906,15326.074795220906,False
2018-06-07 23:00:00+00:00,47637.0,31171.861280655008,31154.73937628184,17.121904,16465.138719344992,16465.138719344992,False
2018-06-08 00:00:00+00:00,46115.0,29094.309549704223,29074.89702643457,19.412523,17020.690450295777,17020.690450295777,False
2018-06-08 01:00:00+00:00,46426.0,27977.37617651635,27945.0534226101,32.322754,18448.62382348365,18448.62382348365,False
2018-06-08 02:00:00+00:00,46815.0,27885.816335332347,27845.038213384105,40.778122,18929.183664667653,18929.183664667653,False
2018-06-08 03:00:00+00:00,49510.0,28814.891397154694,28530.283486998444,284.6079,20695.108602845306,20695.108602845306,False
2018-06-08 04:00:00+00:00,57358.0,30565.24632215753,29854.52696180597,710.71936,26792.75367784247,26792.75367784247,False
2018-06-08 05:00:00+00:00,63758.0,32443.32498221364,32516.77459006276,-73.44961,31314.67501778636,31314.67501778636,False
2018-06-08 06:00:00+00:00,66780.0,36163.17860738401,36420.261401573465,-257.0828,30616.821392615988,30616.821392615988,False
2018-06-08 07:00:00+00:00,67757.0,39530.767310375864,39708.07884907215,-177.31154,28226.232689624136,28226.232689624136,False
2018-06-08 08:00:00+00:00,69482.0,42072.241891611826,42134.472963083994,-62.23107,27409.758108388174,27409.758108388174,True
2018-06-08 09:00:00+00:00,70961.0,43839.79517362124,43929.009399390285,-89.214226,27121.20482637876,27121.20482637876,True
2018-06-08 10:00:00+00:00,70336.0,45245.57628800472,45356.962091227375,-111.3858,25090.42371199528,25090.42371199528,True
2018-06-08 11:00:00+00:00,68605.0,45121.59979485623,45183.27223061673,-61.672436,23483.40020514377,23483.40020514377,False
2018-06-08 12:00:00+00:00,66658.0,43906.70041646277,43905.01950933253,1.6809071,22751.299583537228,22751.299583537228,False
2018-06-08 13:00:00+00:00,64961.0,42848.690750550406,42866.96935505785,-18.278605,22112.309249449594,22112.309249449594,False
2018-06-08 14:00:00+00:00,64145.0,42611.805394444375,42723.21291092387,-111.40752,21533.194605555625,21533.194605555625,False
2018-06-08 15:00:00+00:00,64476.0,44194.41658497621,44354.66963673402,-160.25305,20281.583415023793,20281.583415023793,False
2018-06-08 16:00:00+00:00,63585.0,46722.16060604031,46873.64182247097,-151.48122,16862.839393959694,16862.839393959694,False
2018-06-08 17:00:00+00:00,62464.0,46489.28080842933,46593.71202943763,-104.43122,15974.719191570672,15974.719191570672,False
2018-06-08 18:00:00+00:00,59758.0,44678.67887581473,44799.007733236605,-120.32886,15079.32112418527,15079.32112418527,False
2018-06-08 19:00:00+00:00,56929.0,41267.87785994427,41373.71330916302,-105.83545,15661.122140055733,15661.122140055733,False
2018-06-08 20:00:00+00:00,54654.0,38854.918520947234,38922.12512495114,-67.206604,15799.081479052766,15799.081479052766,False
2018-06-08 21:00:00+00:00,51206.0,37681.92741682701,37615.667719866564,66.2597,13524.072583172987,13524.072583172987,False
2018-06-08 22:00:00+00:00,48144.0,34215.649511437405,34216.08070532559,-0.4311939,13928.350488562595,13928.350488562595,False
2018-06-08 23:00:00+00:00,45899.0,30994.71679150119,31071.291521420622,-76.57473,14904.283208498811,14904.283208498811,False
2018-06-09 00:00:00+00:00,44137.0,28866.760374576283,28991.449171573353,-124.6888,15270.239625423717,15270.239625423717,False
2018-06-09 01:00:00+00:00,43225.0,27594.404578979353,27861.605567748884,-267.201,15630.595421020647,15630.595421020647,False
2018-06-09 02:00:00+00:00,43130.0,27270.62905481195,27761.590358522888,-490.9613,15859.37094518805,15859.37094518805,False
2018-06-09 03:00:00+00:00,42992.0,26957.907409480977,28446.835632137227,-1488.9282,16034.092590519023,16034.092590519023,False
2018-06-09 04:00:00+00:00,45391.0,26865.539312022876,29771.07910694475,-2905.5398,18525.460687977124,18525.460687977124,False
2018-06-09 05:00:00+00:00,50303.0,32624.137571993535,32433.326735201543,190.81084,17678.862428006465,17678.862428006465,False
2018-06-09 06:00:00+00:00,54512.0,37572.79230647787,36336.81354671225,1235.9788,16939.207693522127,16939.207693522127,False
2018-06-09 07:00:00+00:00,56888.0,40780.36744440625,39624.63099421094,1155.7365,16107.632555593751,16107.632555593751,False
2018-06-09 08:00:00+00:00,57929.0,41323.581626777464,42051.02510822278,-727.4435,16605.418373222536,16605.418373222536,False
2018-06-09 09:00:00+00:00,58485.0,43717.51756869899,43845.56154452907,-128.04398,14767.48243130101,14767.48243130101,False
2018-06-09 10:00:00+00:00,57832.0,45255.95944777668,45273.51423636616,-17.554789,12576.04055222332,12576.04055222332,False
2018-06-09 11:00:00+00:00,56328.0,44771.0019880602,45099.82437575551,-328.8224,11556.998011939802,11556.998011939802,False
2018-06-09 12:00:00+00:00,55263.0,43721.666670950806,43821.571654471314,-99.90498,11541.333329049194,11541.333329049194,False
2018-06-09 13:00:00+00:00,54168.0,42917.053711500346,42783.521500196635,133.53221,11250.946288499654,11250.946288499654,False
2018-06-09 14:00:00+00:00,52870.0,42978.78989737124,42639.76505606265,339.02484,9891.210102628756,9891.210102628756,False
2018-06-09 15:00:00+00:00,53480.0,44487.81812586694,44271.2217818728,216.59634,8992.181874133057,8992.181874133057,False
2018-06-09 16:00:00+00:00,53639.0,46899.49825838124,46790.19396760975,109.30429,6739.501741618762,6739.501741618762,False
2018-06-09 17:00:00+00:00,53182.0,46554.58901130737,46510.26417457641,44.324837,6627.410988692631,6627.410988692631,False
2018-06-09 18:00:00+00:00,51041.0,44765.93448927627,44715.55987837539,50.37461,6275.065510723733,6275.065510723733,False
2018-06-09 19:00:00+00:00,49189.0,41444.06994343754,41290.2654543018,153.80449,7744.930056562458,7744.930056562458,False
2018-06-09 20:00:00+00:00,48522.0,39288.48885456258,38838.677270089924,449.81158,9233.51114543742,9233.51114543742,False
2018-06-09 21:00:00+00:00,45620.0,37753.14116017136,37532.21986500535,220.9213,7866.858839828637,7866.858839828637,False
2018-06-09 22:00:00+00:00,42667.0,34106.279252823384,34132.632850464375,-26.353598,8560.720747176616,8560.720747176616,False
2018-06-09 23:00:00+00:00,40093.0,30912.927399164386,30987.843666559405,-74.91627,9180.072600835614,9180.072600835614,False
2018-06-10 00:00:00+00:00,38906.0,28811.84278552317,28908.001316712136,-96.15853,10094.157214476829,10094.157214476829,False
2018-06-10 01:00:00+00:00,38120.0,27560.234525631808,27778.157712887667,-217.92319,10559.765474368192,10559.765474368192,False
2018-06-10 02:00:00+00:00,37834.0,27299.518937987843,27678.14250366167,-378.62357,10534.481062012157,10534.481062012157,False
2018-06-10 03:00:00+00:00,37312.0,27360.70741838929,28363.38777727601,-1002.68036,9951.292581610709,9951.292581610709,False
2018-06-10 04:00:00+00:00,38239.0,27314.69008997416,29687.631252083534,-2372.9412,10924.30991002584,10924.30991002584,False
2018-06-10 05:00:00+00:00,40858.0,32398.06481249975,32349.878880340326,48.185932,8459.93518750025,8459.93518750025,False
2018-06-10 06:00:00+00:00,44453.0,36788.505950640094,36253.36569185103,535.14026,7664.494049359906,7664.494049359906,False
2018-06-10 07:00:00+00:00,47329.0,40304.10440399816,39541.18313934972,762.92126,7024.895596001843,7024.895596001843,False
2018-06-10 08:00:00+00:00,49588.0,41998.70886804662,41967.57725336156,31.131615,7589.291131953381,7589.291131953381,False
2018-06-10 09:00:00+00:00,52057.0,44108.298198945195,43762.11368966785,346.1845,7948.701801054805,7948.701801054805,False
2018-06-10 10:00:00+00:00,52192.0,45112.11259274762,45190.06638150494,-77.95379,7079.887407252383,7079.887407252383,False
2018-06-10 11:00:00+00:00,49815.0,44685.46947743726,45016.37652089429,-330.90704,5129.530522562738,5129.530522562738,False
2018-06-10 12:00:00+00:00,49050.0,43938.162587451894,43738.1237996101,200.03879,5111.837412548106,5111.837412548106,False
2018-06-10 13:00:00+00:00,48983.0,42916.991644603,42700.07364533542,216.918,6066.0083553970035,6066.0083553970035,False
2018-06-10 14:00:00+00:00,48850.0,43048.80059963893,42556.31720120143,492.4834,5801.199400361067,5801.199400361067,False
2018-06-10 15:00:00+00:00,50165.0,44717.51812867174,44187.773927011585,529.7442,5447.481871328258,5447.481871328258,False
2018-06-10 16:00:00+00:00,51214.0,47042.848194047365,46706.74611274854,336.10208,4171.151805952635,4171.151805952635,False
2018-06-10 17:00:00+00:00,51344.0,46698.24554945152,46426.816319715195,271.42923,4645.754450548477,4645.754450548477,False
2018-06-10 18:00:00+00:00,51166.0,45064.33763996925,44632.11202351417,432.22562,6101.66236003075,6101.66236003075,False
2018-06-10 19:00:00+00:00,50410.0,41767.44443049527,41206.81759944058,560.62683,8642.55556950473,8642.55556950473,False
2018-06-10 20:00:00+00:00,50079.0,39199.33445673261,38755.22941522871,444.10504,10879.665543267387,10879.665543267387,False
2018-06-10 21:00:00+00:00,47213.0,37373.43658381356,37448.77201014413,-75.33543,9839.563416186436,9839.563416186436,False
2018-06-10 22:00:00+00:00,44310.0,34104.12977786024,34049.18499560316,54.944782,10205.870222139762,10205.870222139762,False
2018-06-10 23:00:00+00:00,43058.0,30960.65313591694,30904.39581169819,56.257324,12097.346864083062,12097.346864083062,False
2018-06-11 00:00:00+00:00,42373.0,28843.367338956632,28824.55346185092,18.813877,13529.632661043368,13529.632661043368,False
2018-06-11 01:00:00+00:00,42625.0,27838.49943932528,27694.70985802645,143.78958,14786.500560674722,14786.500560674722,False
2018-06-11 02:00:00+00:00,43656.0,27898.732765255532,27594.694648800454,304.03812,15757.267234744468,15757.267234744468,False
2018-06-11 03:00:00+00:00,47060.0,29595.913555227293,28279.939922414793,1315.9736,17464.086444772707,17464.086444772707,False
2018-06-11 04:00:00+00:00,56061.0,32573.957323003568,29604.183397222318,2969.774,23487.042676996432,23487.042676996432,False
2018-06-11 05:00:00+00:00,62493.0,31815.537379238875,32266.43102547911,-450.89365,30677.462620761125,30677.462620761125,False
2018-06-11 06:00:00+00:00,66156.0,35653.771352614815,36169.917836989815,-516.1465,30502.228647385185,30502.228647385185,False
2018-06-11 07:00:00+00:00,67816.0,39123.57695929319,39457.7352844885,-334.15833,28692.42304070681,28692.42304070681,False
2018-06-11 08:00:00+00:00,68819.0,42030.30894867124,41884.12939850034,146.17955,26788.69105132876,26788.69105132876,False
2018-06-11 09:00:00+00:00,70133.0,43791.790583036614,43678.665834806634,113.12475,26341.209416963386,26341.209416963386,True
2018-06-11 10:00:00+00:00,69644.0,45315.92512149236,45106.618526643724,209.3066,24328.074878507643,24328.074878507643,True
2018-06-11 11:00:00+00:00,69640.0,45142.7373665946,44932.928666033076,209.8087,24497.2626334054,24497.2626334054,True
2018-06-11 12:00:00+00:00,68487.0,43276.63996452427,43654.67594474888,-378.03598,25210.36003547573,25210.36003547573,False
2018-06-11 13:00:00+00:00,68067.0,42077.83843695858,42616.6257904742,-538.78735,25989.161563041424,25989.161563041424,False
2018-06-11 14:00:00+00:00,66798.0,42020.54586001209,42472.869346340216,-452.3235,24777.45413998791,24777.45413998791,False
2018-06-11 15:00:00+00:00,66809.0,43787.85549109568,44104.32607215037,-316.47058,23021.14450890432,23021.14450890432,False
2018-06-11 16:00:00+00:00,66142.0,46423.58323103185,46623.29825788732,-199.71503,19718.41676896815,19718.41676896815,False
2018-06-11 17:00:00+00:00,64878.0,46218.397570994115,46343.36846485398,-124.970894,18659.602429005885,18659.602429005885,False
2018-06-11 18:00:00+00:00,62108.0,44269.922469434205,44548.664168652955,-278.7417,17838.077530565795,17838.077530565795,False
2018-06-11 19:00:00+00:00,59335.0,40543.73394135671,41123.369744579366,-579.6358,18791.26605864329,18791.26605864329,False
2018-06-11 20:00:00+00:00,56168.0,37773.46948761358,38671.78156036749,-898.3121,18394.530512386416,18394.530512386416,False
2018-06-11 21:00:00+00:00,52162.0,37131.94138855928,37365.32415528291,-233.38277,15030.05861144072,15030.05861144072,False
2018-06-11 22:00:00+00:00,48837.0,34185.70178612768,33965.73714074194,219.96465,14651.298213872316,14651.298213872316,False
2018-06-11 23:00:00+00:00,46917.0,30891.112156666073,30820.94795683697,70.1642,16025.887843333927,16025.887843333927,False
2018-06-12 00:00:00+00:00,45903.0,28751.017918543657,28741.105606989702,9.912312,17151.982081456343,17151.982081456343,False
2018-06-12 01:00:00+00:00,45475.0,27640.327148657787,27611.262003165233,29.065145,17834.672851342213,17834.672851342213,False
2018-06-12 02:00:00+00:00,46272.0,27599.842138482694,27511.246793939237,88.595345,18672.157861517306,18672.157861517306,False
2018-06-12 03:00:00+00:00,49587.0,28662.08966276842,28196.492067553576,465.5976,20924.91033723158,20924.91033723158,False
2018-06-12 04:00:00+00:00,57456.0,30481.33631140407,29520.7355423611,960.60077,26974.66368859593,26974.66368859593,False
2018-06-12 05:00:00+00:00,63548.0,31973.593323816134,32182.983170617892,-209.38985,31574.406676183866,31574.406676183866,False
2018-06-12 06:00:00+00:00,66343.0,35729.49451826141,36086.4699821286,-356.97546,30613.50548173859,30613.50548173859,False
2018-06-12 07:00:00+00:00,67044.0,39125.16224652182,39374.287429627286,-249.12518,27918.837753478183,27918.837753478183,False
2018-06-12 08:00:00+00:00,67872.0,41887.11886053366,41800.681543639126,86.43732,25984.881139466343,25984.881139466343,False
2018-06-12 09:00:00+00:00,69578.0,43636.481934108015,43595.21797994542,41.263954,25941.518065891985,25941.518065891985,True
2018-06-12 10:00:00+00:00,69104.0,45100.700838408484,45023.17067178251,77.53017,24003.299161591516,24003.299161591516,False
2018-06-12 11:00:00+00:00,68561.0,44940.507338576645,44849.48081117186,91.02653,23620.492661423355,23620.492661423355,False
2018-06-12 12:00:00+00:00,67949.0,43559.53888090329,43571.22808988766,-11.689209,24389.46111909671,24389.46111909671,False
2018-06-12 13:00:00+00:00,67654.0,42315.651400578805,42533.177935612985,-217.52654,25338.348599421195,25338.348599421195,False
2018-06-12 14:00:00+00:00,65816.0,42144.18096718701,42389.421491479,-245.24052,23671.819032812993,23671.819032812993,False
2018-06-12 15:00:00+00:00,65292.0,43940.571515628995,44020.87821728915,-80.3067,21351.428484371005,21351.428484371005,False
2018-06-12 16:00:00+00:00,64965.0,46519.33107014036,46539.8504030261,-20.519333,18445.66892985964,18445.66892985964,False
2018-06-12 17:00:00+00:00,64223.0,46229.82934145333,46259.92060999276,-30.091269,17993.170658546667,17993.170658546667,False
2018-06-12 18:00:00+00:00,61774.0,44365.54290528344,44465.21631379174,-99.67341,17408.457094716563,17408.457094716563,False
2018-06-12 19:00:00+00:00,59091.0,40777.60984748182,41039.92188971815,-262.31204,18313.39015251818,18313.39015251818,False
2018-06-12 20:00:00+00:00,55797.0,38075.26143988127,38588.33370550627,-513.07227,17721.738560118727,17721.738560118727,False
2018-06-12 21:00:00+00:00,51350.0,37097.7574344549,37281.876300421696,-184.11887,14252.2425655451,14252.2425655451,False
2018-06-12 22:00:00+00:00,47709.0,34001.63797972838,33882.289285880724,119.348694,13707.36202027162,13707.36202027162,False
2018-06-12 23:00:00+00:00,46171.0,30771.624545029954,30737.500101975755,34.124443,15399.375454970046,15399.375454970046,False
2018-06-13 00:00:00+00:00,45023.0,28686.54998693073,28657.657752128485,28.892235,16336.450013069269,16336.450013069269,False
2018-06-13 01:00:00+00:00,45164.0,27568.181969043762,27527.814148304016,40.36782,17595.818030956238,17595.818030956238,False
2018-06-13 02:00:00+00:00,46075.0,27487.583473532366,27427.79893907802,59.784534,18587.416526467634,18587.416526467634,False
2018-06-13 03:00:00+00:00,49307.0,28521.890648239234,28113.04421269236,408.84644,20785.109351760766,20785.109351760766,False
2018-06-13 04:00:00+00:00,57749.0,30303.52084179676,29437.287687499884,866.23315,27445.47915820324,27445.47915820324,False
2018-06-13 05:00:00+00:00,63254.0,31954.775733237144,32099.535315756675,-144.75958,31299.224266762856,31299.224266762856,False
2018-06-13 06:00:00+00:00,65962.0,35744.9593220916,36003.02212726738,-258.0628,30217.0406779084,30217.0406779084,False
2018-06-13 07:00:00+00:00,67322.0,39009.134374570756,39290.83957476607,-281.7052,28312.865625429244,28312.865625429244,False
2018-06-13 08:00:00+00:00,69362.0,41772.32750362776,41717.23368877791,55.093815,27589.672496372237,27589.672496372237,True
2018-06-13 09:00:00+00:00,69974.0,43531.95292156247,43511.7701250842,20.182796,26442.04707843753,26442.04707843753,True
2018-06-13 10:00:00+00:00,68820.0,44997.62802169424,44939.72281692129,57.905205,23822.37197830576,23822.37197830576,False
2018-06-13 11:00:00+00:00,68082.0,44845.205167004,44766.03295631064,79.17221,23236.794832995998,23236.794832995998,False
2018-06-13 12:00:00+00:00,67207.0,43494.13418409642,43487.78023502645,6.353949,23712.865815903577,23712.865815903577,False
2018-06-13 13:00:00+00:00,66691.0,42272.93741717755,42449.73008075177,-176.79266,24418.06258282245,24418.06258282245,False
2018-06-13 14:00:00+00:00,65486.0,42088.35130690587,42305.97363661778,-217.62233,23397.648693094132,23397.648693094132,False
2018-06-13 15:00:00+00:00,65051.0,43801.3737675793,43937.430362427935,-136.0566,21249.6262324207,21249.6262324207,False
2018-06-13 16:00:00+00:00,64493.0,46402.816873879,46456.402548164886,-53.585674,18090.183126121003,18090.183126121003,False
2018-06-13 17:00:00+00:00,63521.0,46142.34521835786,46176.472755131545,-34.127537,17378.654781642137,17378.654781642137,False
2018-06-13 18:00:00+00:00,60543.0,44262.75873145249,44381.76845893052,-119.00973,16280.241268547506,16280.241268547506,False
2018-06-13 19:00:00+00:00,57951.0,40771.421895574706,40956.47403485693,-185.05214,17179.578104425294,17179.578104425294,False
2018-06-13 20:00:00+00:00,55039.0,38184.9189927349,38504.885850645056,-319.96686,16854.0810072651,16854.0810072651,False
2018-06-13 21:00:00+00:00,50775.0,37144.228563053155,37198.42844556048,-54.199883,13630.771436946845,13630.771436946845,False
2018-06-13 22:00:00+00:00,47862.0,33840.666084644996,33798.84143101951,41.824654,14021.333915355004,14021.333915355004,False
2018-06-13 23:00:00+00:00,46004.0,30671.174151487707,30654.052247114538,17.121904,15332.825848512293,15332.825848512293,False
2018-06-14 00:00:00+00:00,44908.0,28591.331801640437,28574.20989726727,17.121904,16316.668198359563,16316.668198359563,False
2018-06-14 01:00:00+00:00,44405.0,27478.872591507985,27444.3662934428,34.506298,16926.127408492015,16926.127408492015,False
2018-06-14 02:00:00+00:00,45295.0,27408.27488945362,27344.351084216803,63.923805,17886.72511054638,17886.72511054638,False
2018-06-14 03:00:00+00:00,48501.0,28326.26127482333,28029.596357831142,296.66492,20174.73872517667,20174.73872517667,False
2018-06-14 04:00:00+00:00,56634.0,29759.750873898432,29353.839832638667,405.91104,26874.249126101568,26874.249126101568,False
2018-06-14 05:00:00+00:00,62731.0,31936.17346706001,32016.08746089546,-79.913994,30794.82653293999,30794.82653293999,False
2018-06-14 06:00:00+00:00,65727.0,35720.48957086808,35919.574272406164,-199.0847,30006.510429131922,30006.510429131922,False
2018-06-14 07:00:00+00:00,66835.0,38914.593319025946,39207.39171990485,-292.7984,27920.406680974054,27920.406680974054,False
2018-06-14 08:00:00+00:00,68864.0,41715.31022509101,41633.78583391669,81.52439,27148.68977490899,27148.68977490899,False
2018-06-14 09:00:00+00:00,69145.0,43493.00392610677,43428.32227022298,64.681656,25651.996073893228,25651.996073893228,False
2018-06-14 10:00:00+00:00,68378.0,44947.094351403335,44856.27496206007,90.81939,23430.905648596665,23430.905648596665,False
2018-06-14 11:00:00+00:00,67774.0,44760.60621198409,44682.585101449426,78.02111,23013.393788015906,23013.393788015906,False
2018-06-14 12:00:00+00:00,67020.0,43338.99323831953,43404.33238016523,-65.33914,23681.006761680474,23681.006761680474,False
2018-06-14 13:00:00+00:00,66828.0,42151.29789666692,42366.28222589055,-214.98433,24676.702103333082,24676.702103333082,False
2018-06-14 14:00:00+00:00,65561.0,42038.78074086301,42222.525781756565,-183.74504,23522.21925913699,23522.21925913699,False
2018-06-14 15:00:00+00:00,65635.0,43776.90669427326,43853.98250756672,-77.07581,21858.09330572674,21858.09330572674,False
2018-06-14 16:00:00+00:00,65278.0,46351.34929131087,46372.95469330367,-21.605402,18926.65070868913,18926.65070868913,False
2018-06-14 17:00:00+00:00,64568.0,46069.678546739444,46093.02490027033,-23.346354,18498.321453260556,18498.321453260556,False
2018-06-14 18:00:00+00:00,61783.0,44239.618566258025,44298.320604069304,-58.702038,17543.381433741975,17543.381433741975,False
2018-06-14 19:00:00+00:00,59061.0,40739.540660586536,40873.026179995715,-133.48552,18321.459339413464,18321.459339413464,False
2018-06-14 20:00:00+00:00,56479.0,38118.6016920729,38421.43799578384,-302.8363,18360.3983079271,18360.3983079271,False
2018-06-14 21:00:00+00:00,52186.0,37027.58346545512,37114.98059069926,-87.397125,15158.416534544878,15158.416534544878,False
2018-06-14 22:00:00+00:00,48880.0,33794.2048096788,33715.39357615829,78.81123,15085.795190321202,15085.795190321202,False
2018-06-14 23:00:00+00:00,46829.0,30595.281424724024,30570.60439225332,24.677032,16233.718575275976,16233.718575275976,False
2018-06-15 00:00:00+00:00,45288.0,28511.403607728927,28490.76204240605,20.641565,16776.596392271073,16776.596392271073,False
2018-06-15 01:00:00+00:00,45213.0,27396.475414899942,27360.918438581582,35.556976,17816.524585100058,17816.524585100058,False
2018-06-15 02:00:00+00:00,46247.0,27302.866154312862,27260.903229355587,41.962925,18944.133845687138,18944.133845687138,False
2018-06-15 03:00:00+00:00,49542.0,28195.88411393184,27946.148502969925,249.73561,21346.11588606816,21346.11588606816,False
2018-06-15 04:00:00+00:00,56948.0,29896.858652582137,29270.39197777745,626.4667,27051.141347417863,27051.141347417863,False
2018-06-15 05:00:00+00:00,62914.0,31870.537589585267,31932.63960603424,-62.102016,31043.462410414733,31043.462410414733,False
2018-06-15 06:00:00+00:00,66349.0,35613.08711090432,35836.12641754495,-223.0393,30735.912889095678,30735.912889095678,False
2018-06-15 07:00:00+00:00,67197.0,38931.417192680354,39123.943865043635,-192.52667,28265.582807319646,28265.582807319646,False
2018-06-15 08:00:00+00:00,68840.0,41513.688675619196,41550.337979055475,-36.649303,27326.311324380804,27326.311324380804,False
2018-06-15 09:00:00+00:00,69992.0,43252.07859321821,43344.874415361766,-92.79582,26739.92140678179,26739.92140678179,True
2018-06-15 10:00:00+00:00,69306.0,44616.9598586637,44772.82710719886,-155.86725,24689.0401413363,24689.0401413363,True
2018-06-15 11:00:00+00:00,67744.0,44461.18216846321,44599.13724658821,-137.95508,23282.81783153679,23282.81783153679,False
2018-06-15 12:00:00+00:00,65936.0,43258.65732956427,43320.88452530401,-62.227196,22677.342670435733,22677.342670435733,False
2018-06-15 13:00:00+00:00,64872.0,42233.88345855375,42282.834371029334,-48.950912,22638.116541446252,22638.116541446252,False
2018-06-15 14:00:00+00:00,63301.0,41994.7653506014,42139.07792689535,-144.31258,21306.234649398597,21306.234649398597,False
2018-06-15 15:00:00+00:00,63249.0,43611.69548034222,43770.5346527055,-158.83917,19637.30451965778,19637.30451965778,False
2018-06-15 16:00:00+00:00,62590.0,46153.265246035226,46289.50683844245,-136.2416,16436.734753964774,16436.734753964774,False
2018-06-15 17:00:00+00:00,61359.0,45907.458721129326,46009.57704540911,-102.118324,15451.541278870674,15451.541278870674,False
2018-06-15 18:00:00+00:00,58370.0,44081.51268756258,44214.87274920809,-133.36006,14288.48731243742,14288.48731243742,False
2018-06-15 19:00:00+00:00,56002.0,40727.75971398948,40789.5783251345,-61.81861,15274.240286010521,15274.240286010521,False
2018-06-15 20:00:00+00:00,54038.0,38360.35808945473,38337.99014092262,22.367949,15677.641910545273,15677.641910545273,False
2018-06-15 21:00:00+00:00,50236.0,37121.336057676424,37031.532735838045,89.80332,13114.663942323576,13114.663942323576,False
2018-06-15 22:00:00+00:00,45887.0,33647.7737080143,33631.945721297074,15.827987,12239.226291985702,12239.226291985702,False
2018-06-15 23:00:00+00:00,43939.0,30420.769734718764,30487.156537392104,-66.3868,13518.230265281236,13518.230265281236,False
2018-06-16 00:00:00+00:00,42836.0,28300.470147627842,28407.314187544835,-106.84404,14535.529852372158,14535.529852372158,False
2018-06-16 01:00:00+00:00,42411.0,26976.269594950834,27277.470583720366,-301.201,15434.730405049166,15434.730405049166,False
2018-06-16 02:00:00+00:00,41971.0,26672.027701154526,27177.45537449437,-505.42767,15298.972298845474,15298.972298845474,False
2018-06-16 03:00:00+00:00,42114.0,26209.90145377277,27862.70064810871,-1652.7992,15904.09854622723,15904.09854622723,False
2018-06-16 04:00:00+00:00,44239.0,26215.091583853733,29186.944122916233,-2971.8525,18023.908416146267,18023.908416146267,False
2018-06-16 05:00:00+00:00,48215.0,32225.563302686696,31849.191751173024,376.37155,15989.436697313304,15989.436697313304,False
2018-06-16 06:00:00+00:00,52568.0,36907.59933905092,35752.67856268373,1154.9208,15660.400660949083,15660.400660949083,False
2018-06-16 07:00:00+00:00,55031.0,40157.47562444023,39040.49601018242,1116.9796,14873.52437555977,14873.52437555977,False
2018-06-16 08:00:00+00:00,56381.0,40751.74290739738,41466.89012419426,-715.1472,15629.257092602616,15629.257092602616,False
2018-06-16 09:00:00+00:00,57325.0,43082.065644362854,43261.42656050055,-179.36092,14242.934355637146,14242.934355637146,False
2018-06-16 10:00:00+00:00,57016.0,44693.0240718357,44689.37925233764,3.6448195,12322.975928164298,12322.975928164298,False
2018-06-16 11:00:00+00:00,55401.0,44176.35690271332,44515.68939172699,-339.3325,11224.64309728668,11224.64309728668,False
2018-06-16 12:00:00+00:00,53207.0,43135.8391438925,43237.436670442796,-101.59753,10071.160856107497,10071.160856107497,False
2018-06-16 13:00:00+00:00,52130.0,42376.44915349722,42199.38651616812,177.06264,9753.550846502781,9753.550846502781,False
2018-06-16 14:00:00+00:00,51700.0,42445.34473267866,42055.63007203413,389.71466,9254.655267321337,9254.655267321337,False
2018-06-16 15:00:00+00:00,52186.0,43966.74948705327,43687.086797844284,279.6627,8219.250512946732,8219.250512946732,False
2018-06-16 16:00:00+00:00,52415.0,46398.3896720578,46206.058983581235,192.33069,6016.610327942202,6016.610327942202,False
2018-06-16 17:00:00+00:00,51713.0,46054.38901720805,45926.129190547894,128.25983,5658.61098279195,5658.61098279195,False
2018-06-16 18:00:00+00:00,49871.0,44237.95673181025,44131.42489434687,106.53184,5633.043268189751,5633.043268189751,False
2018-06-16 19:00:00+00:00,47738.0,40959.248573300625,40706.13047027328,253.1181,6778.751426699375,6778.751426699375,False
2018-06-16 20:00:00+00:00,46761.0,38882.43089690125,38254.542286061405,627.8886,7878.569103098751,7878.569103098751,False
2018-06-16 21:00:00+00:00,44035.0,37225.04807677761,36948.08488097683,276.9632,6809.95192322239,6809.95192322239,False
2018-06-16 22:00:00+00:00,41343.0,33500.90581016144,33548.49786643586,-47.592056,7842.094189838557,7842.094189838557,False
2018-06-16 23:00:00+00:00,39235.0,30326.685809606082,30403.708682530887,-77.02287,8908.314190393918,8908.314190393918,False
2018-06-17 00:00:00+00:00,37697.0,28235.017608318383,28323.866332683618,-88.848724,9461.982391681617,9461.982391681617,False
2018-06-17 01:00:00+00:00,37187.0,26998.320473610125,27194.02272885915,-195.70226,10188.679526389875,10188.679526389875,False
2018-06-17 02:00:00+00:00,37070.0,26742.384137064793,27094.007519633153,-351.62338,10327.615862935207,10327.615862935207,False
2018-06-17 03:00:00+00:00,36753.0,26725.828232700616,27779.25279324749,-1053.4246,10027.171767299384,10027.171767299384,False
2018-06-17 04:00:00+00:00,37961.0,26793.382986805016,29103.496268055016,-2310.1133,11167.617013194984,11167.617013194984,False
2018-06-17 05:00:00+00:00,40670.0,31830.346427744913,31765.743896311807,64.60253,8839.653572255087,8839.653572255087,False
2018-06-17 06:00:00+00:00,44273.0,36162.98501080103,35669.23070782251,493.7543,8110.014989198971,8110.014989198971,False
2018-06-17 07:00:00+00:00,47397.0,39682.02068950089,38957.0481553212,724.97253,7714.979310499111,7714.979310499111,False
2018-06-17 08:00:00+00:00,50195.0,41418.011246689,41383.44226933304,34.568977,8776.988753311001,8776.988753311001,False
2018-06-17 09:00:00+00:00,52342.0,43350.40911030242,43177.97870563933,172.4304,8991.590889697582,8991.590889697582,False
2018-06-17 10:00:00+00:00,51961.0,44606.1710527923,44605.93139747642,0.23965532,7354.828947207701,7354.828947207701,False
2018-06-17 11:00:00+00:00,50011.0,44133.56145263726,44432.241536865775,-298.68008,5877.438547362741,5877.438547362741,False
2018-06-17 12:00:00+00:00,48395.0,43327.029419219274,43153.98881558158,173.0406,5067.970580780726,5067.970580780726,False
2018-06-17 13:00:00+00:00,47829.0,42315.129808157486,42115.9386613069,199.19115,5513.870191842514,5513.870191842514,False
2018-06-17 14:00:00+00:00,47904.0,42330.91247229987,41972.182217172915,358.73026,5573.087527700132,5573.087527700132,False
2018-06-17 15:00:00+00:00,48288.0,44106.710415151036,43603.63894298307,503.07147,4181.289584848964,4181.289584848964,False
2018-06-17 16:00:00+00:00,47989.0,46483.713393124315,46122.61112872002,361.10226,1505.2866068756848,1505.2866068756848,False
2018-06-17 17:00:00+00:00,48820.0,46145.14938378238,45842.68133568668,302.46805,2674.85061621762,2674.85061621762,False
2018-06-17 18:00:00+00:00,48224.0,44449.04008880206,44047.97703948565,401.06305,3774.9599111979405,3774.9599111979405,False
2018-06-17 19:00:00+00:00,48038.0,41191.11492742378,40622.682615412064,568.4323,6846.885072576217,6846.885072576217,False
2018-06-17 20:00:00+00:00,48159.0,38507.631449022454,38171.09443120019,336.53702,9651.368550977546,9651.368550977546,False
2018-06-17 21:00:00+00:00,45121.0,36735.2348349535,36864.63702611561,-129.40219,8385.765165046498,8385.765165046498,False
2018-06-17 22:00:00+00:00,42973.0,33542.41829007806,33465.05001157464,77.36828,9430.581709921942,9430.581709921942,False
2018-06-17 23:00:00+00:00,41612.0,30403.22402347045,30320.26082766967,82.963196,11208.775976529549,11208.775976529549,False
2018-06-18 00:00:00+00:00,40939.0,28286.682725716688,28240.4184778224,46.264248,12652.317274283312,12652.317274283312,False
2018-06-18 01:00:00+00:00,41406.0,27273.44254977918,27110.57487399793,162.86768,14132.557450220818,14132.557450220818,False
2018-06-18 02:00:00+00:00,42491.0,27361.621829078576,27010.559664771936,351.06216,15129.378170921424,15129.378170921424,False
2018-06-18 03:00:00+00:00,46145.0,29042.791632722212,27695.804938386274,1346.9867,17102.208367277788,17102.208367277788,False
2018-06-18 04:00:00+00:00,55372.0,31431.8579835063,29020.0484131938,2411.8096,23940.1420164937,23940.1420164937,False
2018-06-18 05:00:00+00:00,62286.0,31318.9179591752,31682.29604145059,-363.37808,30967.0820408248,30967.0820408248,False
2018-06-18 06:00:00+00:00,66012.0,35178.82460100817,35585.782852961296,-406.95825,30833.17539899183,30833.17539899183,False
2018-06-18 07:00:00+00:00,67005.0,38568.800160079125,38873.600300459984,-304.80014,28436.199839920875,28436.199839920875,False
2018-06-18 08:00:00+00:00,69050.0,41445.953398846825,41299.994414471825,145.95898,27604.046601153175,27604.046601153175,False
2018-06-18 09:00:00+00:00,70038.0,43197.05119837333,43094.530850778116,102.52035,26840.94880162667,26840.94880162667,True
2018-06-18 10:00:00+00:00,69996.0,44712.067221814425,44522.483542615206,189.58368,25283.932778185575,25283.932778185575,True
2018-06-18 11:00:00+00:00,69616.0,44582.276149655925,44348.79368200456,233.48247,25033.723850344075,25033.723850344075,True
2018-06-18 12:00:00+00:00,68804.0,42728.216192653956,43070.54096072036,-342.32477,26075.783807346044,26075.783807346044,False
2018-06-18 13:00:00+00:00,67868.0,41463.11092363318,42032.49080644568,-569.3799,26404.889076366817,26404.889076366817,False
2018-06-18 14:00:00+00:00,66223.0,41413.67912549529,41888.7343623117,-475.05524,24809.32087450471,24809.32087450471,False
2018-06-18 15:00:00+00:00,66100.0,43222.360124987084,43520.19108812185,-297.83096,22877.639875012916,22877.639875012916,False
2018-06-18 16:00:00+00:00,65503.0,45861.866673517005,46039.1632738588,-177.2966,19641.133326482995,19641.133326482995,False
2018-06-18 17:00:00+00:00,64462.0,45648.560957326925,45759.23348082546,-110.67252,18813.439042673075,18813.439042673075,False
2018-06-18 18:00:00+00:00,61457.0,43723.280527397874,43964.529184624436,-241.24866,17733.719472602126,17733.719472602126,False
2018-06-18 19:00:00+00:00,58630.0,40071.7557566446,40539.23476055085,-467.479,18558.244243355402,18558.244243355402,False
2018-06-18 20:00:00+00:00,56281.0,37272.54959147569,38087.64657633897,-815.097,19008.45040852431,19008.45040852431,False
2018-06-18 21:00:00+00:00,51853.0,36683.722778737305,36781.189171254395,-97.46639,15169.277221262695,15169.277221262695,False
2018-06-18 22:00:00+00:00,48295.0,33536.23747165483,33381.60215671342,154.63531,14758.76252834517,14758.76252834517,False
2018-06-18 23:00:00+00:00,46221.0,30288.136546874615,30236.812972808453,51.323574,15932.863453125385,15932.863453125385,False
2018-06-19 00:00:00+00:00,45236.0,28169.653231565615,28156.970622961184,12.682609,17066.346768434385,17066.346768434385,False
2018-06-19 01:00:00+00:00,45661.0,27047.385302751827,27027.127019136715,20.258284,18613.614697248173,18613.614697248173,False
2018-06-19 02:00:00+00:00,46674.0,26972.695145787184,26927.11180991072,45.583336,19701.304854212816,19701.304854212816,False
2018-06-19 03:00:00+00:00,49684.0,28002.44558450162,27612.357083525058,390.0885,21681.55441549838,21681.55441549838,False
2018-06-19 04:00:00+00:00,58664.0,29872.033175520082,28936.600558332582,935.4326,28791.966824479918,28791.966824479918,False
2018-06-19 05:00:00+00:00,64666.0,31351.783825017108,31598.848186589374,-247.06436,33314.216174982896,33314.216174982896,False
2018-06-19 06:00:00+00:00,68006.0,35125.48523613719,35502.33499810008,-376.84976,32880.51476386281,32880.51476386281,False
2018-06-19 07:00:00+00:00,68903.0,38508.678904339,38790.15244559877,-281.47354,30394.321095661,30394.321095661,False
2018-06-19 08:00:00+00:00,70218.0,41283.08398179078,41216.54655961061,66.53742,28934.916018209216,28934.916018209216,True
2018-06-19 09:00:00+00:00,71948.0,43043.47771790176,43011.0829959169,32.394722,28904.522282098238,28904.522282098238,True
2018-06-19 10:00:00+00:00,71135.0,44494.48124820931,44439.03568775399,55.44556,26640.51875179069,26640.51875179069,True
2018-06-19 11:00:00+00:00,70120.0,44332.30954174295,44265.34582714334,66.963715,25787.69045825705,25787.69045825705,True
2018-06-19 12:00:00+00:00,68842.0,42957.62454277931,42987.093105859145,-29.468563,25884.37545722069,25884.37545722069,False
2018-06-19 13:00:00+00:00,68136.0,41761.730268479,41949.042951584466,-187.31268,26374.269731521003,26374.269731521003,False
2018-06-19 14:00:00+00:00,66841.0,41609.09157642021,41805.28650745048,-196.19493,25231.908423579793,25231.908423579793,False
2018-06-19 15:00:00+00:00,66596.0,43330.68372398329,43436.74323326063,-106.05951,23265.31627601671,23265.31627601671,False
2018-06-19 16:00:00+00:00,65869.0,45920.86838072854,45955.715418997584,-34.84704,19948.13161927146,19948.13161927146,False
2018-06-19 17:00:00+00:00,64736.0,45665.55489972218,45675.78562596424,-10.230726,19070.445100277822,19070.445100277822,False
2018-06-19 18:00:00+00:00,61786.0,43806.970299184606,43881.08132976322,-74.11103,17979.029700815394,17979.029700815394,False
2018-06-19 19:00:00+00:00,59052.0,40254.74610368768,40455.78690568963,-201.0408,18797.253896312322,18797.253896312322,False
2018-06-19 20:00:00+00:00,56521.0,37606.41368729807,38004.198721477755,-397.78503,18914.586312701933,18914.586312701933,False
2018-06-19 21:00:00+00:00,52317.0,36574.749357775014,36697.74131639318,-122.99196,15742.250642224986,15742.250642224986,False
2018-06-19 22:00:00+00:00,48775.0,33373.81729623697,33298.154301852206,75.662994,15401.182703763028,15401.182703763028,False
2018-06-19 23:00:00+00:00,46921.0,30191.28513137497,30153.365117947236,37.920013,16729.71486862503,16729.71486862503,False
2018-06-20 00:00:00+00:00,45956.0,28102.972454150382,28073.522768099967,29.449686,17853.027545849618,17853.027545849618,False
2018-06-20 01:00:00+00:00,45923.0,26981.856372222275,26943.679164275498,38.177208,18941.143627777725,18941.143627777725,False
2018-06-20 02:00:00+00:00,47037.0,26926.595771150576,26843.663955049502,82.931816,20110.404228849424,20110.404228849424,False
2018-06-20 03:00:00+00:00,49955.0,27961.912890773216,27528.90922866384,433.00366,21993.087109226784,21993.087109226784,False
2018-06-20 04:00:00+00:00,58421.0,29728.041375346365,28853.152703471365,874.8887,28692.958624653635,28692.958624653635,False
2018-06-20 05:00:00+00:00,64243.0,31360.668245546516,31515.400331728157,-154.73209,32882.33175445348,32882.33175445348,False
2018-06-20 06:00:00+00:00,67568.0,35075.01888762363,35418.88714323886,-343.86826,32492.981112376372,32492.981112376372,False
2018-06-20 07:00:00+00:00,69135.0,38395.89846891138,38706.70459073755,-310.80612,30739.10153108862,30739.10153108862,False
2018-06-20 08:00:00+00:00,70271.0,41171.784579688356,41133.09870474939,38.685875,29099.215420311644,29099.215420311644,True
2018-06-20 09:00:00+00:00,71488.0,42966.50407568703,42927.63514105568,38.868935,28521.49592431297,28521.49592431297,True
2018-06-20 10:00:00+00:00,70969.0,44426.95328852021,44355.58783289277,71.365456,26542.046711479787,26542.046711479787,True
2018-06-20 11:00:00+00:00,70621.0,44237.02436846132,44181.897972282124,55.126396,26383.975631538677,26383.975631538677,True
2018-06-20 12:00:00+00:00,68705.0,42771.58224745789,42903.64525099793,-132.063,25933.41775254211,25933.41775254211,False
2018-06-20 13:00:00+00:00,67889.0,41688.91234220665,41865.59509672325,-176.68275,26200.087657793352,26200.087657793352,False
2018-06-20 14:00:00+00:00,66826.0,41571.70260522598,41721.838652589264,-150.13605,25254.297394774017,25254.297394774017,False
2018-06-20 15:00:00+00:00,66717.0,43242.1201769834,43353.295378399416,-111.1752,23474.8798230166,23474.8798230166,False
2018-06-20 16:00:00+00:00,66084.0,45810.46438344179,45872.26756413637,-61.80318,20273.535616558212,20273.535616558212,False
2018-06-20 17:00:00+00:00,65331.0,45549.51259867871,45592.337771103026,-42.825172,19781.48740132129,19781.48740132129,False
2018-06-20 18:00:00+00:00,62980.0,43742.13192613491,43797.633474902,-55.50155,19237.868073865087,19237.868073865087,False
2018-06-20 19:00:00+00:00,59593.0,40329.31002098222,40372.339050828414,-43.02903,19263.689979017778,19263.689979017778,False
2018-06-20 20:00:00+00:00,57195.0,37730.60528251009,37920.75086661654,-190.14558,19464.394717489908,19464.394717489908,False
2018-06-20 21:00:00+00:00,52935.0,36603.53584358152,36614.29346153196,-10.757618,16331.464156418479,16331.464156418479,False
2018-06-20 22:00:00+00:00,49625.0,33261.56191192629,33214.70644699099,46.855465,16363.438088073708,16363.438088073708,False
2018-06-20 23:00:00+00:00,47421.0,30088.61815648812,30069.91726308602,18.700893,17332.38184351188,17332.38184351188,False
2018-06-21 00:00:00+00:00,46022.0,28007.19681761192,27990.07491323875,17.121904,18014.80318238808,18014.80318238808,False
2018-06-21 01:00:00+00:00,45846.0,26889.18223333396,26860.23130941428,28.950924,18956.81776666604,18956.81776666604,False
2018-06-21 02:00:00+00:00,46518.0,26812.045770140678,26760.216100188285,51.82967,19705.954229859322,19705.954229859322,False
2018-06-21 03:00:00+00:00,49373.0,27802.369058128796,27445.461373802624,356.90768,21570.630941871204,21570.630941871204,False
2018-06-21 04:00:00+00:00,57629.0,29630.25965818046,28769.70484861015,860.5548,27998.74034181954,27998.74034181954,False
2018-06-21 05:00:00+00:00,64067.0,31292.32668340991,31431.95247686694,-139.6258,32774.673316590095,32774.673316590095,False
2018-06-21 06:00:00+00:00,68066.0,35022.58656620968,35335.439288377645,-312.85272,33043.41343379032,33043.41343379032,False
2018-06-21 07:00:00+00:00,69155.0,38341.306510046255,38623.25673587633,-281.95023,30813.693489953745,30813.693489953745,False
2018-06-21 08:00:00+00:00,71279.0,41095.97914654955,41049.650849888174,46.328297,30183.02085345045,30183.02085345045,True
2018-06-21 09:00:00+00:00,73018.0,42894.920406159064,42844.187286194465,50.73312,30123.079593840936,30123.079593840936,True
2018-06-21 10:00:00+00:00,72417.0,44344.917138676086,44272.139978031555,72.77716,28072.082861323914,28072.082861323914,True
2018-06-21 11:00:00+00:00,71412.0,44156.510793995614,44098.45011742091,58.060677,27255.489206004386,27255.489206004386,True
2018-06-21 12:00:00+00:00,69741.0,42713.71427998681,42820.19739613671,-106.483116,27027.28572001319,27027.28572001319,True
2018-06-21 13:00:00+00:00,68882.0,41572.55202701828,41782.14724186203,-209.59521,27309.447972981718,27309.447972981718,False
2018-06-21 14:00:00+00:00,67554.0,41443.28459655617,41638.39079772805,-195.1062,26110.715403443828,26110.715403443828,False
2018-06-21 15:00:00+00:00,66184.0,43131.37044223937,43269.8475235382,-138.47708,23052.62955776063,23052.62955776063,False
2018-06-21 16:00:00+00:00,65974.0,45707.3310847024,45788.81970927515,-81.488625,20266.668915297603,20266.668915297603,False
2018-06-21 17:00:00+00:00,64658.0,45379.8635643131,45508.88991624181,-129.02635,19278.1364356869,19278.1364356869,False
2018-06-21 18:00:00+00:00,61910.0,43488.66975090016,43714.185620040786,-225.51587,18421.33024909984,18421.33024909984,False
2018-06-21 19:00:00+00:00,58904.0,40088.85593290567,40288.8911959672,-200.03526,18815.144067094327,18815.144067094327,False
2018-06-21 20:00:00+00:00,56546.0,37692.38795743403,37837.30301175532,-144.91505,18853.61204256597,18853.61204256597,False
2018-06-21 21:00:00+00:00,52413.0,36568.44171033896,36530.845606670744,37.596104,15844.558289661043,15844.558289661043,False
2018-06-21 22:00:00+00:00,48662.0,33165.56629324061,33131.25859212977,34.3077,15496.433706759388,15496.433706759388,False
2018-06-21 23:00:00+00:00,46345.0,30003.59131259797,29986.469408224802,17.121904,16341.408687402029,16341.408687402029,False
2018-06-22 00:00:00+00:00,45427.0,27912.508643975525,27906.627058377533,5.8815856,17514.491356024475,17514.491356024475,False
2018-06-22 01:00:00+00:00,45906.0,26788.472236291345,26776.783454553064,11.688782,19117.527763708655,19117.527763708655,False
2018-06-22 02:00:00+00:00,46874.0,26693.890149700237,26676.768245327068,17.121904,20180.109850299763,20180.109850299763,False
2018-06-22 03:00:00+00:00,49443.0,27586.024734151368,27362.013518941407,224.01122,21856.975265848632,21856.975265848632,False
2018-06-22 04:00:00+00:00,56932.0,29314.396764256744,28686.25699374893,628.1398,27617.603235743256,27617.603235743256,False
2018-06-22 05:00:00+00:00,62458.0,31265.584799312852,31348.504622005723,-82.91982,31192.415200687148,31192.415200687148,False
2018-06-22 06:00:00+00:00,65932.0,34983.561654463694,35251.99143351643,-268.42978,30948.438345536306,30948.438345536306,False
2018-06-22 07:00:00+00:00,67599.0,38274.88596841746,38539.80888101512,-264.9229,29324.11403158254,29324.11403158254,False
2018-06-22 08:00:00+00:00,68965.0,40911.63074847544,40966.20299502696,-54.572247,28053.369251524557,28053.369251524557,False
2018-06-22 09:00:00+00:00,69703.0,42655.36546130151,42760.73943133325,-105.37397,27047.63453869849,27047.63453869849,True
2018-06-22 10:00:00+00:00,69009.0,44002.755828614674,44188.69212317034,-185.9363,25006.244171385326,25006.244171385326,False
2018-06-22 11:00:00+00:00,67659.0,43831.41319700793,44015.00226255969,-183.58907,23827.586802992068,23827.586802992068,False
2018-06-22 12:00:00+00:00,66233.0,42666.103629105084,42736.749541275494,-70.64591,23566.896370894916,23566.896370894916,False
2018-06-22 13:00:00+00:00,65551.0,41684.32201712014,41698.699387000815,-14.37737,23866.67798287986,23866.67798287986,False
2018-06-22 14:00:00+00:00,63665.0,41439.39796758607,41554.94294286683,-115.544975,22225.60203241393,22225.60203241393,False
2018-06-22 15:00:00+00:00,63756.0,43059.27800272239,43186.39966867698,-127.121666,20696.721997277607,20696.721997277607,False
2018-06-22 16:00:00+00:00,63133.0,45578.78528367419,45705.371854413934,-126.58657,17554.214716325812,17554.214716325812,False
2018-06-22 17:00:00+00:00,61659.0,45282.69377036497,45425.44206138059,-142.74829,16376.306229635033,16376.306229635033,False
2018-06-22 18:00:00+00:00,58785.0,43462.43677030652,43630.73776517957,-168.301,15322.563229693478,15322.563229693478,False
2018-06-22 19:00:00+00:00,55735.0,40093.93962559084,40205.44334110598,-111.503716,15641.060374409157,15641.060374409157,False
2018-06-22 20:00:00+00:00,53458.0,37766.41414927997,37753.855156894104,12.558992,15691.585850720032,15691.585850720032,False
2018-06-22 21:00:00+00:00,49699.0,36525.16217136519,36447.39775180953,77.76442,13173.837828634809,13173.837828634809,False
2018-06-22 22:00:00+00:00,45976.0,32984.006522791016,33047.810737268555,-63.804214,12991.993477208984,12991.993477208984,False
2018-06-22 23:00:00+00:00,44006.0,29770.814033832336,29903.021553363586,-132.20752,14235.185966167664,14235.185966167664,False
2018-06-23 00:00:00+00:00,42660.0,27657.824390894246,27823.179203516316,-165.35481,15002.175609105754,15002.175609105754,False
2018-06-23 01:00:00+00:00,42409.0,26378.13451936958,26693.335599691847,-315.20108,16030.865480630418,16030.865480630418,False
2018-06-23 02:00:00+00:00,42422.0,25975.128129723664,26593.32039046585,-618.19226,16446.871870276336,16446.871870276336,False
2018-06-23 03:00:00+00:00,42349.0,25516.569448259877,27278.56566408019,-1761.9962,16832.430551740123,16832.430551740123,False
2018-06-23 04:00:00+00:00,44374.0,25504.596248262715,28602.809138887715,-3098.213,18869.403751737285,18869.403751737285,False
2018-06-23 05:00:00+00:00,47925.0,31641.54565874607,31265.056767144506,376.4889,16283.454341253931,16283.454341253931,False
2018-06-23 06:00:00+00:00,51917.0,36446.448485881774,35168.54357865521,1277.9049,15470.551514118226,15470.551514118226,False
2018-06-23 07:00:00+00:00,54987.0,39608.6901277164,38456.3610261539,1152.3291,15378.3098722836,15378.3098722836,False
2018-06-23 08:00:00+00:00,56710.0,40344.39381204074,40882.75514016574,-538.3613,16365.60618795926,16365.60618795926,False
2018-06-23 09:00:00+00:00,57853.0,42289.254253473984,42677.29157647203,-388.03732,15563.745746526016,15563.745746526016,False
2018-06-23 10:00:00+00:00,56640.0,44120.28722847605,44105.24426830912,15.04296,12519.712771523948,12519.712771523948,False
2018-06-23 11:00:00+00:00,54833.0,43639.87136326488,43931.55440769847,-291.68304,11193.12863673512,11193.12863673512,False
2018-06-23 12:00:00+00:00,53130.0,42758.13100922922,42653.30168641428,104.82932,10371.868990770781,10371.868990770781,False
2018-06-23 13:00:00+00:00,51924.0,41820.591269078075,41615.2515321396,205.33974,10103.408730921925,10103.408730921925,False
2018-06-23 14:00:00+00:00,51374.0,41932.10846080835,41471.49508800561,460.61337,9441.891539191653,9441.891539191653,False
2018-06-23 15:00:00+00:00,52305.0,43486.65875351303,43102.951813815765,383.70694,8818.341246486969,8818.341246486969,False
2018-06-23 16:00:00+00:00,52285.0,45717.47094321727,45621.92399955272,95.54694,6567.529056782732,6567.529056782732,False
2018-06-23 17:00:00+00:00,51258.0,45319.40633878256,45341.994206519375,-22.587868,5938.593661217441,5938.593661217441,False
2018-06-23 18:00:00+00:00,48102.0,43579.000885965324,43547.28991031835,31.710976,4522.999114034676,4522.999114034676,False
2018-06-23 19:00:00+00:00,46162.0,40509.741366371716,40121.99548624476,387.74588,5652.258633628284,5652.258633628284,False
2018-06-23 20:00:00+00:00,45994.0,38388.80671609539,37670.40730203289,718.3994,7605.193283904613,7605.193283904613,False
2018-06-23 21:00:00+00:00,43607.0,36439.36289896247,36363.94989694831,75.413,7167.63710103753,7167.63710103753,False
2018-06-23 22:00:00+00:00,40482.0,32833.54241731945,32964.36288240734,-130.82047,7648.457582680552,7648.457582680552,False
2018-06-23 23:00:00+00:00,38829.0,29721.091520767994,29819.57369850237,-98.48218,9107.908479232006,9107.908479232006,False
2018-06-24 00:00:00+00:00,37713.0,27611.692240378732,27739.7313486551,-128.03911,10101.307759621268,10101.307759621268,False
2018-06-24 01:00:00+00:00,37412.0,26341.73082344391,26609.88774483063,-268.15692,11070.269176556088,11070.269176556088,False
2018-06-24 02:00:00+00:00,37220.0,26119.760993856587,26509.872535604634,-390.11154,11100.239006143413,11100.239006143413,False
2018-06-24 03:00:00+00:00,36642.0,25843.094615859598,27195.117809218973,-1352.0232,10798.905384140402,10798.905384140402,False
2018-06-24 04:00:00+00:00,37187.0,25866.768998870248,28519.361284026498,-2652.5923,11320.231001129752,11320.231001129752,False
2018-06-24 05:00:00+00:00,39428.0,31286.474734121668,31181.60891228329,104.86582,8141.525265878332,8141.525265878332,False
2018-06-24 06:00:00+00:00,42618.0,35764.1255699854,35085.095723793995,679.02985,6853.874430014599,6853.874430014599,False
2018-06-24 07:00:00+00:00,45814.0,39115.20375967159,38372.91317129268,742.2906,6698.796240328411,6698.796240328411,False
2018-06-24 08:00:00+00:00,48191.0,40855.58401870296,40799.30728530452,56.276733,7335.415981297039,7335.415981297039,False
2018-06-24 09:00:00+00:00,50633.0,43162.86441252878,42593.843721610814,569.0207,7470.135587471217,7470.135587471217,False
2018-06-24 10:00:00+00:00,50121.0,43752.506191279936,44021.796413447904,-269.29022,6368.493808720064,6368.493808720064,False
2018-06-24 11:00:00+00:00,48640.0,43395.72609019077,43848.10655283726,-452.38046,5244.273909809228,5244.273909809228,False
2018-06-24 12:00:00+00:00,47757.0,42800.14991309603,42569.85383155306,230.29608,4956.850086903971,4956.850086903971,False
2018-06-24 13:00:00+00:00,47482.0,41780.29816885553,41531.80367727838,248.49449,5701.70183114447,5701.70183114447,False
2018-06-24 14:00:00+00:00,47246.0,41682.346244374865,41388.047233144396,294.299,5563.653755625135,5563.653755625135,False
2018-06-24 15:00:00+00:00,48283.0,43654.759879364705,43019.50395895455,635.2559,4628.240120635295,4628.240120635295,False
2018-06-24 16:00:00+00:00,49388.0,46206.15650357822,45538.4761446915,667.68036,3181.8434964217813,3181.8434964217813,False
2018-06-24 17:00:00+00:00,49484.0,45804.61025546675,45258.54635165816,546.0639,3679.3897445332477,3679.3897445332477,False
2018-06-24 18:00:00+00:00,48403.0,44007.54688944151,43463.842055457135,543.70483,4395.45311055849,4395.45311055849,False
2018-06-24 19:00:00+00:00,47841.0,40663.69973099292,40038.547631383546,625.1521,7177.300269007079,7177.300269007079,False
2018-06-24 20:00:00+00:00,48023.0,37964.314519193154,37586.95944717167,377.35507,10058.685480806846,10058.685480806846,False
2018-06-24 21:00:00+00:00,44841.0,36178.7880223117,36280.50204208709,-101.71402,8662.211977688297,8662.211977688297,False
2018-06-24 22:00:00+00:00,42519.0,32948.16263191624,32880.91502754612,67.247604,9570.837368083761,9570.837368083761,False
2018-06-24 23:00:00+00:00,41394.0,29828.011990186562,29736.12584364115,91.88615,11565.988009813438,11565.988009813438,False
2018-06-25 00:00:00+00:00,40582.0,27701.40754774896,27656.283493793882,45.124054,12880.59245225104,12880.59245225104,False
2018-06-25 01:00:00+00:00,41270.0,26666.821680130546,26526.439889969413,140.38179,14603.178319869454,14603.178319869454,False
2018-06-25 02:00:00+00:00,42851.0,26678.353590045175,26426.424680743417,251.92891,16172.646409954825,16172.646409954825,False
2018-06-25 03:00:00+00:00,46229.0,27821.254915295256,27111.669954357756,709.58496,18407.745084704744,18407.745084704744,False
2018-06-25 04:00:00+00:00,55209.0,29688.84690084497,28435.91342916528,1252.9335,25520.15309915503,25520.15309915503,False
2018-06-25 05:00:00+00:00,62169.0,30936.117539355666,31098.161057422072,-162.04352,31232.882460644334,31232.882460644334,False
2018-06-25 06:00:00+00:00,65561.0,34569.07853299528,35001.64786893278,-432.56934,30991.921467004722,30991.921467004722,False
2018-06-25 07:00:00+00:00,66941.0,38083.24174465412,38289.465316431466,-206.22357,28857.758255345878,28857.758255345878,False
2018-06-25 08:00:00+00:00,67909.0,40827.164369713326,40715.859430443306,111.30494,27081.835630286674,27081.835630286674,False
2018-06-25 09:00:00+00:00,69068.0,42597.12316930087,42510.3958667496,86.7273,26470.876830699133,26470.876830699133,False
2018-06-25 10:00:00+00:00,68791.0,44091.580553215594,43938.34855858669,153.232,24699.419446784406,24699.419446784406,False
2018-06-25 11:00:00+00:00,68062.0,44002.09342087643,43764.65869797604,237.43472,24059.90657912357,24059.90657912357,False
2018-06-25 12:00:00+00:00,66841.0,42221.867707648875,42486.40597669184,-264.53827,24619.132292351125,24619.132292351125,False
2018-06-25 13:00:00+00:00,65238.0,40914.48039517107,41448.355822417165,-533.8754,24323.51960482893,24323.51960482893,False
2018-06-25 14:00:00+00:00,64328.0,40874.72398155466,41304.59937828318,-429.8754,23453.276018445336,23453.276018445336,False
2018-06-25 15:00:00+00:00,63932.0,42615.275464444894,42936.05610409333,-320.78064,21316.724535555106,21316.724535555106,False
2018-06-25 16:00:00+00:00,63885.0,45255.50982669552,45455.02828983028,-199.51846,18629.490173304483,18629.490173304483,False
2018-06-25 17:00:00+00:00,63346.0,45049.412232758856,45175.09849679694,-125.686264,18296.587767241144,18296.587767241144,False
2018-06-25 18:00:00+00:00,60951.0,43154.57291153342,43380.39420059592,-225.82129,17796.427088466582,17796.427088466582,False
2018-06-25 19:00:00+00:00,58041.0,39527.11863638561,39955.09977652233,-427.98114,18513.88136361439,18513.88136361439,False
2018-06-25 20:00:00+00:00,55907.0,36694.2962602792,37503.51159231045,-809.21533,19212.703739720797,19212.703739720797,False
2018-06-25 21:00:00+00:00,51171.0,36043.22729818779,36197.05418722588,-153.82689,15127.77270181221,15127.77270181221,False
2018-06-25 22:00:00+00:00,47521.0,32952.116586747405,32797.467172684905,154.64941,14568.883413252595,14568.883413252595,False
2018-06-25 23:00:00+00:00,45788.0,29683.304701579007,29652.677988779935,30.626713,16104.695298420993,16104.695298420993,False
2018-06-26 00:00:00+00:00,44513.0,27575.413269214114,27572.835638932665,2.5776303,16937.586730785886,16937.586730785886,False
2018-06-26 01:00:00+00:00,44792.0,26464.566410260784,26442.992035108196,21.574375,18327.433589739216,18327.433589739216,False
2018-06-26 02:00:00+00:00,45856.0,26379.354362655882,26342.9768258822,36.377537,19476.645637344118,19476.645637344118,False
2018-06-26 03:00:00+00:00,48582.0,27387.348808480914,27028.22209949654,359.1267,21194.651191519086,21194.651191519086,False
2018-06-26 04:00:00+00:00,56725.0,29155.482969323595,28352.465574304064,803.0174,27569.517030676405,27569.517030676405,False
2018-06-26 05:00:00+00:00,62951.0,30812.439475143863,31014.713202560855,-202.27373,32138.560524856137,32138.560524856137,False
2018-06-26 06:00:00+00:00,66334.0,34544.134340243436,34918.20001407156,-374.06567,31789.865659756564,31789.865659756564,False
2018-06-26 07:00:00+00:00,67266.0,37904.586065085874,38206.01746157025,-301.4314,29361.413934914126,29361.413934914126,False
2018-06-26 08:00:00+00:00,68574.0,40693.25735118634,40632.41157558209,60.845776,27880.742648813663,27880.742648813663,False
2018-06-26 09:00:00+00:00,69710.0,42455.94287730586,42426.94801188838,28.994865,27254.05712269414,27254.05712269414,True
2018-06-26 10:00:00+00:00,68790.0,43914.59141188587,43854.90070372547,59.69071,24875.40858811413,24875.40858811413,False
2018-06-26 11:00:00+00:00,68373.0,43751.675099401444,43681.21084311482,70.46426,24621.324900598556,24621.324900598556,False
2018-06-26 12:00:00+00:00,67132.0,42399.77950602214,42402.95812183063,-3.1786158,24732.22049397786,24732.22049397786,False
2018-06-26 13:00:00+00:00,66092.0,41232.92730044169,41364.90796755595,-131.98067,24859.07269955831,24859.07269955831,False
2018-06-26 14:00:00+00:00,65033.0,41120.66469938632,41221.15152342196,-100.486824,23912.335300613682,23912.335300613682,False
2018-06-26 15:00:00+00:00,64597.0,42808.234324976744,42852.608249232115,-44.373924,21788.765675023256,21788.765675023256,False
2018-06-26 16:00:00+00:00,64015.0,45353.74495141804,45371.580434969066,-17.835484,18661.25504858196,18661.25504858196,False
2018-06-26 17:00:00+00:00,63260.0,45080.63002254333,45091.650641935725,-11.020619,18179.36997745667,18179.36997745667,False
2018-06-26 18:00:00+00:00,60790.0,43232.27987234603,43296.9463457347,-64.66647,17557.72012765397,17557.72012765397,False
2018-06-26 19:00:00+00:00,57797.0,39717.60847988865,39871.65192166111,-154.04344,18079.39152011135,18079.39152011135,False
2018-06-26 20:00:00+00:00,55598.0,37059.110612449236,37420.063737449236,-360.95312,18538.889387550764,18538.889387550764,False
2018-06-26 21:00:00+00:00,51342.0,36040.36888271866,36113.60633236466,-73.23745,15301.631117281337,15301.631117281337,False
2018-06-26 22:00:00+00:00,48105.0,32780.309845167445,32714.01931782369,66.29053,15324.690154832555,15324.690154832555,False
2018-06-26 23:00:00+00:00,46090.0,29591.864842323263,29569.23013391872,22.634708,16498.135157676737,16498.135157676737,False
2018-06-27 00:00:00+00:00,44971.0,27506.50968844462,27489.387784071452,17.121904,17464.49031155538,17464.49031155538,False
2018-06-27 01:00:00+00:00,45147.0,26383.98996958414,26359.544180246983,24.44579,18763.01003041586,18763.01003041586,False
2018-06-27 02:00:00+00:00,46077.0,26320.490186993888,26259.528971020987,60.961216,19756.509813006112,19756.509813006112,False
2018-06-27 03:00:00+00:00,49247.0,27343.89250025056,26944.774244635326,399.11826,21903.10749974944,21903.10749974944,False
2018-06-27 04:00:00+00:00,57089.0,28904.269794638163,28269.01771944285,635.2521,28184.730205361837,28184.730205361837,False
2018-06-27 05:00:00+00:00,63180.0,30799.45939372015,30931.265347699642,-131.80595,32380.54060627985,32380.54060627985,False
2018-06-27 06:00:00+00:00,66466.0,34524.68059548964,34834.752159210344,-310.07156,31941.31940451036,31941.31940451036,False
2018-06-27 07:00:00+00:00,67455.0,37839.33337013677,38122.56960670903,-283.23624,29615.666629863234,29615.666629863234,False
2018-06-27 08:00:00+00:00,69425.0,40578.16093866216,40548.96372072087,29.197218,28846.839061337843,28846.839061337843,True
2018-06-27 09:00:00+00:00,71000.0,42369.54659142963,42343.50015702716,26.046434,28630.45340857037,28630.45340857037,True
2018-06-27 10:00:00+00:00,70672.0,43818.385435534175,43771.45284886425,46.932587,26853.614564465825,26853.614564465825,True
2018-06-27 11:00:00+00:00,69278.0,43649.2077514372,43597.762988253606,51.444763,25628.7922485628,25628.7922485628,False
2018-06-27 12:00:00+00:00,67249.0,42300.66132707378,42319.51026696941,-18.84894,24948.33867292622,24948.33867292622,False
2018-06-27 13:00:00+00:00,65610.0,41186.86597359561,41281.46011269473,-94.59414,24423.13402640439,24423.13402640439,False
2018-06-27 14:00:00+00:00,63818.0,41046.207590069534,41137.703668560745,-91.49608,22771.792409930466,22771.792409930466,False
2018-06-27 15:00:00+00:00,62916.0,42705.70772713457,42769.1603943709,-63.452667,20210.29227286543,20210.29227286543,False
2018-06-27 16:00:00+00:00,62914.0,45258.72438842694,45288.13258010785,-29.408192,17655.27561157306,17655.27561157306,False
2018-06-27 17:00:00+00:00,62595.0,44979.690011653365,45008.20278707451,-28.512775,17615.309988346635,17615.309988346635,False
2018-06-27 18:00:00+00:00,60419.0,43099.77214199653,43213.498490873484,-113.72635,17319.22785800347,17319.22785800347,False
2018-06-27 19:00:00+00:00,57215.0,39670.580798672454,39788.204066799895,-117.62327,17544.419201327546,17544.419201327546,False
2018-06-27 20:00:00+00:00,55156.0,37138.609260273566,37336.61588258802,-198.00662,18017.390739726434,18017.390739726434,False
2018-06-27 21:00:00+00:00,50690.0,36076.35478182473,36030.15847750344,46.196304,14613.645218175268,14613.645218175268,False
2018-06-27 22:00:00+00:00,48030.0,32670.85118326887,32630.571462962474,40.27972,15359.148816731129,15359.148816731129,False
2018-06-27 23:00:00+00:00,46197.0,29502.904183430674,29485.782279057505,17.121904,16694.095816569326,16694.095816569326,False
2018-06-28 00:00:00+00:00,45051.0,27423.061833583404,27405.939929210235,17.121904,17627.938166416596,17627.938166416596,False
2018-06-28 01:00:00+00:00,44936.0,26293.218229758935,26276.096325385766,17.121904,18642.781770241065,18642.781770241065,False
2018-06-28 02:00:00+00:00,45814.0,26201.03817602,26176.08111615977,24.95706,19612.96182398,19612.96182398,False
2018-06-28 03:00:00+00:00,48874.0,27134.18024109247,26861.32638977411,272.85385,21739.81975890753,21739.81975890753,False
2018-06-28 04:00:00+00:00,56243.0,28563.839365314056,28185.569864581634,378.2695,27679.160634685944,27679.160634685944,False
2018-06-28 05:00:00+00:00,62621.0,30750.00579392485,30847.817492838425,-97.8117,31870.99420607515,31870.99420607515,False
2018-06-28 06:00:00+00:00,66208.0,34472.80909560889,34751.30430434913,-278.4952,31735.190904391107,31735.190904391107,False
2018-06-28 07:00:00+00:00,67603.0,37724.69853407438,38039.121751847815,-314.42322,29878.301465925622,29878.301465925622,False
2018-06-28 08:00:00+00:00,68613.0,40514.032551345495,40465.515865859656,48.516685,28098.967448654505,28098.967448654505,False
2018-06-28 09:00:00+00:00,70247.0,42307.388479991874,42260.05230216595,47.336178,27939.611520008126,27939.611520008126,True
2018-06-28 10:00:00+00:00,70223.0,43748.948425857285,43688.00499400304,60.94343,26474.051574142715,26474.051574142715,True
2018-06-28 11:00:00+00:00,69917.0,43575.31495028692,43514.31513339239,60.999817,26341.68504971308,26341.68504971308,True
2018-06-28 12:00:00+00:00,69108.0,42212.84457382084,42236.06241210819,-23.217838,26895.15542617916,26895.15542617916,False
2018-06-28 13:00:00+00:00,67713.0,41025.59032179836,41198.012257833514,-172.42194,26687.409678201642,26687.409678201642,False
2018-06-28 14:00:00+00:00,66886.0,40911.82591257648,41054.25581369953,-142.4299,25974.17408742352,25974.17408742352,False
2018-06-28 15:00:00+00:00,66519.0,42587.76811964884,42685.71253950968,-97.94442,23931.23188035116,23931.23188035116,False
2018-06-28 16:00:00+00:00,65411.0,45138.078249416554,45204.68472524663,-66.606476,20272.921750583446,20272.921750583446,False
2018-06-28 17:00:00+00:00,64397.0,44890.95968608902,44924.75493221329,-33.795246,19506.040313910977,19506.040313910977,False
2018-06-28 18:00:00+00:00,61417.0,42999.562385279845,43130.05063601227,-130.48825,18417.437614720155,18417.437614720155,False
2018-06-28 19:00:00+00:00,58379.0,39511.086000146686,39704.75621193868,-193.67021,18867.913999853314,18867.913999853314,False
2018-06-28 20:00:00+00:00,55944.0,37051.72286781469,37253.1680277268,-201.44516,18892.277132185307,18892.277132185307,False
2018-06-28 21:00:00+00:00,51832.0,35976.38216767091,35946.710622642226,29.671545,15855.617832329088,15855.617832329088,False
2018-06-28 22:00:00+00:00,48607.0,32598.899448860535,32547.123608101258,51.77584,16008.100551139465,16008.100551139465,False
2018-06-28 23:00:00+00:00,46797.0,29419.456328569457,29402.334424196288,17.121904,17377.543671430543,17377.543671430543,False
2018-06-29 00:00:00+00:00,45094.0,27344.507916786763,27322.49207434902,22.015842,17749.492083213237,17749.492083213237,False
2018-06-29 01:00:00+00:00,45285.0,26229.325461033583,26192.64847052455,36.67699,19055.674538966417,19055.674538966417,False
2018-06-29 02:00:00+00:00,46094.0,26149.183382605926,26092.633261298553,56.55012,19944.816617394074,19944.816617394074,False
2018-06-29 03:00:00+00:00,48912.0,27073.562250733205,26777.878534912892,295.68372,21838.437749266795,21838.437749266795,False
2018-06-29 04:00:00+00:00,56762.0,28760.995056595417,28102.122009720417,658.87305,28001.004943404583,28001.004943404583,False
2018-06-29 05:00:00+00:00,63025.0,30659.887696754064,30764.36963797721,-104.48194,32365.112303245936,32365.112303245936,False
2018-06-29 06:00:00+00:00,66230.0,34409.53009450744,34667.85644948791,-258.32635,31820.46990549256,31820.46990549256,False
2018-06-29 07:00:00+00:00,67471.0,37725.034797865505,37955.6738969866,-230.6391,29745.965202134495,29745.965202134495,False
2018-06-29 08:00:00+00:00,68538.0,40322.95236082144,40382.06801099844,-59.11565,28215.047639178563,28215.047639178563,False
2018-06-29 09:00:00+00:00,69685.0,42064.41265195561,42176.60444730473,-112.191795,27620.58734804439,27620.58734804439,True
2018-06-29 10:00:00+00:00,69199.0,43399.18836472776,43604.55713914182,-205.36877,25799.811635272243,25799.811635272243,False
2018-06-29 11:00:00+00:00,68467.0,43218.18582101164,43430.86727853117,-212.68146,25248.81417898836,25248.81417898836,False
2018-06-29 12:00:00+00:00,66945.0,42019.733545284085,42152.614557246976,-132.88101,24925.266454715915,24925.266454715915,False
2018-06-29 13:00:00+00:00,65223.0,41009.0165437804,41114.5644029723,-105.54786,24213.983456219597,24213.983456219597,False
2018-06-29 14:00:00+00:00,63558.0,40806.08649277386,40970.80795883831,-164.72147,22751.91350722614,22751.91350722614,False
2018-06-29 15:00:00+00:00,63062.0,42414.97574421878,42602.264684648464,-187.28894,20647.024255781223,20647.024255781223,False
2018-06-29 16:00:00+00:00,62188.0,44947.14255581022,45121.236870385415,-174.09431,17240.85744418978,17240.85744418978,False
2018-06-29 17:00:00+00:00,61086.0,44724.40444368508,44841.307077352074,-116.90263,16361.595556314918,16361.595556314918,False
2018-06-29 18:00:00+00:00,58382.0,42920.39124855828,43046.60278115105,-126.21153,15461.608751441723,15461.608751441723,False
2018-06-29 19:00:00+00:00,55657.0,39589.746997671944,39621.30835707746,-31.56136,16067.253002328056,16067.253002328056,False
2018-06-29 20:00:00+00:00,53684.0,37228.41572569151,37169.720172865585,58.695553,16455.584274308487,16455.584274308487,False
2018-06-29 21:00:00+00:00,50255.0,35935.866931904544,35863.26276778101,72.604164,14319.133068095456,14319.133068095456,False
2018-06-29 22:00:00+00:00,46633.0,32406.310984258107,32463.67575324004,-57.36477,14226.689015741893,14226.689015741893,False
2018-06-29 23:00:00+00:00,44265.0,29204.684794737903,29318.88656933507,-114.201775,15060.315205262097,15060.315205262097,False
2018-06-30 00:00:00+00:00,42675.0,27080.140853398934,27239.0442194878,-158.90337,15594.859146601066,15594.859146601066,False
2018-06-30 01:00:00+00:00,42104.0,25762.96450116138,26109.200615663332,-346.2361,16341.03549883862,16341.03549883862,False
2018-06-30 02:00:00+00:00,41813.0,25431.59159540218,26009.185406437336,-577.5938,16381.40840459782,16381.40840459782,False
2018-06-30 03:00:00+00:00,41582.0,24989.102432981363,26694.430680051675,-1705.3282,16592.897567018637,16592.897567018637,False
2018-06-30 04:00:00+00:00,44110.0,24934.477621656075,28018.6741548592,-3084.1965,19175.522378343925,19175.522378343925,False
2018-06-30 05:00:00+00:00,47884.0,31127.683959629663,30680.92178311599,446.76218,16756.316040370337,16756.316040370337,False
2018-06-30 06:00:00+00:00,52111.0,35897.38564540794,34584.40859462669,1312.977,16213.614354592057,16213.614354592057,False
2018-06-30 07:00:00+00:00,55566.0,39046.49642786757,37872.22604212538,1174.2704,16519.50357213243,16519.50357213243,False
2018-06-30 08:00:00+00:00,57243.0,39500.23282703566,40298.62015613722,-798.3873,17742.76717296434,17742.76717296434,False
2018-06-30 09:00:00+00:00,57606.0,41811.29285342984,42093.15659244351,-281.86374,15794.70714657016,15794.70714657016,False
2018-06-30 10:00:00+00:00,56672.0,43529.08203446752,43521.1092842806,7.97275,13142.917965532477,13142.917965532477,False
2018-06-30 11:00:00+00:00,54987.0,43003.655263513705,43347.419423669955,-343.76416,11983.344736486295,11983.344736486295,False
2018-06-30 12:00:00+00:00,53630.0,42019.38297664723,42069.16670238576,-49.783726,11610.617023352766,11610.617023352766,False
2018-06-30 13:00:00+00:00,52831.0,41180.37146144116,41031.11654811108,149.25491,11650.628538558842,11650.628538558842,False
2018-06-30 14:00:00+00:00,52274.0,41226.475674045454,40887.360103977095,339.11557,11047.524325954546,11047.524325954546,False
2018-06-30 15:00:00+00:00,52368.0,42799.937313185685,42518.81682978725,281.12048,9568.062686814315,9568.062686814315,False
2018-06-30 16:00:00+00:00,52082.0,45238.249846212675,45037.7890155242,200.46083,6843.750153787325,6843.750153787325,False
2018-06-30 17:00:00+00:00,51042.0,44913.21963508851,44757.85922249086,155.36041,6128.780364911487,6128.780364911487,False
2018-06-30 18:00:00+00:00,49504.0,43035.84960555009,42963.15492628983,72.69468,6468.150394449913,6468.150394449913,False
2018-06-30 19:00:00+00:00,47316.0,39842.36202809515,39537.860502216245,304.50153,7473.637971904849,7473.637971904849,False
2018-06-30 20:00:00+00:00,47181.0,37727.86240589499,37086.27231800437,641.5901,9453.137594105006,9453.137594105006,False
2018-06-30 21:00:00+00:00,44660.0,35977.047914628776,35779.81491291979,197.233,8682.952085371224,8682.952085371224,False
2018-06-30 22:00:00+00:00,41941.0,32302.96234967277,32380.227898378824,-77.26555,9638.037650327231,9638.037650327231,False
2018-06-30 23:00:00+00:00,39836.0,29160.218926876198,29235.438714473854,-75.21979,10675.781073123802,10675.781073123802,False
2018-07-01 00:00:00+00:00,38558.0,27067.86358417004,27155.596364626585,-87.73278,11490.136415829958,11490.136415829958,False
2018-07-01 01:00:00+00:00,37866.0,25769.93333331188,26025.752760802116,-255.81943,12096.066666688119,12096.066666688119,False
2018-07-01 02:00:00+00:00,37240.0,25495.66351593159,25925.73755157612,-430.07404,11744.336484068412,11744.336484068412,False
2018-07-01 03:00:00+00:00,36792.0,25331.18643847171,26610.98282519046,-1279.7964,11460.813561528292,11460.813561528292,False
2018-07-01 04:00:00+00:00,37571.0,25371.269024607358,27935.226299997983,-2563.9573,12199.730975392642,12199.730975392642,False
2018-07-01 05:00:00+00:00,40640.0,30702.310384553602,30597.473928254774,104.83646,9937.689615446398,9937.689615446398,False
2018-07-01 06:00:00+00:00,43885.0,35045.31236330063,34500.960739765476,544.3516,8839.687636699367,8839.687636699367,False
2018-07-01 07:00:00+00:00,47145.0,38528.61571167823,37788.778187264164,739.8375,8616.384288321773,8616.384288321773,False
2018-07-01 08:00:00+00:00,49450.0,40172.8102826908,40215.172301276005,-42.36202,9277.1897173092,9277.1897173092,False
2018-07-01 09:00:00+00:00,51053.0,42195.67237588796,42009.708737582296,185.96364,8857.32762411204,8857.32762411204,False
2018-07-01 10:00:00+00:00,50755.0,43418.37024213301,43437.661429419386,-19.291187,7336.629757866991,7336.629757866991,False
2018-07-01 11:00:00+00:00,49425.0,43000.152263388816,43263.97156880874,-263.8193,6424.847736611184,6424.847736611184,False
2018-07-01 12:00:00+00:00,48146.0,42168.5736754054,41985.71884752454,182.85483,5977.426324594599,5977.426324594599,False
2018-07-01 13:00:00+00:00,47278.0,41152.95751160924,40947.66869324986,205.28882,6125.042488390762,6125.042488390762,False
2018-07-01 14:00:00+00:00,46876.0,41289.35887387174,40803.91224911588,485.44662,5586.641126128263,5586.641126128263,False
2018-07-01 15:00:00+00:00,47711.0,43011.16096711353,42435.36897492603,575.792,4699.83903288647,4699.83903288647,False
2018-07-01 16:00:00+00:00,48544.0,45415.192509539935,44954.34116066298,460.85135,3128.8074904600653,3128.8074904600653,False
2018-07-01 17:00:00+00:00,49194.0,45032.56273481714,44674.41136762964,358.15137,4161.43726518286,4161.43726518286,False
2018-07-01 18:00:00+00:00,48818.0,43268.09308827432,42879.70707142862,388.38602,5549.90691172568,5549.90691172568,False
2018-07-01 19:00:00+00:00,47841.0,40103.073352921434,39454.41264735503,648.6607,7737.926647078566,7737.926647078566,False
2018-07-01 20:00:00+00:00,48403.0,37640.40557886581,37002.82446314315,637.5811,10762.594421134192,10762.594421134192,False
2018-07-01 21:00:00+00:00,45979.0,35626.02270533641,35696.367058058575,-70.34435,10352.977294663593,10352.977294663593,False
2018-07-01 22:00:00+00:00,43310.0,32312.23126212265,32296.780043517607,15.451219,10997.768737877352,10997.768737877352,False
2018-07-01 23:00:00+00:00,41577.0,29221.20091210287,29151.990859612637,69.21005,12355.799087897129,12355.799087897129,False
2018-07-02 00:00:00+00:00,40585.0,27102.89327600072,27072.148509765368,30.744766,13482.10672399928,13482.10672399928,False
2018-07-02 01:00:00+00:00,40844.0,26063.19423394383,25942.3049059409,120.88933,14780.805766056172,14780.805766056172,False
2018-07-02 02:00:00+00:00,42066.0,26174.40645696881,25842.289696714903,332.11676,15891.593543031191,15891.593543031191,False
2018-07-02 03:00:00+00:00,44984.0,27819.544003532366,26527.53497032924,1292.009,17164.455996467634,17164.455996467634,False
2018-07-02 04:00:00+00:00,53599.0,30447.11902130864,27851.778445136766,2595.3406,23151.88097869136,23151.88097869136,False
2018-07-02 05:00:00+00:00,60228.0,30112.452587065432,30514.026073393557,-401.5735,30115.547412934568,30115.547412934568,False
2018-07-02 06:00:00+00:00,64262.0,33887.61334877145,34417.51288490426,-529.89954,30374.386651228553,30374.386651228553,False
2018-07-02 07:00:00+00:00,65762.0,37475.13790381408,37705.33033240295,-230.19243,28286.86209618592,28286.86209618592,False
2018-07-02 08:00:00+00:00,67270.0,40217.68757355102,40131.72444641479,85.96313,27052.31242644898,27052.31242644898,False
2018-07-02 09:00:00+00:00,68836.0,42009.36622177137,41926.26088272108,83.10534,26826.63377822863,26826.63377822863,False
2018-07-02 10:00:00+00:00,69417.0,43504.03910556403,43354.21357455817,149.82553,25912.96089443597,25912.96089443597,True
2018-07-02 11:00:00+00:00,68706.0,43377.66284358619,43180.52371394752,197.13913,25328.337156413807,25328.337156413807,False
2018-07-02 12:00:00+00:00,67915.0,41697.673168566645,41902.270992663325,-204.59782,26217.326831433355,26217.326831433355,False
2018-07-02 13:00:00+00:00,66765.0,40389.9501169531,40864.22083838865,-474.27072,26375.0498830469,26375.0498830469,False
2018-07-02 14:00:00+00:00,65635.0,40354.71527926443,40720.46439425466,-365.7491,25280.284720735574,25280.284720735574,False
2018-07-02 15:00:00+00:00,65124.0,42120.85781134899,42351.92112006481,-231.06331,23003.142188651007,23003.142188651007,False
2018-07-02 16:00:00+00:00,64222.0,44738.20865919532,44870.893305801765,-132.68465,19483.79134080468,19483.79134080468,False
2018-07-02 17:00:00+00:00,63288.0,44517.10699879137,44590.96351276842,-73.856514,18770.893001208628,18770.893001208628,False
2018-07-02 18:00:00+00:00,60964.0,42700.175224563005,42796.2592165674,-96.08399,18263.824775436995,18263.824775436995,False
2018-07-02 19:00:00+00:00,58027.0,39061.24204469108,39370.96479249381,-309.72275,18965.757955308924,18965.757955308924,False
2018-07-02 20:00:00+00:00,55835.0,36218.279257207716,36919.376608281935,-701.09735,19616.720742792284,19616.720742792284,False
2018-07-02 21:00:00+00:00,51326.0,35492.946913158296,35612.91920319736,-119.97229,15833.053086841704,15833.053086841704,False
2018-07-02 22:00:00+00:00,48339.0,32381.239522030413,32213.33218865639,167.90733,15957.760477969587,15957.760477969587,False
2018-07-02 23:00:00+00:00,46477.0,29132.550351858354,29068.54300475142,64.00735,17344.449648141646,17344.449648141646,False
2018-07-03 00:00:00+00:00,45117.0,27001.4999007385,26988.70065490415,12.799246,18115.5000992615,18115.5000992615,False
2018-07-03 01:00:00+00:00,45350.0,25894.31333083432,25858.85705107968,35.45628,19455.68666916568,19455.68666916568,False
2018-07-03 02:00:00+00:00,46072.0,25872.228827632494,25758.841841853686,113.386986,20199.771172367506,20199.771172367506,False
2018-07-03 03:00:00+00:00,48610.0,26926.691394032478,26444.087115468024,482.60428,21683.308605967522,21683.308605967522,False
2018-07-03 04:00:00+00:00,56477.0,28651.636620548987,27768.33059027555,883.306,27825.363379451013,27825.363379451013,False
2018-07-03 05:00:00+00:00,63080.0,30270.71838576867,30430.57821853234,-159.85983,32809.28161423133,32809.28161423133,False
2018-07-03 06:00:00+00:00,66301.0,33975.10702223054,34334.06503004304,-358.958,32325.892977769458,32325.892977769458,False
2018-07-03 07:00:00+00:00,67477.0,37345.104248781965,37621.88247754173,-276.77823,30131.895751218035,30131.895751218035,False
2018-07-03 08:00:00+00:00,69460.0,40101.865733399274,40048.27659155357,53.58914,29358.134266600726,29358.134266600726,True
2018-07-03 09:00:00+00:00,70939.0,41879.84459066504,41842.81302785986,37.031563,29059.155409334962,29059.155409334962,True
2018-07-03 10:00:00+00:00,70168.0,43329.860022828056,43270.76571969695,59.094303,26838.139977171944,26838.139977171944,True
2018-07-03 11:00:00+00:00,69475.0,43146.80868913391,43097.075859086304,49.73283,26328.19131086609,26328.19131086609,True
2018-07-03 12:00:00+00:00,68032.0,41750.69230894469,41818.82313780211,-68.13083,26281.307691055314,26281.307691055314,False
2018-07-03 13:00:00+00:00,67285.0,40608.2261543038,40780.77298352743,-172.54683,26676.773845696203,26676.773845696203,False
2018-07-03 14:00:00+00:00,66028.0,40517.084730921764,40637.016539393444,-119.93181,25510.915269078236,25510.915269078236,False
2018-07-03 15:00:00+00:00,65658.0,42223.08234265721,42268.4732652036,-45.390923,23434.91765734279,23434.91765734279,False
2018-07-03 16:00:00+00:00,65187.0,44774.153286138,44787.44545094055,-13.292165,20412.846713862004,20412.846713862004,False
2018-07-03 17:00:00+00:00,64140.0,44505.87592292376,44507.515657907206,-1.639735,19634.124077076238,19634.124077076238,False
2018-07-03 18:00:00+00:00,61527.0,42717.5285553097,42712.81136170618,4.7171936,18809.4714446903,18809.4714446903,False
2018-07-03 19:00:00+00:00,58695.0,39184.170326609645,39287.516937632594,-103.34661,19510.829673390355,19510.829673390355,False
2018-07-03 20:00:00+00:00,56613.0,36486.034924075015,36835.92875342072,-349.89383,20126.965075924985,20126.965075924985,False
2018-07-03 21:00:00+00:00,52542.0,35373.399677803915,35529.47134833614,-156.07167,17168.600322196085,17168.600322196085,False
2018-07-03 22:00:00+00:00,48992.0,32186.586688226325,32129.884333795173,56.702354,16805.413311773675,16805.413311773675,False
2018-07-03 23:00:00+00:00,46824.0,29005.68132962348,28985.095149890203,20.58618,17818.31867037652,17818.31867037652,False
2018-07-04 00:00:00+00:00,45707.0,26922.374704416103,26905.252800042934,17.121904,18784.625295583897,18784.625295583897,False
2018-07-04 01:00:00+00:00,45709.0,25806.58118947408,25775.409196218465,31.171993,19902.41881052592,19902.41881052592,False
2018-07-04 02:00:00+00:00,46557.0,25752.272427849402,25675.39398699247,76.87844,20804.727572150598,20804.727572150598,False
2018-07-04 03:00:00+00:00,49225.0,26765.753609972042,26360.639260606808,405.11435,22459.246390027958,22459.246390027958,False
2018-07-04 04:00:00+00:00,56745.0,28387.60398785574,27684.882735414332,702.72125,28357.39601214426,28357.39601214426,False
2018-07-04 05:00:00+00:00,63225.0,30243.26242849046,30347.130363671124,-103.867935,32981.73757150954,32981.73757150954,False
2018-07-04 06:00:00+00:00,66627.0,33986.32890613886,34250.617175181826,-264.28827,32640.671093861143,32640.671093861143,False
2018-07-04 07:00:00+00:00,67985.0,37314.01659289536,37538.434622680514,-224.41803,30670.983407104643,30670.983407104643,False
2018-07-04 08:00:00+00:00,68101.0,40006.740647703096,39964.828736692354,41.91191,28094.259352296904,28094.259352296904,False
2018-07-04 09:00:00+00:00,70107.0,41822.277839319446,41759.365172998645,62.912666,28284.722160680554,28284.722160680554,True
2018-07-04 10:00:00+00:00,71263.0,43252.246339262005,43187.317864835735,64.928474,28010.753660737995,28010.753660737995,True
2018-07-04 11:00:00+00:00,71013.0,43048.72588172753,43013.62800422509,35.097878,27964.27411827247,27964.27411827247,True
2018-07-04 12:00:00+00:00,69833.0,41696.88019245627,41735.37528294089,-38.49509,28136.119807543728,28136.119807543728,True
2018-07-04 13:00:00+00:00,68026.0,40547.639688602736,40697.32512866621,-149.68544,27478.360311397264,27478.360311397264,False
2018-07-04 14:00:00+00:00,66316.0,40476.728215171875,40553.56868453223,-76.84047,25839.271784828125,25839.271784828125,False
2018-07-04 15:00:00+00:00,66230.0,42161.0731646301,42185.02541034238,-23.952246,24068.9268353699,24068.9268353699,False
2018-07-04 16:00:00+00:00,65855.0,44693.48692732475,44703.99759607933,-10.510669,21161.513072675247,21161.513072675247,False
2018-07-04 17:00:00+00:00,64535.0,44419.34109463382,44424.06780304599,-4.7267084,20115.65890536618,20115.65890536618,False
2018-07-04 18:00:00+00:00,61319.0,42630.73901598784,42629.363506844966,1.3755091,18688.26098401216,18688.26098401216,False
2018-07-04 19:00:00+00:00,58758.0,39134.327833686904,39204.06908277138,-69.74125,19623.672166313096,19623.672166313096,False
2018-07-04 20:00:00+00:00,56872.0,36498.627978027274,36752.4808985595,-253.85292,20373.372021972726,20373.372021972726,False
2018-07-04 21:00:00+00:00,52777.0,35373.073672002756,35446.023493474924,-72.94982,17403.926327997244,17403.926327997244,False
2018-07-04 22:00:00+00:00,49440.0,32093.18637593713,32046.436478933956,46.749897,17346.81362406287,17346.81362406287,False
2018-07-04 23:00:00+00:00,47288.0,28918.769199402155,28901.647295028986,17.121904,18369.230800597845,18369.230800597845,False
2018-07-05 00:00:00+00:00,45865.0,26838.926849554886,26821.804945181717,17.121904,19026.073150445114,19026.073150445114,False
2018-07-05 01:00:00+00:00,45961.0,25715.11609599592,25691.961341357248,23.154755,20245.88390400408,20245.88390400408,False
2018-07-05 02:00:00+00:00,46793.0,25637.97622627798,25591.946132131252,46.030094,21155.02377372202,21155.02377372202,False
2018-07-05 03:00:00+00:00,49342.0,26600.853118392075,26277.19140574559,323.6617,22741.146881607925,22741.146881607925,False
2018-07-05 04:00:00+00:00,56932.0,28278.155583678115,27601.434880553115,676.7207,28653.844416321885,28653.844416321885,False
2018-07-05 05:00:00+00:00,63188.0,30182.696653707368,30263.682508809907,-80.985855,33005.30334629263,33005.30334629263,False
2018-07-05 06:00:00+00:00,67206.0,33925.8636715169,34167.16932032061,-241.30565,33280.1363284831,33280.1363284831,False
2018-07-05 07:00:00+00:00,69171.0,37238.91830163277,37454.9867678193,-216.06847,31932.081698367227,31932.081698367227,False
2018-07-05 08:00:00+00:00,70693.0,39901.01742891976,39881.38088183114,19.636547,30791.98257108024,30791.98257108024,True
2018-07-05 09:00:00+00:00,70809.0,41731.23196199729,41675.91731813743,55.314644,29077.76803800271,29077.76803800271,True
2018-07-05 10:00:00+00:00,70254.0,43182.06206472305,43103.87000997452,78.192055,27071.937935276947,27071.937935276947,True
2018-07-05 11:00:00+00:00,70070.0,42975.0690615648,42930.18014936387,44.888912,27094.930938435202,27094.930938435202,True
2018-07-05 12:00:00+00:00,69250.0,41588.21588022811,41651.927428079674,-63.711548,27661.784119771888,27661.784119771888,False
2018-07-05 13:00:00+00:00,67860.0,40436.064300782535,40613.877273804996,-177.81297,27423.935699217465,27423.935699217465,False
2018-07-05 14:00:00+00:00,66697.0,40363.7025938922,40470.12082967101,-106.418236,26333.2974061078,26333.2974061078,False
2018-07-05 15:00:00+00:00,66244.0,42052.52160150167,42101.57755548116,-49.055954,24191.47839849833,24191.47839849833,False
2018-07-05 16:00:00+00:00,65566.0,44603.488019416356,44620.549741218114,-17.061722,20962.511980583644,20962.511980583644,False
2018-07-05 17:00:00+00:00,64547.0,44332.04657439022,44340.61994818477,-8.573374,20214.953425609783,20214.953425609783,False
2018-07-05 18:00:00+00:00,61727.0,42459.11876172496,42545.91565198375,-86.79689,19267.88123827504,19267.88123827504,False
2018-07-05 19:00:00+00:00,59118.0,38909.90754382813,39120.62122791016,-210.71368,20208.09245617187,20208.09245617187,False
2018-07-05 20:00:00+00:00,56808.0,36373.82384570024,36669.033043698284,-295.2092,20434.176154299763,20434.176154299763,False
2018-07-05 21:00:00+00:00,52829.0,35342.5849216795,35362.57563861371,-19.990717,17486.415078320497,17486.415078320497,False
2018-07-05 22:00:00+00:00,49319.0,32001.715247607895,31962.98862407274,38.726624,17317.284752392105,17317.284752392105,False
2018-07-05 23:00:00+00:00,47216.0,28835.32134454094,28818.19944016777,17.121904,18380.67865545906,18380.67865545906,False
2018-07-06 00:00:00+00:00,46270.0,26755.47899469367,26738.3570903205,17.121904,19514.52100530633,19514.52100530633,False
2018-07-06 01:00:00+00:00,46538.0,25634.650992981016,25608.51348649603,26.137506,20903.349007018984,20903.349007018984,False
2018-07-06 02:00:00+00:00,47518.0,25544.203450762467,25508.498277270035,35.705173,21973.796549237533,21973.796549237533,False
2018-07-06 03:00:00+00:00,50177.0,26445.4558464166,26193.743550884374,251.7123,23731.5441535834,23731.5441535834,False
2018-07-06 04:00:00+00:00,57814.0,28212.893702937992,27517.9870256919,694.9067,29601.106297062008,29601.106297062008,False
2018-07-06 05:00:00+00:00,63901.0,30097.535946368123,30180.23465394869,-82.69871,33803.46405363188,33803.46405363188,False
2018-07-06 06:00:00+00:00,66654.0,33873.63154541545,34083.72146545939,-210.08992,32780.36845458455,32780.36845458455,False
2018-07-06 07:00:00+00:00,68634.0,37209.59527892488,37371.53891295808,-161.94363,31424.404721075123,31424.404721075123,False
2018-07-06 08:00:00+00:00,69607.0,39737.04735344697,39797.93302696992,-60.885674,29869.95264655303,29869.95264655303,True
2018-07-06 09:00:00+00:00,70873.0,41503.184322285,41592.46946327621,-89.28514,29369.815677715,29369.815677715,True
2018-07-06 10:00:00+00:00,70658.0,42888.52895137795,43020.4221551133,-131.8932,27769.47104862205,27769.47104862205,True
2018-07-06 11:00:00+00:00,69323.0,42739.23815387765,42846.73229450265,-107.49414,26583.761846122346,26583.761846122346,True
2018-07-06 12:00:00+00:00,66605.0,41546.39542099678,41568.47957321846,-22.084152,25058.604579003222,25058.604579003222,False
2018-07-06 13:00:00+00:00,65379.0,40510.813463590996,40530.42941894378,-19.615955,24868.186536409004,24868.186536409004,False
2018-07-06 14:00:00+00:00,63426.0,40266.680436357645,40386.67297480979,-119.99254,23159.319563642355,23159.319563642355,False
2018-07-06 15:00:00+00:00,63060.0,41862.57148833967,42018.129700619946,-155.55821,21197.428511660328,21197.428511660328,False
2018-07-06 16:00:00+00:00,61618.0,44395.03377112252,44537.1018863569,-142.06812,17222.966228877478,17222.966228877478,False
2018-07-06 17:00:00+00:00,61152.0,44150.25198071369,44257.172093323556,-106.92011,17001.748019286308,17001.748019286308,False
2018-07-06 18:00:00+00:00,58618.0,42315.62589343601,42462.46779712253,-146.8419,16302.374106563992,16302.374106563992,False
2018-07-06 19:00:00+00:00,55375.0,38937.89222223107,39037.17337304894,-99.28115,16437.107777768928,16437.107777768928,False
2018-07-06 20:00:00+00:00,53578.0,36635.313624353425,36585.58518883707,49.728436,16942.686375646575,16942.686375646575,False
2018-07-06 21:00:00+00:00,50086.0,35359.43829248052,35279.12778375249,80.31051,14726.561707519482,14726.561707519482,False
2018-07-06 22:00:00+00:00,46648.0,31831.956166855565,31879.540769211522,-47.584602,14816.043833144435,14816.043833144435,False
2018-07-06 23:00:00+00:00,44501.0,28616.648680033115,28734.751585306552,-118.102905,15884.351319966885,15884.351319966885,False
2018-07-07 00:00:00+00:00,43167.0,26493.635645371392,26654.909235459283,-161.27359,16673.364354628608,16673.364354628608,False
2018-07-07 01:00:00+00:00,42570.0,25201.085345990283,25525.065631634814,-323.9803,17368.914654009717,17368.914654009717,False
2018-07-07 02:00:00+00:00,42186.0,24834.229194381474,25425.050422408818,-590.8212,17351.770805618526,17351.770805618526,False
2018-07-07 03:00:00+00:00,42108.0,24341.139812234094,26110.295696023157,-1769.1559,17766.860187765906,17766.860187765906,False
2018-07-07 04:00:00+00:00,44406.0,24333.296739190057,27434.53917083068,-3101.2424,20072.703260809943,20072.703260809943,False
2018-07-07 05:00:00+00:00,47898.0,30428.97744239802,30096.786799087473,332.19064,17469.02255760198,17469.02255760198,False
2018-07-07 06:00:00+00:00,52107.0,35172.3539328638,34000.273610598175,1172.0803,16934.6460671362,16934.6460671362,False
2018-07-07 07:00:00+00:00,54701.0,38462.09154637811,37288.09105809686,1174.0005,16238.908453621887,16238.908453621887,False
2018-07-07 08:00:00+00:00,56220.0,39023.57312376886,39714.4851721087,-690.91205,17196.42687623114,17196.42687623114,False
2018-07-07 09:00:00+00:00,57554.0,41284.73163038765,41509.021608414994,-224.28998,16269.26836961235,16269.26836961235,False
2018-07-07 10:00:00+00:00,56678.0,42957.15181909669,42936.974300252085,20.177519,13720.848180903311,13720.848180903311,False
2018-07-07 11:00:00+00:00,54347.0,42447.44828851839,42763.28443964144,-315.83615,11899.55171148161,11899.55171148161,False
2018-07-07 12:00:00+00:00,52719.0,41541.350112064516,41485.03171835724,56.318394,11177.649887935484,11177.649887935484,False
2018-07-07 13:00:00+00:00,52024.0,40647.858288325726,40446.98156408256,200.87672,11376.141711674274,11376.141711674274,False
2018-07-07 14:00:00+00:00,51593.0,40721.631858229826,40303.225119948576,418.40674,10871.368141770174,10871.368141770174,False
2018-07-07 15:00:00+00:00,51548.0,42247.39598760443,41934.68184575873,312.71414,9300.604012395568,9300.604012395568,False
2018-07-07 16:00:00+00:00,51510.0,44704.49830029451,44453.65403149568,250.84427,6805.501699705492,6805.501699705492,False
2018-07-07 17:00:00+00:00,50861.0,44395.24361712445,44173.72423846234,221.51938,6465.756382875552,6465.756382875552,False
2018-07-07 18:00:00+00:00,49158.0,42514.576888062096,42379.019942261315,135.55695,6643.423111937904,6643.423111937904,False
2018-07-07 19:00:00+00:00,46967.0,39327.728966674054,38953.725518187726,374.00345,7639.271033325946,7639.271033325946,False
2018-07-07 20:00:00+00:00,46246.0,37222.993046866475,36502.13733397585,720.8557,9023.006953133525,9023.006953133525,False
2018-07-07 21:00:00+00:00,43948.0,35465.28609954557,35195.67992889127,269.60617,8482.71390045443,8482.71390045443,False
2018-07-07 22:00:00+00:00,41047.0,31710.18099571017,31796.092914350305,-85.91192,9336.819004289831,9336.819004289831,False
2018-07-07 23:00:00+00:00,39154.0,28557.79533811135,28651.303730445336,-93.50839,10596.204661888649,10596.204661888649,False
2018-07-08 00:00:00+00:00,37857.0,26473.908623334883,26571.461380598066,-97.55276,11383.091376665117,11383.091376665117,False
2018-07-08 01:00:00+00:00,37119.0,25196.768899820472,25441.617776773597,-244.84888,11922.231100179528,11922.231100179528,False
2018-07-08 02:00:00+00:00,36985.0,24938.912839764398,25341.6025675476,-402.68973,12046.087160235602,12046.087160235602,False
2018-07-08 03:00:00+00:00,36561.0,24822.321229833815,26026.84784116194,-1204.5266,11738.678770166185,11738.678770166185,False
2018-07-08 04:00:00+00:00,37172.0,24853.86548589134,27351.091315969465,-2497.2258,12318.13451410866,12318.13451410866,False
2018-07-08 05:00:00+00:00,39853.0,30105.275353222838,30013.338944226256,91.93641,9747.724646777162,9747.724646777162,False
2018-07-08 06:00:00+00:00,43523.0,34441.59235729946,33916.82575573696,524.7666,9081.407642700542,9081.407642700542,False
2018-07-08 07:00:00+00:00,46493.0,37913.07563731768,37204.643203235646,708.43243,8579.924362682323,8579.924362682323,False
2018-07-08 08:00:00+00:00,48332.0,39620.45110890398,39631.03731724749,-10.586208,8711.54889109602,8711.54889109602,False
2018-07-08 09:00:00+00:00,50029.0,41845.98381825104,41425.57375355378,420.41006,8183.016181748957,8183.016181748957,False
2018-07-08 10:00:00+00:00,50102.0,42663.539827348875,42853.52644539087,-189.98662,7438.460172651125,7438.460172651125,False
2018-07-08 11:00:00+00:00,48438.0,42359.794989321235,42679.83658478022,-320.0416,6078.205010678765,6078.205010678765,False
2018-07-08 12:00:00+00:00,47008.0,41628.82380795403,41401.583863496024,227.23994,5379.1761920459685,5379.1761920459685,False
2018-07-08 13:00:00+00:00,46680.0,40599.76475780533,40363.533709221345,236.23105,6080.235242194671,6080.235242194671,False
2018-07-08 14:00:00+00:00,46534.0,40735.08823920845,40219.77726508736,515.311,5798.911760791547,5798.911760791547,False
2018-07-08 15:00:00+00:00,47216.0,42438.74802898345,41851.23399089751,587.51404,4777.251971016551,4777.251971016551,False
2018-07-08 16:00:00+00:00,47873.0,44853.51861559931,44370.20617663446,483.31244,3019.481384400693,3019.481384400693,False
2018-07-08 17:00:00+00:00,47900.0,44541.97346612065,44090.27638360112,451.69708,3358.026533879347,3358.026533879347,False
2018-07-08 18:00:00+00:00,48161.0,42846.17590820088,42295.5720874001,550.6038,5314.824091799121,5314.824091799121,False
2018-07-08 19:00:00+00:00,47570.0,39593.56867895151,38870.27766332651,723.291,7976.431321048491,7976.431321048491,False
2018-07-08 20:00:00+00:00,48580.0,36913.71428990565,36418.68947911463,495.0248,11666.285710094351,11666.285710094351,False
2018-07-08 21:00:00+00:00,45360.0,35025.118502863064,35112.23207403006,-87.11357,10334.881497136936,10334.881497136936,False
2018-07-08 22:00:00+00:00,42337.0,31794.689332865553,31712.64505948909,82.04427,10542.310667134447,10542.310667134447,False
2018-07-08 23:00:00+00:00,40893.0,28687.054949375623,28567.85587558412,119.19907,12205.945050624377,12205.945050624377,False
2018-07-09 00:00:00+00:00,39588.0,26535.667521250765,26488.01352573685,47.653996,13052.332478749235,13052.332478749235,False
2018-07-09 01:00:00+00:00,39854.0,25531.15753177566,25358.16992191238,172.98761,14322.842468224339,14322.842468224339,False
2018-07-09 02:00:00+00:00,41043.0,25589.366138467634,25258.154712686384,331.21143,15453.633861532366,15453.633861532366,False
2018-07-09 03:00:00+00:00,44470.0,27212.14546969916,25943.399986300723,1268.7455,17257.85453030084,17257.85453030084,False
2018-07-09 04:00:00+00:00,53265.0,29686.712797045748,27267.643461108248,2419.0693,23578.287202954252,23578.287202954252,False
2018-07-09 05:00:00+00:00,60193.0,29699.80905811504,29929.89108936504,-230.08203,30493.19094188496,30493.19094188496,False
2018-07-09 06:00:00+00:00,64316.0,33479.67935351246,33833.37790087574,-353.69855,30836.32064648754,30836.32064648754,False
2018-07-09 07:00:00+00:00,65770.0,36819.303655259195,37121.19534837443,-301.8917,28950.696344740805,28950.696344740805,False
2018-07-09 08:00:00+00:00,67692.0,39675.65504466166,39547.58946238627,128.06558,28016.34495533834,28016.34495533834,False
2018-07-09 09:00:00+00:00,68837.0,41441.82808527703,41342.12589869256,99.70219,27395.171914722967,27395.171914722967,False
2018-07-09 10:00:00+00:00,68151.0,42946.10118879625,42770.07859052965,176.0226,25204.898811203748,25204.898811203748,False
2018-07-09 11:00:00+00:00,67557.0,42814.22393499713,42596.388729919,217.8352,24742.776065002872,24742.776065002872,False
2018-07-09 12:00:00+00:00,66768.0,40977.94515170121,41318.13600863481,-340.19086,25790.054848298787,25790.054848298787,False
2018-07-09 13:00:00+00:00,65826.0,39735.55716783669,40280.08585436013,-544.5287,26090.44283216331,26090.44283216331,False
2018-07-09 14:00:00+00:00,64124.0,39684.31433454255,40136.32941022614,-452.01508,24439.68566545745,24439.68566545745,False
2018-07-09 15:00:00+00:00,63974.0,41463.113589649576,41767.786136036295,-304.67255,22510.886410350424,22510.886410350424,False
2018-07-09 16:00:00+00:00,63883.0,44080.432333003715,44286.758321773246,-206.32599,19802.567666996285,19802.567666996285,False
2018-07-09 17:00:00+00:00,63131.0,43836.67119536588,44006.828528739905,-170.15733,19294.32880463412,19294.32880463412,False
2018-07-09 18:00:00+00:00,60024.0,41956.73919225568,42212.12423253888,-255.38504,18067.260807744322,18067.260807744322,False
2018-07-09 19:00:00+00:00,57293.0,38338.65891002779,38786.82980846529,-448.1709,18954.341089972208,18954.341089972208,False
2018-07-09 20:00:00+00:00,55080.0,35546.24162425342,36335.24162425342,-789.0,19533.758375746584,19533.758375746584,False
2018-07-09 21:00:00+00:00,50269.0,35004.40280284804,35028.78421916884,-24.381416,15264.597197151961,15264.597197151961,False
2018-07-09 22:00:00+00:00,46536.0,31743.483764686465,31629.19720462787,114.28656,14792.516235313535,14792.516235313535,False
2018-07-09 23:00:00+00:00,44688.0,28470.05022977594,28484.4080207229,-14.357791,16217.949770224059,16217.949770224059,False
2018-07-10 00:00:00+00:00,43330.0,26390.89347067269,26404.565670875632,-13.6722,16939.10652932731,16939.10652932731,False
2018-07-10 01:00:00+00:00,43713.0,25274.55310129427,25274.722067051163,-0.16896576,18438.44689870573,18438.44689870573,False
2018-07-10 02:00:00+00:00,44341.0,25235.98263754929,25174.706857825167,61.27578,19105.01736245071,19105.01736245071,False
2018-07-10 03:00:00+00:00,47271.0,26234.80772225982,25859.952131439506,374.8556,21036.19227774018,21036.19227774018,False
2018-07-10 04:00:00+00:00,54634.0,27938.97380448922,27184.19560624703,754.7782,26695.02619551078,26695.02619551078,False
2018-07-10 05:00:00+00:00,61137.0,29895.383755744057,29846.443234503822,48.94052,31241.616244255943,31241.616244255943,False
2018-07-10 06:00:00+00:00,64757.0,33500.53975670788,33749.930046014524,-249.39029,31256.460243292117,31256.460243292117,False
2018-07-10 07:00:00+00:00,65844.0,36697.83492637454,37037.74749351321,-339.91257,29146.16507362546,29146.16507362546,False
2018-07-10 08:00:00+00:00,67800.0,39546.37583756656,39464.14160752505,82.23423,28253.624162433443,28253.624162433443,False
2018-07-10 09:00:00+00:00,68979.0,41296.06625794267,41258.67804383134,37.388214,27682.93374205733,27682.93374205733,False
2018-07-10 10:00:00+00:00,68859.0,42763.638937267555,42686.630735668434,77.0082,26095.361062732445,26095.361062732445,False
2018-07-10 11:00:00+00:00,68138.0,42613.02479839763,42512.940875057786,100.08392,25524.97520160237,25524.97520160237,False
2018-07-10 12:00:00+00:00,65942.0,41246.7340779603,41234.68815377359,12.045924,24695.265922039704,24695.265922039704,False
2018-07-10 13:00:00+00:00,64904.0,40101.978171312876,40196.63799949891,-94.65983,24802.021828687124,24802.021828687124,False
2018-07-10 14:00:00+00:00,63204.0,39923.61295490106,40052.881555364926,-129.2686,23280.38704509894,23280.38704509894,False
2018-07-10 15:00:00+00:00,62949.0,41602.840196153105,41684.33828117508,-81.498085,21346.159803846895,21346.159803846895,False
2018-07-10 16:00:00+00:00,62498.0,44176.49073615336,44203.31046691203,-26.81973,18321.509263846638,18321.509263846638,False
2018-07-10 17:00:00+00:00,61508.0,43916.903106682796,43923.38067387869,-6.477567,17591.096893317204,17591.096893317204,False
2018-07-10 18:00:00+00:00,58427.0,42062.32963695501,42128.676377677664,-66.34674,16364.670363044992,16364.670363044992,False
2018-07-10 19:00:00+00:00,55467.0,38559.192027456615,38703.381953604076,-144.18993,16907.807972543385,16907.807972543385,False
2018-07-10 20:00:00+00:00,53820.0,35879.15592149181,36251.7937693922,-372.63785,17940.84407850819,17940.84407850819,False
2018-07-10 21:00:00+00:00,49057.0,34992.39194826148,34945.33636430762,47.055584,14064.60805173852,14064.60805173852,False
2018-07-10 22:00:00+00:00,45687.0,31641.074293309135,31545.749349766655,95.32494,14045.925706690865,14045.925706690865,False
2018-07-10 23:00:00+00:00,43817.0,28428.023768309195,28400.960165861685,27.063602,15388.976231690805,15388.976231690805,False
2018-07-11 00:00:00+00:00,42639.0,26343.06749062074,26321.117816014415,21.949675,16295.932509379261,16295.932509379261,False
2018-07-11 01:00:00+00:00,42689.0,25225.383697816167,25191.274212189946,34.109486,17463.616302183833,17463.616302183833,False
2018-07-11 02:00:00+00:00,43772.0,25146.149116794517,25091.25900296395,54.890114,18625.850883205483,18625.850883205483,False
2018-07-11 03:00:00+00:00,46620.0,26132.042759244305,25776.50427657829,355.53848,20487.957240755695,20487.957240755695,False
2018-07-11 04:00:00+00:00,54713.0,27752.261118085033,27100.747751385814,651.51337,26960.738881914967,26960.738881914967,False
2018-07-11 05:00:00+00:00,60798.0,29748.36028404629,29762.995379642605,-14.635096,31049.63971595371,31049.63971595371,False
2018-07-11 06:00:00+00:00,64201.0,33471.28101927831,33666.48219115331,-195.20117,30729.718980721693,30729.718980721693,False
2018-07-11 07:00:00+00:00,64934.0,36713.03788938442,36954.299638651995,-241.26175,28220.962110615583,28220.962110615583,False
2018-07-11 08:00:00+00:00,66857.0,39433.03869666408,39380.693752663836,52.344944,27423.96130333592,27423.96130333592,False
2018-07-11 09:00:00+00:00,68364.0,41220.49918997721,41175.23018897013,45.269,27143.500810022793,27143.500810022793,False
2018-07-11 10:00:00+00:00,67159.0,42665.62214319735,42603.18288080722,62.439262,24493.377856802646,24493.377856802646,False
2018-07-11 11:00:00+00:00,66476.0,42486.91377367557,42429.49302019657,57.420753,23989.086226324427,23989.086226324427,False
2018-07-11 12:00:00+00:00,65167.0,41142.10136191591,41151.24029891237,-9.138937,24024.898638084087,24024.898638084087,False
2018-07-11 13:00:00+00:00,65046.0,39975.52798948633,40113.190144637694,-137.66216,25070.472010513673,25070.472010513673,False
2018-07-11 14:00:00+00:00,63525.0,39783.18737787187,39969.43370050371,-186.24632,23741.812622128127,23741.812622128127,False
2018-07-11 15:00:00+00:00,62944.0,41517.09088865517,41600.89042631386,-83.79954,21426.90911134483,21426.90911134483,False
2018-07-11 16:00:00+00:00,62288.0,44118.17994038467,44119.86261205081,-1.6826717,18169.820059615333,18169.820059615333,False
2018-07-11 17:00:00+00:00,61383.0,43853.1745077458,43839.93281901747,13.241689,17529.825492254196,17529.825492254196,False
2018-07-11 18:00:00+00:00,58445.0,42023.68467477873,42045.22852281645,-21.543848,16421.315325221272,16421.315325221272,False
2018-07-11 19:00:00+00:00,55867.0,38492.71754600848,38619.93409874286,-127.21655,17374.282453991516,17374.282453991516,False
2018-07-11 20:00:00+00:00,53749.0,35885.28301780247,36168.34591453098,-283.0629,17863.716982197533,17863.716982197533,False
2018-07-11 21:00:00+00:00,49525.0,34921.34925621154,34861.888509446406,59.460747,14603.650743788457,14603.650743788457,False
2018-07-11 22:00:00+00:00,45739.0,31523.16676742741,31462.301494905438,60.865273,14215.83323257259,14215.83323257259,False
2018-07-11 23:00:00+00:00,43950.0,28334.634215373637,28317.512311000468,17.121904,15615.365784626363,15615.365784626363,False
2018-07-12 00:00:00+00:00,42723.0,26254.791865526367,26237.6699611532,17.121904,16468.208134473633,16468.208134473633,False
2018-07-12 01:00:00+00:00,42657.0,25133.475063764887,25107.82635732873,25.648706,17523.524936235113,17523.524936235113,False
2018-07-12 02:00:00+00:00,43557.0,25052.654531891796,25007.811148102734,44.843384,18504.345468108204,18504.345468108204,False
2018-07-12 03:00:00+00:00,46355.0,25921.741312464143,25693.056421717072,228.68489,20433.258687535857,20433.258687535857,False
2018-07-12 04:00:00+00:00,53687.0,27355.853607462097,27017.299896524597,338.5537,26331.146392537903,26331.146392537903,False
2018-07-12 05:00:00+00:00,60317.0,29678.518910141152,29679.54752478139,-1.0286146,30638.481089858848,30638.481089858848,False
2018-07-12 06:00:00+00:00,63778.0,33461.333896838965,33583.03433629209,-121.70044,30316.666103161035,30316.666103161035,False
2018-07-12 07:00:00+00:00,65171.0,36667.25318149586,36870.85178379078,-203.5986,28503.746818504143,28503.746818504143,False
2018-07-12 08:00:00+00:00,66809.0,39318.65750554493,39297.24589780262,21.411608,27490.34249445507,27490.34249445507,False
2018-07-12 09:00:00+00:00,67499.0,41148.833821077904,41091.78233410891,57.051487,26350.166178922096,26350.166178922096,False
2018-07-12 10:00:00+00:00,67221.0,42604.997698370316,42519.735025946,85.26267,24616.002301629684,24616.002301629684,False
2018-07-12 11:00:00+00:00,66506.0,42432.24339226406,42346.04516533535,86.19823,24073.756607735937,24073.756607735937,False
2018-07-12 12:00:00+00:00,65443.0,41042.81654912318,41067.792444051156,-24.975895,24400.183450876822,24400.183450876822,False
2018-07-12 13:00:00+00:00,64330.0,39858.07668613878,40029.74228977648,-171.6656,24471.923313861218,24471.923313861218,False
2018-07-12 14:00:00+00:00,63373.0,39701.731741028234,39885.98584564249,-184.2541,23671.268258971766,23671.268258971766,False
2018-07-12 15:00:00+00:00,63332.0,41389.310384562996,41517.442571452644,-128.13219,21942.689615437004,21942.689615437004,False
2018-07-12 16:00:00+00:00,62449.0,43982.82595103725,44036.414757189596,-53.588806,18466.17404896275,18466.17404896275,False
2018-07-12 17:00:00+00:00,60817.0,43764.38222053061,43756.484964156254,7.8972564,17052.617779469387,17052.617779469387,False
2018-07-12 18:00:00+00:00,58352.0,41970.523150140594,41961.78066795523,8.742482,16381.476849859406,16381.476849859406,False
2018-07-12 19:00:00+00:00,55866.0,38454.876334824025,38536.48624388164,-81.60991,17411.123665175975,17411.123665175975,False
2018-07-12 20:00:00+00:00,54222.0,35890.68837339047,36084.898059669766,-194.20969,18331.31162660953,18331.31162660953,False
2018-07-12 21:00:00+00:00,49418.0,34822.99983579857,34778.44065458519,44.55918,14595.000164201432,14595.000164201432,False
2018-07-12 22:00:00+00:00,46243.0,31411.56024023343,31378.85364004422,32.7066,14831.43975976657,14831.43975976657,False
2018-07-12 23:00:00+00:00,44193.0,28248.12554660861,28234.06445613925,14.06109,15944.874453391389,15944.874453391389,False
2018-07-13 00:00:00+00:00,43158.0,26162.496644332143,26154.22210629198,8.274538,16995.503355667857,16995.503355667857,False
2018-07-13 01:00:00+00:00,43465.0,25033.92450867021,25024.378502467513,9.546006,18431.07549132979,18431.07549132979,False
2018-07-13 02:00:00+00:00,44370.0,24941.485197614686,24924.363293241517,17.121904,19428.514802385314,19428.514802385314,False
2018-07-13 03:00:00+00:00,47034.0,25652.125256156392,25609.608566855855,42.51669,21381.874743843608,21381.874743843608,False
2018-07-13 04:00:00+00:00,54532.0,26727.186895789357,26933.85204166338,-206.66515,27804.813104210643,27804.813104210643,False
2018-07-13 05:00:00+00:00,60818.0,29554.179015623296,29596.09966992017,-41.920654,31263.820984376704,31263.820984376704,False
2018-07-13 06:00:00+00:00,64763.0,33420.560572007045,33499.58648143087,-79.02591,31342.439427992955,31342.439427992955,False
2018-07-13 07:00:00+00:00,65764.0,36652.52798288464,36787.40392892956,-134.87595,29111.47201711536,29111.47201711536,False
2018-07-13 08:00:00+00:00,66510.0,39156.967110324214,39213.7980429414,-56.830933,27353.032889675786,27353.032889675786,False
2018-07-13 09:00:00+00:00,67884.0,40905.393919860486,41008.33447924769,-102.94056,26978.606080139514,26978.606080139514,False
2018-07-13 10:00:00+00:00,67230.0,42256.200867373846,42436.28717108478,-180.0863,24973.799132626154,24973.799132626154,False
2018-07-13 11:00:00+00:00,65961.0,42065.81647246144,42262.597310474135,-196.78084,23895.18352753856,23895.18352753856,False
2018-07-13 12:00:00+00:00,63673.0,40877.350204424314,40984.34458918994,-106.994385,22795.649795575686,22795.649795575686,False
2018-07-13 13:00:00+00:00,62659.0,39971.42203081675,39946.29443491526,25.127596,22687.57796918325,22687.57796918325,False
2018-07-13 14:00:00+00:00,61835.0,39818.34458658358,39802.537990781275,15.806596,22016.655413416418,22016.655413416418,False
2018-07-13 15:00:00+00:00,61352.0,41380.9397925802,41433.99471659143,-53.054924,19971.060207419803,19971.060207419803,False
2018-07-13 16:00:00+00:00,60564.0,43889.54088075245,43952.96690232838,-63.42602,16674.45911924755,16674.45911924755,False
2018-07-13 17:00:00+00:00,59292.0,43642.62615386596,43673.03710929504,-30.410955,15649.37384613404,15649.37384613404,False
2018-07-13 18:00:00+00:00,56525.0,41836.022445509785,41878.33281309401,-42.310368,14688.977554490215,14688.977554490215,False
2018-07-13 19:00:00+00:00,53890.0,38481.335891538125,38453.038389020425,28.297503,15408.664108461875,15408.664108461875,False
2018-07-13 20:00:00+00:00,52101.0,36109.545160252885,36001.45020480855,108.094955,15991.454839747115,15991.454839747115,False
2018-07-13 21:00:00+00:00,48325.0,34795.829347575534,34694.99279972397,100.83655,13529.170652424466,13529.170652424466,False
2018-07-13 22:00:00+00:00,45234.0,31285.3063207665,31295.405785183004,-10.099464,13948.6936792335,13948.6936792335,False
2018-07-13 23:00:00+00:00,43077.0,28052.99188356563,28150.616601278034,-97.62472,15024.008116434368,15024.008116434368,False
2018-07-14 00:00:00+00:00,40890.0,25915.015660732523,26070.774251430765,-155.75859,14974.984339267477,14974.984339267477,False
2018-07-14 01:00:00+00:00,40391.0,24604.42814516489,24940.930647606296,-336.5025,15786.57185483511,15786.57185483511,False
2018-07-14 02:00:00+00:00,40387.0,24304.995089259206,24840.9154383803,-535.92035,16082.004910740794,16082.004910740794,False
2018-07-14 03:00:00+00:00,40237.0,23841.315253010263,25526.16071199464,-1684.8455,16395.684746989737,16395.684746989737,False
2018-07-14 04:00:00+00:00,42436.0,23807.007214145913,26850.404186802163,-3043.397,18628.992785854087,18628.992785854087,False
2018-07-14 05:00:00+00:00,45983.0,29787.2233177445,29512.651815058955,274.5715,16195.776682255499,16195.776682255499,False
2018-07-14 06:00:00+00:00,49994.0,34491.19392442122,33416.13862656966,1075.0553,15502.806075578781,15502.806075578781,False
2018-07-14 07:00:00+00:00,53151.0,37797.611835787095,36703.956074068345,1093.6558,15353.388164212905,15353.388164212905,False
2018-07-14 08:00:00+00:00,55077.0,38490.34615975987,39130.350188080185,-640.004,16586.653840240127,16586.653840240127,False
2018-07-14 09:00:00+00:00,56090.0,40746.414639523195,40924.886624386476,-178.47198,15343.585360476805,15343.585360476805,False
2018-07-14 10:00:00+00:00,55090.0,42382.20399937481,42352.839316223566,29.364683,12707.796000625189,12707.796000625189,False
2018-07-14 11:00:00+00:00,53191.0,41882.98588139417,42179.14945561292,-296.16357,11308.014118605832,11308.014118605832,False
2018-07-14 12:00:00+00:00,51839.0,40908.01043567226,40900.89673432872,7.1137013,10930.989564327741,10930.989564327741,False
2018-07-14 13:00:00+00:00,50734.0,40054.1631846683,39862.84658005404,191.3166,10679.836815331699,10679.836815331699,False
2018-07-14 14:00:00+00:00,50444.0,40114.7987846017,39719.09013592006,395.70865,10329.201215398301,10329.201215398301,False
2018-07-14 15:00:00+00:00,50275.0,41679.38569840013,41350.54686173021,328.83884,8595.614301599868,8595.614301599868,False
2018-07-14 16:00:00+00:00,49801.0,44145.71857139294,43869.51904746716,276.19952,5655.281428607057,5655.281428607057,False
2018-07-14 17:00:00+00:00,49425.0,43835.857580239484,43589.58925443382,246.26833,5589.142419760516,5589.142419760516,False
2018-07-14 18:00:00+00:00,47574.0,41971.80419346229,41794.8849582328,176.91924,5602.195806537711,5602.195806537711,False
2018-07-14 19:00:00+00:00,45550.0,38749.39708323147,38369.59053415921,379.80655,6800.6029167685265,6800.6029167685265,False
2018-07-14 20:00:00+00:00,44908.0,36574.65994272077,35918.00234994733,656.6576,8333.34005727923,8333.34005727923,False
2018-07-14 21:00:00+00:00,41438.0,34896.380577186974,34611.544944862755,284.83563,6541.619422813026,6541.619422813026,False
2018-07-14 22:00:00+00:00,39257.0,31229.262354607676,31211.957930321787,17.304424,8027.737645392324,8027.737645392324,False
2018-07-14 23:00:00+00:00,37359.0,27993.780005877266,28067.168746416817,-73.38874,9365.219994122734,9365.219994122734,False
2018-07-15 00:00:00+00:00,35945.0,25884.171130761442,25987.326396569548,-103.155266,10060.828869238558,10060.828869238558,False
2018-07-15 01:00:00+00:00,35581.0,24598.30066383883,24857.48279274508,-259.18213,10982.699336161171,10982.699336161171,False
2018-07-15 02:00:00+00:00,35393.0,24373.52962575541,24757.467583519083,-383.93796,11019.470374244589,11019.470374244589,False
2018-07-15 03:00:00+00:00,35118.0,24197.186612016234,25442.71285713342,-1245.5262,10920.813387983766,10920.813387983766,False
2018-07-15 04:00:00+00:00,36214.0,24177.70413467532,26766.956331940946,-2589.2522,12036.295865324679,12036.295865324679,False
2018-07-15 05:00:00+00:00,39038.0,29526.102985161117,29429.203960197738,96.899025,9511.897014838883,9511.897014838883,False
2018-07-15 06:00:00+00:00,42457.0,33700.80203879828,33332.69077170844,368.11127,8756.197961201717,8756.197961201717,False
2018-07-15 07:00:00+00:00,45406.0,37231.841776336034,36620.50821920713,611.33356,8174.158223663966,8174.158223663966,False
2018-07-15 08:00:00+00:00,47741.0,39017.01823135129,39046.90233321897,-29.884102,8723.981768648708,8723.981768648708,False
2018-07-15 09:00:00+00:00,49490.0,41244.82725829479,40841.43876952526,403.3885,8245.17274170521,8245.17274170521,False
2018-07-15 10:00:00+00:00,48996.0,42052.92141436528,42269.39146136235,-216.47005,6943.078585634721,6943.078585634721,False
2018-07-15 11:00:00+00:00,47506.0,41839.25674601537,42095.7016007517,-256.44485,5666.743253984627,5666.743253984627,False
2018-07-15 12:00:00+00:00,46405.0,41050.61021064426,40817.448879467505,233.16133,5354.389789355737,5354.389789355737,False
2018-07-15 13:00:00+00:00,45614.0,40006.50916830806,39779.39872519283,227.11044,5607.490831691939,5607.490831691939,False
2018-07-15 14:00:00+00:00,45659.0,40237.56885576587,39635.64228105884,601.9266,5421.431144234128,5421.431144234128,False
2018-07-15 15:00:00+00:00,45858.0,41856.79718802134,41267.09900686899,589.6982,4001.202811978663,4001.202811978663,False
2018-07-15 16:00:00+00:00,46298.0,44301.88601194188,43786.071192605945,515.8148,1996.1139880581177,1996.1139880581177,False
2018-07-15 17:00:00+00:00,47109.0,44067.91556949448,43506.1413995726,561.7742,3041.0844305055216,3041.0844305055216,False
2018-07-15 18:00:00+00:00,47144.0,42365.63650522705,41711.43710337158,654.1994,4778.3634947729515,4778.3634947729515,False
2018-07-15 19:00:00+00:00,46672.0,39042.151407325335,38286.14267929799,756.0087,7629.848592674665,7629.848592674665,False
2018-07-15 20:00:00+00:00,47096.0,36212.18721603338,35834.554495086115,377.63272,10883.81278396662,10883.81278396662,False
2018-07-15 21:00:00+00:00,43782.0,34430.30313705964,34528.09709000154,-97.79395,9351.696862940356,9351.696862940356,False
2018-07-15 22:00:00+00:00,40846.0,31245.989193807738,31128.51007546057,117.47912,9600.010806192262,9600.010806192262,False
2018-07-15 23:00:00+00:00,39148.0,28128.46536787396,27983.7208915556,144.74448,11019.53463212604,11019.53463212604,False
2018-07-16 00:00:00+00:00,38235.0,25976.45910811458,25903.87854170833,72.58057,12258.54089188542,12258.54089188542,False
2018-07-16 01:00:00+00:00,38213.0,24966.472193743237,24774.034937883862,192.43726,13246.527806256763,13246.527806256763,False
2018-07-16 02:00:00+00:00,39450.0,24997.03498744693,24674.019728657866,323.01526,14452.965012553072,14452.965012553072,False
2018-07-16 03:00:00+00:00,42734.0,26348.083971998767,25359.265002272205,988.819,16385.916028001233,16385.916028001233,False
2018-07-16 04:00:00+00:00,51149.0,28386.713433134417,26683.50847707973,1703.205,22762.286566865583,22762.286566865583,False
2018-07-16 05:00:00+00:00,58130.0,29246.583307179782,29345.75610533652,-99.1728,28883.416692820218,28883.416692820218,False
2018-07-16 06:00:00+00:00,62266.0,32940.32699277496,33249.24291684722,-308.91592,29325.673007225043,29325.673007225043,False
2018-07-16 07:00:00+00:00,63899.0,36238.85998592794,36537.06036434591,-298.20038,27660.140014072058,27660.140014072058,False
2018-07-16 08:00:00+00:00,65658.0,39083.15498647543,38963.45447835775,119.70051,26574.845013524573,26574.845013524573,False
2018-07-16 09:00:00+00:00,66823.0,40868.773248038066,40757.99091466404,110.78233,25954.226751961934,25954.226751961934,False
2018-07-16 10:00:00+00:00,66089.0,42382.008990412265,42185.94360650113,196.06538,23706.991009587735,23706.991009587735,False
2018-07-16 11:00:00+00:00,65379.0,42229.79029069029,42012.253745890484,217.53654,23149.20970930971,23149.20970930971,False
2018-07-16 12:00:00+00:00,64448.0,40427.96538007504,40734.00102460629,-306.03564,24020.03461992496,24020.03461992496,False
2018-07-16 13:00:00+00:00,63879.0,39193.10119992145,39695.95087033161,-502.84967,24685.898800078547,24685.898800078547,False
2018-07-16 14:00:00+00:00,62177.0,39149.56149162731,39552.194426197624,-402.63293,23027.43850837269,23027.43850837269,False
2018-07-16 15:00:00+00:00,62376.0,40936.267240874964,41183.65115200778,-247.38391,21439.732759125036,21439.732759125036,False
2018-07-16 16:00:00+00:00,61496.0,43551.29747104551,43702.62333774473,-151.32587,17944.70252895449,17944.70252895449,False
2018-07-16 17:00:00+00:00,60508.0,43346.467333163535,43422.69354471139,-76.22621,17161.532666836465,17161.532666836465,False
2018-07-16 18:00:00+00:00,58328.0,41550.104147192,41627.98924851036,-77.8851,16777.895852807997,16777.895852807997,False
2018-07-16 19:00:00+00:00,55908.0,37827.28765890943,38202.694824436774,-375.40717,18080.71234109057,18080.71234109057,False
2018-07-16 20:00:00+00:00,53864.0,34989.98078573271,35751.1066402249,-761.12585,18874.01921426729,18874.01921426729,False
2018-07-16 21:00:00+00:00,49179.0,34472.21142614984,34444.64923514032,27.562191,14706.788573850157,14706.788573850157,False
2018-07-16 22:00:00+00:00,45684.0,31199.0632734558,31045.062220599353,154.00105,14484.936726544202,14484.936726544202,False
2018-07-16 23:00:00+00:00,43746.0,27940.664970135545,27900.273036694383,40.391933,15805.335029864455,15805.335029864455,False
2018-07-17 00:00:00+00:00,42508.0,25830.132838145637,25820.430686847114,9.702151,16677.867161854363,16677.867161854363,False
2018-07-17 01:00:00+00:00,42460.0,24714.73717419391,24690.587083022645,24.150091,17745.26282580609,17745.26282580609,False
2018-07-17 02:00:00+00:00,43206.0,24673.776410234637,24590.57187379665,83.20454,18532.223589765363,18532.223589765363,False
2018-07-17 03:00:00+00:00,45913.0,25618.392831004738,25275.817147410988,342.57568,20294.607168995262,20294.607168995262,False
2018-07-17 04:00:00+00:00,52950.0,27133.812575343512,26600.060622218512,533.75195,25816.187424656488,25816.187424656488,False
2018-07-17 05:00:00+00:00,59562.0,29279.430154848473,29262.308250475304,17.121904,30282.569845151527,30282.569845151527,False
2018-07-17 06:00:00+00:00,63178.0,32964.292803685224,33165.795061986006,-201.50226,30213.707196314776,30213.707196314776,False
2018-07-17 07:00:00+00:00,64665.0,36148.72063326399,36453.612509484694,-304.89188,28516.27936673601,28516.27936673601,False
2018-07-17 08:00:00+00:00,66080.0,38945.031205405714,38880.006623496534,65.02458,27134.968794594286,27134.968794594286,False
2018-07-17 09:00:00+00:00,67669.0,40730.923640704925,40674.543059802825,56.38058,26938.076359295075,26938.076359295075,False
2018-07-17 10:00:00+00:00,67441.0,42185.379792472435,42102.495751639915,82.88404,25255.620207527565,25255.620207527565,False
2018-07-17 11:00:00+00:00,66824.0,42001.94699668112,41928.80589102927,73.141106,24822.053003318877,24822.053003318877,False
2018-07-17 12:00:00+00:00,65586.0,40599.99920703755,40650.55316974507,-50.553963,24986.000792962448,24986.000792962448,False
2018-07-17 13:00:00+00:00,64644.0,39424.38297457684,39612.50301547039,-188.12004,25219.617025423162,25219.617025423162,False
2018-07-17 14:00:00+00:00,63293.0,39309.411320481915,39468.74657133641,-159.33525,23983.588679518085,23983.588679518085,False
2018-07-17 15:00:00+00:00,63276.0,41022.91303683162,41100.20329714656,-77.29026,22253.08696316838,22253.08696316838,False
2018-07-17 16:00:00+00:00,62103.0,43592.356978550015,43619.17548288351,-26.818504,18510.643021449985,18510.643021449985,False
2018-07-17 17:00:00+00:00,61219.0,43351.1942057422,43339.24568985017,11.948516,17867.8057942578,17867.8057942578,False
2018-07-17 18:00:00+00:00,58886.0,41569.364498507544,41544.541393649146,24.823105,17316.635501492456,17316.635501492456,False
2018-07-17 19:00:00+00:00,56350.0,37981.907492036495,38119.24696957556,-137.33948,18368.092507963505,18368.092507963505,False
2018-07-17 20:00:00+00:00,54481.0,35287.95044185782,35667.65878536368,-379.70834,19193.04955814218,19193.04955814218,False
2018-07-17 21:00:00+00:00,49639.0,34412.97874691729,34361.201380279104,51.777367,15226.021253082712,15226.021253082712,False
2018-07-17 22:00:00+00:00,46047.0,31006.626813095314,30961.614365738136,45.012447,15040.373186904686,15040.373186904686,False
2018-07-17 23:00:00+00:00,44275.0,27812.10646616544,27816.825181833166,-4.7187157,16462.89353383456,16462.89353383456,False
2018-07-18 00:00:00+00:00,43104.0,25736.04735264296,25736.982831985897,-0.93547934,17367.95264735704,17367.95264735704,False
2018-07-18 01:00:00+00:00,43430.0,24623.186606701467,24607.139228161428,16.047379,18806.813393298533,18806.813393298533,False
2018-07-18 02:00:00+00:00,44630.0,24540.38685539173,24507.124018935432,33.262836,20089.61314460827,20089.61314460827,False
2018-07-18 03:00:00+00:00,47116.0,25544.885711006802,25192.36929254977,352.51642,21571.114288993198,21571.114288993198,False
2018-07-18 04:00:00+00:00,53770.0,27177.56418337292,26516.612767357296,660.9514,26592.43581662708,26592.43581662708,False
2018-07-18 05:00:00+00:00,60091.0,29182.693017426907,29178.860395614087,3.8326218,30908.306982573093,30908.306982573093,False
2018-07-18 06:00:00+00:00,63831.0,32872.59960275467,33082.34720712479,-209.7476,30958.40039724533,30958.40039724533,False
2018-07-18 07:00:00+00:00,64920.0,36066.185528646914,36370.16465462348,-303.97913,28853.814471353086,28853.814471353086,False
2018-07-18 08:00:00+00:00,66315.0,38850.36031282477,38796.55876863532,53.801544,27464.63968717523,27464.63968717523,False
2018-07-18 09:00:00+00:00,67577.0,40632.87048494039,40591.09520494161,41.77528,26944.129515059612,26944.129515059612,False
2018-07-18 10:00:00+00:00,67227.0,42080.963458454724,42019.0478967787,61.91556,25146.036541545276,25146.036541545276,False
2018-07-18 11:00:00+00:00,66692.0,41909.52769864364,41845.35803616805,64.16966,24782.472301356363,24782.472301356363,False
2018-07-18 12:00:00+00:00,65367.0,40529.775278720525,40567.105314883855,-37.330036,24837.224721279475,24837.224721279475,False
2018-07-18 13:00:00+00:00,64202.0,39372.816406336715,39529.055160609176,-156.23875,24829.183593663285,24829.183593663285,False
2018-07-18 14:00:00+00:00,62535.0,39256.525690962495,39385.29871647519,-128.77303,23278.474309037505,23278.474309037505,False
2018-07-18 15:00:00+00:00,62232.0,40967.30904641132,41016.75544228534,-49.446396,21264.69095358868,21264.69095358868,False
2018-07-18 16:00:00+00:00,61962.0,43529.05278566466,43535.727628022294,-6.6748424,18432.94721433534,18432.94721433534,False
2018-07-18 17:00:00+00:00,61332.0,43261.600728150726,43255.79783498895,5.802893,18070.399271849274,18070.399271849274,False
2018-07-18 18:00:00+00:00,59379.0,41452.04994061288,41461.09353878793,-9.043598,17926.95005938712,17926.95005938712,False
2018-07-18 19:00:00+00:00,56796.0,37921.80364657469,38035.79911471434,-113.99547,18874.19635342531,18874.19635342531,False
2018-07-18 20:00:00+00:00,54373.0,35314.18965975051,35584.210930502464,-270.02127,19058.81034024949,19058.81034024949,False
2018-07-18 21:00:00+00:00,49652.0,34307.51046816691,34277.75352541789,29.756943,15344.48953183309,15344.48953183309,False
2018-07-18 22:00:00+00:00,46162.0,30894.31895380905,30878.16651087692,16.152443,15267.681046190952,15267.681046190952,False
2018-07-18 23:00:00+00:00,44133.0,27722.999418265284,27733.37732697195,-10.377909,16410.000581734716,16410.000581734716,False
2018-07-19 00:00:00+00:00,43055.0,25646.275339768876,25653.53497712468,-7.2596374,17408.724660231124,17408.724660231124,False
2018-07-19 01:00:00+00:00,42923.0,24522.603610825197,24523.69137330021,-1.0877625,18400.396389174803,18400.396389174803,False
2018-07-19 02:00:00+00:00,43808.0,24440.798068447384,24423.676164074215,17.121904,19367.201931552616,19367.201931552616,False
2018-07-19 03:00:00+00:00,46117.0,25334.304234929765,25108.921437688554,225.3828,20782.695765070235,20782.695765070235,False
2018-07-19 04:00:00+00:00,53088.0,26544.867190633286,26433.16491249608,111.70228,26543.132809366714,26543.132809366714,False
2018-07-19 05:00:00+00:00,59277.0,29125.776901562196,29095.41254075287,30.36436,30151.223098437804,30151.223098437804,False
2018-07-19 06:00:00+00:00,63152.0,32849.68669052041,32998.89935226357,-149.21266,30302.313309479592,30302.313309479592,False
2018-07-19 07:00:00+00:00,64903.0,35985.70016768218,36286.71679976226,-301.01663,28917.299832317818,28917.299832317818,False
2018-07-19 08:00:00+00:00,65807.0,38733.151393434135,38713.1109137741,20.04048,27073.848606565865,27073.848606565865,False
2018-07-19 09:00:00+00:00,67186.0,40561.4630506114,40507.64735008039,53.8157,26624.536949388603,26624.536949388603,False
2018-07-19 10:00:00+00:00,66772.0,41996.1394935166,41935.60004191748,60.53945,24775.860506483397,24775.860506483397,False
2018-07-19 11:00:00+00:00,65788.0,41813.16381671333,41761.910181306834,51.253635,23974.836183286672,23974.836183286672,False
2018-07-19 12:00:00+00:00,64644.0,40473.92661647863,40483.65746002264,-9.730844,24170.07338352137,24170.07338352137,False
2018-07-19 13:00:00+00:00,63642.0,39346.74318526456,39445.60730574796,-98.86412,24295.25681473544,24295.25681473544,False
2018-07-19 14:00:00+00:00,62465.0,39204.249047343954,39301.85086161397,-97.601814,23260.750952656046,23260.750952656046,False
2018-07-19 15:00:00+00:00,62423.0,40899.90654830059,40933.307587424126,-33.40104,21523.09345169941,21523.09345169941,False
2018-07-19 16:00:00+00:00,61842.0,43460.961625501775,43452.27977316108,8.681852,18381.038374498225,18381.038374498225,False
2018-07-19 17:00:00+00:00,60875.0,43189.471884500905,43172.349980127736,17.121904,17685.528115499095,17685.528115499095,False
2018-07-19 18:00:00+00:00,58495.0,41398.611345929276,41377.64568392671,20.965662,17096.388654070724,17096.388654070724,False
2018-07-19 19:00:00+00:00,56567.0,37912.75220360923,37952.35125985312,-39.599056,18654.247796390773,18654.247796390773,False
2018-07-19 20:00:00+00:00,54239.0,35302.685469440075,35500.76307564125,-198.0776,18936.314530559925,18936.314530559925,False
2018-07-19 21:00:00+00:00,49663.0,34231.56571465457,34194.30567055667,37.260044,15431.434285345429,15431.434285345429,False
2018-07-19 22:00:00+00:00,46125.0,30814.57870240242,30794.718656015702,19.860046,15310.421297597579,15310.421297597579,False
2018-07-19 23:00:00+00:00,44048.0,27654.1628457527,27649.929472110733,4.2333736,16393.8371542473,16393.8371542473,False
2018-07-20 00:00:00+00:00,42709.0,25579.34978610471,25570.087122263463,9.262664,17129.65021389529,17129.65021389529,False
2018-07-20 01:00:00+00:00,42771.0,24457.365422812163,24440.243518438994,17.121904,18313.634577187837,18313.634577187837,False
2018-07-20 02:00:00+00:00,43691.0,24370.33591037877,24340.228309213,30.107601,19320.66408962123,19320.66408962123,False
2018-07-20 03:00:00+00:00,46043.0,25217.632915102728,25025.473582827337,192.15933,20825.367084897272,20825.367084897272,False
2018-07-20 04:00:00+00:00,52867.0,26521.615556170018,26349.71705763486,171.8985,26345.384443829982,26345.384443829982,False
2018-07-20 05:00:00+00:00,59449.0,29029.93632552483,29011.964685891653,17.97164,30419.06367447517,30419.06367447517,False
2018-07-20 06:00:00+00:00,63145.0,32791.793546047375,32915.451497402355,-123.65795,30353.206453952625,30353.206453952625,False
2018-07-20 07:00:00+00:00,64448.0,35993.56102864128,36203.26894490104,-209.70792,28454.438971358722,28454.438971358722,False
2018-07-20 08:00:00+00:00,65949.0,38557.06425062431,38629.66305891288,-72.59881,27391.93574937569,27391.93574937569,False
2018-07-20 09:00:00+00:00,67099.0,40283.88186826605,40424.199495219174,-140.31763,26815.11813173395,26815.11813173395,False
2018-07-20 10:00:00+00:00,65694.0,41644.03103227111,41852.152187056265,-208.12115,24049.96896772889,24049.96896772889,False
2018-07-20 11:00:00+00:00,64480.0,41509.32946816925,41678.46232644562,-169.13286,22970.67053183075,22970.67053183075,False
2018-07-20 12:00:00+00:00,63426.0,40349.55299657988,40400.20960516142,-50.65661,23076.447003420122,23076.447003420122,False
2018-07-20 13:00:00+00:00,62220.0,39323.84552037527,39362.15945088674,-38.31393,22896.154479624733,22896.154479624733,False
2018-07-20 14:00:00+00:00,61144.0,39157.04782410505,39218.40300675276,-61.355183,21986.95217589495,21986.95217589495,False
2018-07-20 15:00:00+00:00,60845.0,40781.685713703046,40849.85973256291,-68.17402,20063.314286296954,20063.314286296954,False
2018-07-20 16:00:00+00:00,59826.0,43327.5737701065,43368.83191829986,-41.25815,16498.4262298935,16498.4262298935,False
2018-07-20 17:00:00+00:00,58351.0,43087.764504579034,43088.90212526652,-1.1376207,15263.235495420966,15263.235495420966,False
2018-07-20 18:00:00+00:00,55507.0,41310.866928873234,41294.197829065495,16.6691,14196.133071126766,14196.133071126766,False
2018-07-20 19:00:00+00:00,53580.0,37915.73564223556,37868.90340499191,46.832237,15664.264357764441,15664.264357764441,False
2018-07-20 20:00:00+00:00,51644.0,35508.46014112915,35417.31522078003,91.14492,16135.539858870849,16135.539858870849,False
2018-07-20 21:00:00+00:00,47422.0,34204.614483786274,34110.85781569545,93.75667,13217.385516213726,13217.385516213726,False
2018-07-20 22:00:00+00:00,44542.0,30717.41351946961,30711.270801154486,6.1427183,13824.58648053039,13824.58648053039,False
2018-07-20 23:00:00+00:00,42540.0,27468.8548243418,27566.481617249516,-97.62679,15071.1451756582,15071.1451756582,False
2018-07-21 00:00:00+00:00,40976.0,25334.00053449209,25486.639267402246,-152.63873,15641.99946550791,15641.99946550791,False
2018-07-21 01:00:00+00:00,40238.0,24033.36185620473,24356.795663577777,-323.4338,16204.63814379527,16204.63814379527,False
2018-07-21 02:00:00+00:00,39640.0,23728.029905035375,24256.78045435178,-528.75055,15911.970094964625,15911.970094964625,False
2018-07-21 03:00:00+00:00,39771.0,23382.460054137995,24942.02572796612,-1559.5657,16388.539945862005,16388.539945862005,False
2018-07-21 04:00:00+00:00,42044.0,23471.33634144552,26266.269202773645,-2794.9329,18572.66365855448,18572.66365855448,False
2018-07-21 05:00:00+00:00,46126.0,29112.37580930192,28928.516831030436,183.85898,17013.62419069808,17013.62419069808,False
2018-07-21 06:00:00+00:00,49823.0,33795.5677294552,32832.00364254114,963.5641,16027.4322705448,16027.4322705448,False
2018-07-21 07:00:00+00:00,52635.0,37056.76353388748,36119.821090039826,936.94244,15578.236466112518,15578.236466112518,False
2018-07-21 08:00:00+00:00,54553.0,37890.619195750885,38546.21520405167,-655.596,16662.380804249115,16662.380804249115,False
2018-07-21 09:00:00+00:00,55094.0,40345.28984121321,40340.75164035796,4.538201,14748.710158786787,14748.710158786787,False
2018-07-21 10:00:00+00:00,54210.0,41775.751017890696,41768.70433219505,7.0466857,12434.248982109304,12434.248982109304,False
2018-07-21 11:00:00+00:00,52583.0,41326.82532363518,41595.0144715844,-268.18915,11256.174676364819,11256.174676364819,False
2018-07-21 12:00:00+00:00,51005.0,40468.0702067211,40316.761750300204,151.30846,10536.929793278898,10536.929793278898,False
2018-07-21 13:00:00+00:00,50295.0,39485.45096064955,39278.711596025525,206.73936,10809.549039350451,10809.549039350451,False
2018-07-21 14:00:00+00:00,50102.0,39580.56986746771,39134.95515189154,445.61472,10521.430132532289,10521.430132532289,False
2018-07-21 15:00:00+00:00,50445.0,41039.31620509427,40766.41187770169,272.90433,9405.68379490573,9405.68379490573,False
2018-07-21 16:00:00+00:00,50645.0,43480.38661165642,43285.38406343864,195.00255,7164.613388343583,7164.613388343583,False
2018-07-21 17:00:00+00:00,49758.0,43112.66447548343,43005.4542704053,107.210205,6645.335524516573,6645.335524516573,False
2018-07-21 18:00:00+00:00,47699.0,41293.45010085223,41210.74997420428,82.70013,6405.5498991477725,6405.5498991477725,False
2018-07-21 19:00:00+00:00,46274.0,38062.55103963264,37785.45555013069,277.0955,8211.448960367357,8211.448960367357,False
2018-07-21 20:00:00+00:00,45462.0,35897.84655293053,35333.86736591881,563.9792,9564.153447069468,9564.153447069468,False
2018-07-21 21:00:00+00:00,42305.0,34276.14927968189,34027.40996083424,248.73932,8028.850720318107,8028.850720318107,False
2018-07-21 22:00:00+00:00,40197.0,30654.267020924006,30627.82294629327,26.444075,9542.732979075994,9542.732979075994,False
2018-07-21 23:00:00+00:00,38397.0,27434.6644806195,27483.0337623883,-48.36928,10962.3355193805,10962.3355193805,False
2018-07-22 00:00:00+00:00,37354.0,25350.309538456557,25403.19141254103,-52.881874,12003.690461543443,12003.690461543443,False
2018-07-22 01:00:00+00:00,36818.0,24076.715408203865,24273.34780871656,-196.6324,12741.284591796135,12741.284591796135,False
2018-07-22 02:00:00+00:00,36852.0,23836.546008914393,24173.332599490564,-336.7866,13015.453991085607,13015.453991085607,False
2018-07-22 03:00:00+00:00,36463.0,23782.728507870528,24858.577873104903,-1075.8494,12680.271492129472,12680.271492129472,False
2018-07-22 04:00:00+00:00,36858.0,23714.715879162428,26182.821347912428,-2468.1055,13143.284120837572,13143.284120837572,False
2018-07-22 05:00:00+00:00,39165.0,28865.41340709268,28845.06897616922,20.34443,10299.586592907319,10299.586592907319,False
2018-07-22 06:00:00+00:00,42152.0,33115.140992758046,32748.55578767992,366.5852,9036.859007241954,9036.859007241954,False
2018-07-22 07:00:00+00:00,45176.0,36663.946721506734,36036.37323517861,627.5735,8512.053278493266,8512.053278493266,False
2018-07-22 08:00:00+00:00,47458.0,38503.01905436013,38462.76734919045,40.251705,8954.980945639873,8954.980945639873,False
2018-07-22 09:00:00+00:00,49618.0,40763.25773447135,40257.30378549674,505.95395,8854.74226552865,8854.74226552865,False
2018-07-22 10:00:00+00:00,49550.0,41572.78350064926,41685.25647733383,-112.47298,7977.2164993507395,7977.2164993507395,False
2018-07-22 11:00:00+00:00,47687.0,41207.900082299355,41511.56661672318,-303.66653,6479.099917700645,6479.099917700645,False
2018-07-22 12:00:00+00:00,46179.0,40470.317527030784,40233.31389543899,237.00363,5708.682472969216,5708.682472969216,False
2018-07-22 13:00:00+00:00,45863.0,39431.472939162355,39195.26374116431,236.2092,6431.527060837645,6431.527060837645,False
2018-07-22 14:00:00+00:00,46050.0,39547.38870572173,39051.50729703032,495.8814,6502.611294278271,6502.611294278271,False
2018-07-22 15:00:00+00:00,47170.0,41330.38528748891,40682.964022840475,647.42126,5839.614712511087,5839.614712511087,False
2018-07-22 16:00:00+00:00,48015.0,43748.32536873368,43201.93620857743,546.38916,4266.674631266324,4266.674631266324,False
2018-07-22 17:00:00+00:00,47981.0,43472.183661637835,42922.006415544085,550.17725,4508.816338362165,4508.816338362165,False
2018-07-22 18:00:00+00:00,47860.0,41790.00786885478,41127.30211934306,662.70575,6069.99213114522,6069.99213114522,False
2018-07-22 19:00:00+00:00,47786.0,38317.872746539004,37702.00769526947,615.86505,9468.127253460996,9468.127253460996,False
2018-07-22 20:00:00+00:00,47763.0,35462.554444529276,35250.4195110576,212.13493,12300.445555470724,12300.445555470724,False
2018-07-22 21:00:00+00:00,44539.0,33857.89039729382,33943.96210597302,-86.07171,10681.10960270618,10681.10960270618,False
2018-07-22 22:00:00+00:00,42073.0,30701.484222291427,30544.37509143205,157.10913,11371.515777708573,11371.515777708573,False
2018-07-22 23:00:00+00:00,40545.0,27544.181381770246,27399.585907527082,144.59547,13000.818618229754,13000.818618229754,False
2018-07-23 00:00:00+00:00,39808.0,25411.921147096316,25319.743557679813,92.17759,14396.078852903684,14396.078852903684,False
2018-07-23 01:00:00+00:00,39810.0,24399.127965940304,24189.899953855343,209.22801,15410.872034059696,15410.872034059696,False
2018-07-23 02:00:00+00:00,41238.0,24427.37479589888,24089.884744629348,337.49005,16810.62520410112,16810.62520410112,False
2018-07-23 03:00:00+00:00,44383.0,25860.461561212436,24775.130018243686,1085.3315,18522.538438787564,18522.538438787564,False
2018-07-23 04:00:00+00:00,52339.0,28162.261432504336,26099.37349305121,2062.888,24176.738567495664,24176.738567495664,False
2018-07-23 05:00:00+00:00,59527.0,28809.106999298725,28761.621121308002,47.485878,30717.893000701275,30717.893000701275,False
2018-07-23 06:00:00+00:00,63453.0,32383.79665352183,32665.107932818704,-281.31128,31069.20334647817,31069.20334647817,False
2018-07-23 07:00:00+00:00,64579.0,35625.02068671388,35952.92538031739,-327.9047,28953.979313286123,28953.979313286123,False
2018-07-23 08:00:00+00:00,66047.0,38513.497518621225,38379.31949432923,134.17802,27533.502481378775,27533.502481378775,False
2018-07-23 09:00:00+00:00,67646.0,40286.5463908406,40173.855930635524,112.69046,27359.4536091594,27359.4536091594,False
2018-07-23 10:00:00+00:00,67520.0,41800.11565982613,41601.808622472614,198.30704,25719.88434017387,25719.88434017387,False
2018-07-23 11:00:00+00:00,66797.0,41592.144839132474,41428.118761861966,164.02608,25204.855160867526,25204.855160867526,False
2018-07-23 12:00:00+00:00,65371.0,39768.86469780433,40149.86604057777,-381.00134,25602.135302195667,25602.135302195667,False
2018-07-23 13:00:00+00:00,64490.0,38641.749754711294,39111.81588630309,-470.06613,25848.250245288706,25848.250245288706,False
2018-07-23 14:00:00+00:00,63042.0,38578.61126101676,38968.059442169106,-389.44818,24463.388738983238,24463.388738983238,False
2018-07-23 15:00:00+00:00,62775.0,40338.46318946363,40599.51616797926,-261.05298,22436.536810536367,22436.536810536367,False
2018-07-23 16:00:00+00:00,62400.0,42963.78860090859,43118.48835371621,-154.69975,19436.211399091408,19436.211399091408,False
2018-07-23 17:00:00+00:00,61381.0,42778.27491886768,42838.55856068287,-60.28364,18602.725081132317,18602.725081132317,False
2018-07-23 18:00:00+00:00,59113.0,40996.364155991854,41043.854264481844,-47.49011,18116.635844008146,18116.635844008146,False
2018-07-23 19:00:00+00:00,56875.0,37248.29018708794,37618.559840408256,-370.26965,19626.709812912057,19626.709812912057,False
2018-07-23 20:00:00+00:00,54971.0,34430.72544037607,35166.97165619638,-736.2462,20540.274559623933,20540.274559623933,False
2018-07-23 21:00:00+00:00,50428.0,33847.06281793004,33860.5142511118,-13.451433,16580.93718206996,16580.93718206996,False
2018-07-23 22:00:00+00:00,46724.0,30606.4144497056,30460.927236570835,145.48721,16117.5855502944,16117.5855502944,False
2018-07-23 23:00:00+00:00,44708.0,27366.629069053804,27316.138052665865,50.491016,17341.370930946196,17341.370930946196,False
2018-07-24 00:00:00+00:00,43586.0,25252.203901175224,25236.295702818596,15.908198,18333.796098824776,18333.796098824776,False
2018-07-24 01:00:00+00:00,43539.0,24127.605226664415,24106.452098994127,21.153128,19411.394773335585,19411.394773335585,False
2018-07-24 02:00:00+00:00,44544.0,24082.70050823737,24006.43688976813,76.26362,20461.29949176263,20461.29949176263,False
2018-07-24 03:00:00+00:00,47269.0,25017.45673003286,24691.68216338247,325.77457,22251.54326996714,22251.54326996714,False
2018-07-24 04:00:00+00:00,54005.0,26569.148477545463,26015.925638189994,553.22284,27435.851522454537,27435.851522454537,False
2018-07-24 05:00:00+00:00,60404.0,28695.295170819954,28678.173266446785,17.121904,31708.704829180046,31708.704829180046,False
2018-07-24 06:00:00+00:00,64303.0,32332.7892436069,32581.660077957487,-248.87083,31970.2107563931,31970.2107563931,False
2018-07-24 07:00:00+00:00,65598.0,35524.71003888391,35869.477525456175,-344.7675,30073.28996111609,30073.28996111609,False
2018-07-24 08:00:00+00:00,67150.0,38345.26490805322,38295.871639468016,49.39327,28804.73509194678,28804.73509194678,False
2018-07-24 09:00:00+00:00,68711.0,40140.46148535072,40090.40807577431,50.05341,28570.538514649277,28570.538514649277,False
2018-07-24 10:00:00+00:00,68184.0,41591.79680276765,41518.3607676114,73.436035,26592.203197232353,26592.203197232353,False
2018-07-24 11:00:00+00:00,67243.0,41409.41282747194,41344.67090700075,64.74192,25833.58717252806,25833.58717252806,False
2018-07-24 12:00:00+00:00,65974.0,40021.16383314697,40066.41818571655,-45.254353,25952.836166853027,25952.836166853027,False
2018-07-24 13:00:00+00:00,65098.0,38862.835453927226,39028.368031441874,-165.53258,26235.164546072774,26235.164546072774,False
2018-07-24 14:00:00+00:00,64076.0,38755.03909280105,38884.61158730789,-129.5725,25320.960907198947,25320.960907198947,False
2018-07-24 15:00:00+00:00,63665.0,40449.789275642455,40516.06831311804,-66.27904,23215.210724357545,23215.210724357545,False
2018-07-24 16:00:00+00:00,62910.0,43010.51403439271,43035.04049885499,-24.526464,19899.485965607288,19899.485965607288,False
2018-07-24 17:00:00+00:00,62177.0,42771.901772945064,42755.11070582165,16.791067,19405.098227054936,19405.098227054936,False
2018-07-24 18:00:00+00:00,59957.0,41001.13447892605,40960.40640962063,40.72807,18955.865521073953,18955.865521073953,False
2018-07-24 19:00:00+00:00,57984.0,37520.92747054765,37535.11198554704,-14.184515,20463.07252945235,20463.07252945235,False
2018-07-24 20:00:00+00:00,55766.0,34792.725095280475,35083.52380133516,-290.7987,20973.274904719525,20973.274904719525,False
2018-07-24 21:00:00+00:00,51337.0,33703.85591651426,33777.066396250586,-73.21048,17633.144083485742,17633.144083485742,False
2018-07-24 22:00:00+00:00,48520.0,30422.27970138125,30377.479381709618,44.80032,18097.72029861875,18097.72029861875,False
2018-07-24 23:00:00+00:00,46013.0,27241.670019009787,27232.690197804648,8.979821,18771.329980990213,18771.329980990213,False
2018-07-25 00:00:00+00:00,44877.0,25169.969752330548,25152.84784795738,17.121904,19707.030247669452,19707.030247669452,False
2018-07-25 01:00:00+00:00,44841.0,24040.12614850608,24023.00424413291,17.121904,20800.87385149392,20800.87385149392,False
2018-07-25 02:00:00+00:00,45691.0,23969.180826441338,23922.989034906914,46.19179,21721.819173558662,21721.819173558662,False
2018-07-25 03:00:00+00:00,48279.0,24930.717615406018,24608.234308521252,322.4833,23348.282384593982,23348.282384593982,False
2018-07-25 04:00:00+00:00,55368.0,26468.585937625652,25932.477783328777,536.10815,28899.414062374348,28899.414062374348,False
2018-07-25 05:00:00+00:00,61382.0,28586.61755674243,28594.72541158557,-8.107855,32795.38244325757,32795.38244325757,False
2018-07-25 06:00:00+00:00,64700.0,32279.393787427325,32498.21222309627,-218.81844,32420.606212572675,32420.606212572675,False
2018-07-25 07:00:00+00:00,66496.0,35522.52234637621,35786.02967059496,-263.50732,30973.47765362379,30973.47765362379,False
2018-07-25 08:00:00+00:00,68428.0,38258.27859341417,38212.4237846068,45.85481,30169.721406585828,30169.721406585828,False
2018-07-25 09:00:00+00:00,70121.0,40063.59671459595,40006.96022091309,56.636494,30057.40328540405,30057.40328540405,True
2018-07-25 10:00:00+00:00,69605.0,41512.576342010434,41434.91291275018,77.66343,28092.423657989566,28092.423657989566,True
2018-07-25 11:00:00+00:00,68721.0,41319.85275184656,41261.22305213953,58.6297,27401.147248153437,27401.147248153437,False
2018-07-25 12:00:00+00:00,67214.0,39959.802909514394,39982.970330855336,-23.167421,27254.197090485606,27254.197090485606,False
2018-07-25 13:00:00+00:00,66038.0,38802.68686969589,38944.92017658066,-142.2333,27235.31313030411,27235.31313030411,False
2018-07-25 14:00:00+00:00,64817.0,38677.775419153215,38801.16373244667,-123.38831,26139.224580846785,26139.224580846785,False
2018-07-25 15:00:00+00:00,63601.0,40360.617528569324,40432.620458256824,-72.00293,23240.382471430676,23240.382471430676,False
2018-07-25 16:00:00+00:00,63270.0,42925.143036144655,42951.592643993776,-26.449608,20344.856963855345,20344.856963855345,False
2018-07-25 17:00:00+00:00,62687.0,42675.982342823685,42671.662850960434,4.319492,20011.017657176315,20011.017657176315,False
2018-07-25 18:00:00+00:00,60436.0,40896.45562125721,40876.95855475941,19.497066,19539.544378742787,19539.544378742787,False
2018-07-25 19:00:00+00:00,58462.0,37454.18235802461,37451.66413068582,2.5182273,21007.817641975387,21007.817641975387,False
2018-07-25 20:00:00+00:00,56147.0,34813.42921795832,35000.075946473946,-186.64673,21333.57078204168,21333.57078204168,False
2018-07-25 21:00:00+00:00,52042.0,33677.28211179342,33693.61854138937,-16.33643,18364.71788820658,18364.71788820658,False
2018-07-25 22:00:00+00:00,48260.0,30324.87979726466,30294.0315268484,30.84827,17935.12020273534,17935.12020273534,False
2018-07-25 23:00:00+00:00,46415.0,27153.4945125525,27149.24234294343,4.2521696,19261.5054874475,19261.5054874475,False
2018-07-26 00:00:00+00:00,45033.0,25082.85045353012,25069.39999309616,13.45046,19950.14954646988,19950.14954646988,False
2018-07-26 01:00:00+00:00,44908.0,23956.67829364486,23939.556389271693,17.121904,20951.32170635514,20951.32170635514,False
2018-07-26 02:00:00+00:00,45742.0,23870.655910880658,23839.541180045697,31.11473,21871.344089119342,21871.344089119342,False
2018-07-26 03:00:00+00:00,48163.0,24810.79481547644,24524.786453660035,286.00836,23352.20518452356,23352.20518452356,False
2018-07-26 04:00:00+00:00,54830.0,26353.007253907013,25849.02992846756,503.97733,28476.992746092987,28476.992746092987,False
2018-07-26 05:00:00+00:00,61184.0,28515.45972091655,28511.27755672435,4.182164,32668.54027908345,32668.54027908345,False
2018-07-26 06:00:00+00:00,64759.0,32218.80802363056,32414.764368235054,-195.95634,32540.19197636944,32540.19197636944,False
2018-07-26 07:00:00+00:00,66724.0,35411.37209893687,35702.58181573374,-291.20972,31312.627901063133,31312.627901063133,False
2018-07-26 08:00:00+00:00,68132.0,38161.92608691111,38128.97592974558,32.950157,29970.07391308889,29970.07391308889,False
2018-07-26 09:00:00+00:00,69853.0,39977.48815035363,39923.51236605187,53.975784,29875.51184964637,29875.51184964637,True
2018-07-26 10:00:00+00:00,69157.0,41423.33152822588,41351.46505788896,71.86647,27733.668471774123,27733.668471774123,False
2018-07-26 11:00:00+00:00,68230.0,41229.9968960393,41177.775197278315,52.2217,27000.0031039607,27000.0031039607,False
2018-07-26 12:00:00+00:00,67034.0,39877.011293209085,39899.52247599412,-22.511183,27156.988706790915,27156.988706790915,False
2018-07-26 13:00:00+00:00,66316.0,38682.29359552315,38861.47232171944,-179.17873,27633.70640447685,27633.70640447685,False
2018-07-26 14:00:00+00:00,65057.0,38550.77485280518,38717.715877585455,-166.94102,26506.22514719482,26506.22514719482,False
2018-07-26 15:00:00+00:00,64278.0,40254.854610231545,40349.17260339561,-94.31799,24023.145389768455,24023.145389768455,False
2018-07-26 16:00:00+00:00,63443.0,42826.43605652758,42868.14478913256,-41.708733,20616.56394347242,20616.56394347242,False
2018-07-26 17:00:00+00:00,62691.0,42586.93390345548,42588.21499609922,-1.2810926,20104.06609654452,20104.06609654452,False
2018-07-26 18:00:00+00:00,61037.0,40812.7168804707,40793.510699898194,19.20618,20224.283119529297,20224.283119529297,False
2018-07-26 19:00:00+00:00,58883.0,37376.75993217379,37368.216275824605,8.543656,21506.240067826213,21506.240067826213,False
2018-07-26 20:00:00+00:00,56640.0,34799.49598864642,34916.62809161273,-117.1321,21840.50401135358,21840.50401135358,False
2018-07-26 21:00:00+00:00,51931.0,33627.29259090132,33610.17068652815,17.121904,18303.70740909868,18303.70740909868,False
2018-07-26 22:00:00+00:00,48961.0,30205.03516525043,30210.583671987184,-5.5485067,18755.96483474957,18755.96483474957,False
2018-07-26 23:00:00+00:00,46865.0,27037.20380128412,27065.794488082214,-28.590687,19827.79619871588,19827.79619871588,False
2018-07-27 00:00:00+00:00,45438.0,24966.549767782064,24985.952138234945,-19.40237,20471.450232217936,20471.450232217936,False
2018-07-27 01:00:00+00:00,45088.0,23857.32319279003,23856.108534410476,1.2146584,21230.67680720997,21230.67680720997,False
2018-07-27 02:00:00+00:00,45886.0,23777.02084784378,23756.09332518448,20.927523,22108.97915215622,22108.97915215622,False
2018-07-27 03:00:00+00:00,48606.0,24671.88905961425,24441.33859879882,230.55046,23934.11094038575,23934.11094038575,False
2018-07-27 04:00:00+00:00,55288.0,26262.485210813375,25765.582073606343,496.90314,29025.514789186625,29025.514789186625,False
2018-07-27 05:00:00+00:00,61293.0,28444.951606236304,28427.829701863135,17.121904,32848.0483937637,32848.0483937637,False
2018-07-27 06:00:00+00:00,64947.0,32161.64993317364,32331.316513373837,-169.66658,32785.35006682636,32785.35006682636,False
2018-07-27 07:00:00+00:00,66853.0,35399.899921565884,35619.133960872525,-219.23404,31453.100078434116,31453.100078434116,False
2018-07-27 08:00:00+00:00,68148.0,37979.78829827304,38045.528074884365,-65.73978,30168.211701726963,30168.211701726963,False
2018-07-27 09:00:00+00:00,69103.0,39715.22859657884,39840.064511190656,-124.835915,29387.77140342116,29387.77140342116,False
2018-07-27 10:00:00+00:00,68315.0,41063.9621645756,41268.017203027746,-204.05504,27251.037835424402,27251.037835424402,False
2018-07-27 11:00:00+00:00,67093.0,40909.44332447276,41094.3273424171,-184.88402,26183.556675527238,26183.556675527238,False
2018-07-27 12:00:00+00:00,65369.0,39745.498266152434,39816.0746211329,-70.576355,25623.501733847566,25623.501733847566,False
2018-07-27 13:00:00+00:00,64315.0,38737.59518753083,38778.02446685822,-40.42928,25577.40481246917,25577.40481246917,False
2018-07-27 14:00:00+00:00,63413.0,38548.01162929162,38634.26802272424,-86.25639,24864.98837070838,24864.98837070838,False
2018-07-27 15:00:00+00:00,62967.0,40166.71562377853,40265.72474853439,-99.009125,22800.28437622147,22800.28437622147,False
2018-07-27 16:00:00+00:00,62409.0,42715.871609259135,42784.69693427134,-68.825325,19693.128390740865,19693.128390740865,False
2018-07-27 17:00:00+00:00,61336.0,42459.9162730129,42504.767141238,-44.85087,18876.083726987097,18876.083726987097,False
2018-07-27 18:00:00+00:00,58944.0,40679.525920674794,40710.06284503698,-30.536924,18264.474079325206,18264.474079325206,False
2018-07-27 19:00:00+00:00,56223.0,37334.28956583033,37284.76842096339,49.521145,18888.71043416967,18888.71043416967,False
2018-07-27 20:00:00+00:00,53636.0,34918.40077965923,34833.18023675151,85.22054,18717.599220340773,18717.599220340773,False
2018-07-27 21:00:00+00:00,50730.0,33633.95648950385,33526.722831666935,107.23366,17096.04351049615,17096.04351049615,False
2018-07-27 22:00:00+00:00,47738.0,30093.018560961416,30127.135817125967,-34.117256,17644.981439038584,17644.981439038584,False
2018-07-27 23:00:00+00:00,45421.0,26842.585158611622,26982.346633220997,-139.76147,18578.414841388378,18578.414841388378,False
2018-07-28 00:00:00+00:00,44333.0,24733.73224968232,24902.504283373728,-168.77203,19599.26775031768,19599.26775031768,False
2018-07-28 01:00:00+00:00,43515.0,23468.264134139103,23772.66067954926,-304.39655,20046.735865860897,20046.735865860897,False
2018-07-28 02:00:00+00:00,42851.0,23123.032982530294,23672.645470323263,-549.6125,19727.967017469706,19727.967017469706,False
2018-07-28 03:00:00+00:00,43197.0,22806.187252726664,24357.8907439376,-1551.7035,20390.812747273336,20390.812747273336,False
2018-07-28 04:00:00+00:00,44925.0,22687.523378901376,25682.134218745126,-2994.6108,22237.476621098624,22237.476621098624,False
2018-07-28 05:00:00+00:00,48675.0,28628.221202470668,28344.381847001918,283.83936,20046.778797529332,20046.778797529332,False
2018-07-28 06:00:00+00:00,52002.0,33427.14209601262,32247.86865851262,1179.2734,18574.85790398738,18574.85790398738,False
2018-07-28 07:00:00+00:00,55295.0,36610.45221929256,35535.68610601131,1074.7661,18684.547780707442,18684.547780707442,False
2018-07-28 08:00:00+00:00,56738.0,37407.41170195674,37962.08022002315,-554.6685,19330.588298043258,19330.588298043258,False
2018-07-28 09:00:00+00:00,57207.0,39696.77974608164,39756.61665632944,-59.83691,17510.220253918364,17510.220253918364,False
2018-07-28 10:00:00+00:00,56793.0,41135.20504839236,41184.56934816653,-49.3643,15657.79495160764,15657.79495160764,False
2018-07-28 11:00:00+00:00,55022.0,40729.71157984104,41010.87948755588,-281.1679,14292.288420158962,14292.288420158962,False
2018-07-28 12:00:00+00:00,53571.0,39878.45861441622,39732.626766271685,145.83185,13692.541385583783,13692.541385583783,False
2018-07-28 13:00:00+00:00,53062.0,38859.35474920404,38694.57661199701,164.77814,14202.645250795962,14202.645250795962,False
2018-07-28 14:00:00+00:00,52720.0,38938.844856583724,38550.82016786302,388.0247,13781.155143416276,13781.155143416276,False
2018-07-28 15:00:00+00:00,52519.0,40508.344093380205,40182.27689367317,326.0672,12010.655906619795,12010.655906619795,False
2018-07-28 16:00:00+00:00,52260.0,42846.39730328708,42701.249079410125,145.14822,9413.602696712922,9413.602696712922,False
2018-07-28 17:00:00+00:00,51542.0,42506.13949206526,42421.31928637678,84.820206,9035.86050793474,9035.86050793474,False
2018-07-28 18:00:00+00:00,49582.0,40809.86596673826,40626.61499017576,183.25098,8772.13403326174,8772.13403326174,False
2018-07-28 19:00:00+00:00,48113.0,37571.7207736217,37201.32056610217,370.4002,10541.279226378298,10541.279226378298,False
2018-07-28 20:00:00+00:00,47451.0,35287.48341948795,34749.732381890295,537.75104,12163.516580512049,12163.516580512049,False
2018-07-28 21:00:00+00:00,44087.0,33614.474882201226,33443.27497680572,171.1999,10472.525117798774,10472.525117798774,False
2018-07-28 22:00:00+00:00,41053.0,30003.325581283305,30043.68796226475,-40.36238,11049.674418716695,11049.674418716695,False
2018-07-28 23:00:00+00:00,39588.0,26823.559720437417,26898.89877835978,-75.33906,12764.440279562583,12764.440279562583,False
2018-07-29 00:00:00+00:00,38269.0,24715.80520017999,24819.05642851251,-103.25123,13553.194799820008,13553.194799820008,False
2018-07-29 01:00:00+00:00,37929.0,23434.64040647515,23689.212824688042,-254.57242,14494.359593524849,14494.359593524849,False
2018-07-29 02:00:00+00:00,37580.0,23207.62742503236,23589.197615462046,-381.5702,14372.372574967641,14372.372574967641,False
2018-07-29 03:00:00+00:00,37375.0,23098.36696134201,24274.442889076385,-1176.0759,14276.63303865799,14276.63303865799,False
2018-07-29 04:00:00+00:00,37554.0,23080.397545524535,25598.68636388391,-2518.2888,14473.602454475465,14473.602454475465,False
2018-07-29 05:00:00+00:00,39679.0,28310.00635694783,28260.9339921407,49.072365,11368.99364305217,11368.99364305217,False
2018-07-29 06:00:00+00:00,42752.0,32631.45391522367,32164.420803651403,467.0331,10120.546084776332,10120.546084776332,False
2018-07-29 07:00:00+00:00,45583.0,36137.049713552435,35452.23825115009,684.81146,9445.950286447565,9445.950286447565,False
2018-07-29 08:00:00+00:00,47317.0,37912.404208118474,37878.63236516193,33.771843,9404.595791881526,9404.595791881526,False
2018-07-29 09:00:00+00:00,49453.0,40153.70673481783,39673.16880146822,480.53793,9299.293265182168,9299.293265182168,False
2018-07-29 10:00:00+00:00,49224.0,41019.823695148574,41101.12149330531,-81.2978,8204.176304851426,8204.176304851426,False
2018-07-29 11:00:00+00:00,47833.0,40648.03560608334,40927.431632694665,-279.39603,7184.9643939166635,7184.9643939166635,False
2018-07-29 12:00:00+00:00,47044.0,39858.566011630195,39649.17891141047,209.3871,7185.433988369805,7185.433988369805,False
2018-07-29 13:00:00+00:00,46351.0,38810.0719639229,38611.12875713579,198.9432,7540.928036077101,7540.928036077101,False
2018-07-29 14:00:00+00:00,46262.0,38843.02767799204,38467.372313001804,375.65536,7418.972322007961,7418.972322007961,False
2018-07-29 15:00:00+00:00,47248.0,40697.81976146821,40098.82903881196,598.9907,6550.180238531793,6550.180238531793,False
2018-07-29 16:00:00+00:00,48004.0,43204.84413226375,42617.80122454891,587.0429,4799.155867736248,4799.155867736248,False
2018-07-29 17:00:00+00:00,48237.0,42944.888704464785,42337.87143151557,607.0173,5292.111295535215,5292.111295535215,False
2018-07-29 18:00:00+00:00,48278.0,41310.24623687704,40543.16713531454,767.0791,6967.753763122957,6967.753763122957,False
2018-07-29 19:00:00+00:00,48805.0,37886.73349004955,37117.872711240954,768.8608,10918.266509950452,10918.266509950452,False
2018-07-29 20:00:00+00:00,49231.0,34987.160869802516,34666.28452702908,320.87634,14243.839130197484,14243.839130197484,False
2018-07-29 21:00:00+00:00,46372.0,33290.844303340986,33359.8271219445,-68.98282,13081.155696659014,13081.155696659014,False
2018-07-29 22:00:00+00:00,43855.0,29991.4884785278,29960.240107403533,31.248371,13863.5115214722,13863.5115214722,False
2018-07-29 23:00:00+00:00,42142.0,26885.43764835208,26815.450923498563,69.986725,15256.56235164792,15256.56235164792,False
2018-07-30 00:00:00+00:00,41173.0,24751.46745750902,24735.608573651294,15.858884,16421.53254249098,16421.53254249098,False
2018-07-30 01:00:00+00:00,41277.0,23772.805298806317,23605.764969826825,167.04033,17504.194701193683,17504.194701193683,False
2018-07-30 02:00:00+00:00,41913.0,23809.188694927,23505.74976060083,303.43893,18103.811305073,18103.811305073,False
2018-07-30 03:00:00+00:00,45120.0,25141.81858157845,24190.995034215168,950.82355,19978.18141842155,19978.18141842155,False
2018-07-30 04:00:00+00:00,52520.0,27375.198592030505,25515.238509022693,1859.9601,25144.801407969495,25144.801407969495,False
2018-07-30 05:00:00+00:00,58449.0,28264.182456859562,28177.486137279484,86.69632,30184.817543140438,30184.817543140438,False
2018-07-30 06:00:00+00:00,62435.0,31820.03422808706,32080.972948790186,-260.93872,30614.96577191294,30614.96577191294,False
2018-07-30 07:00:00+00:00,64292.0,35060.27803666973,35368.790396288874,-308.51236,29231.721963330267,29231.721963330267,False
2018-07-30 08:00:00+00:00,65763.0,37919.448975632746,37795.184510300714,124.264465,27843.551024367254,27843.551024367254,False
2018-07-30 09:00:00+00:00,67171.0,39722.16241389216,39589.720946607005,132.44147,27448.83758610784,27448.83758610784,False
2018-07-30 10:00:00+00:00,67217.0,41229.46363173023,41017.673638444096,211.79,25987.53636826977,25987.53636826977,False
2018-07-30 11:00:00+00:00,66742.0,40997.32874853657,40843.98377783345,153.34497,25744.671251463427,25744.671251463427,False
2018-07-30 12:00:00+00:00,65720.0,39197.17087588519,39565.73105654925,-368.56018,26522.82912411481,26522.82912411481,False
2018-07-30 13:00:00+00:00,64785.0,38069.30916765543,38527.68090227457,-458.37173,26715.690832344568,26715.690832344568,False
2018-07-30 14:00:00+00:00,63488.0,37994.026539439416,38383.92445814059,-389.89792,25493.973460560584,25493.973460560584,False
2018-07-30 15:00:00+00:00,62838.0,39737.12852892144,40015.38118395074,-278.25266,23100.871471078557,23100.871471078557,False
2018-07-30 16:00:00+00:00,62122.0,42357.39456841816,42534.35336968769,-176.9588,19764.60543158184,19764.60543158184,False
2018-07-30 17:00:00+00:00,61603.0,42201.068813623344,42254.42357665435,-53.354763,19401.931186376656,19401.931186376656,False
2018-07-30 18:00:00+00:00,58944.0,40440.51408407271,40459.719280453326,-19.205196,18503.48591592729,18503.48591592729,False
2018-07-30 19:00:00+00:00,57389.0,36777.802969172706,37034.42485637974,-256.6219,20611.197030827294,20611.197030827294,False
2018-07-30 20:00:00+00:00,55515.0,33990.136904101455,34582.83667216786,-592.69977,21524.863095898545,21524.863095898545,False
2018-07-30 21:00:00+00:00,50883.0,33178.9153770076,33276.379267083285,-97.46389,17704.0846229924,17704.0846229924,False
2018-07-30 22:00:00+00:00,47926.0,30046.183854104816,29876.792252542316,169.3916,17879.816145895184,17879.816145895184,False
2018-07-30 23:00:00+00:00,46167.0,26740.749544810747,26732.003068637347,8.746476,19426.250455189253,19426.250455189253,False
2018-07-31 00:00:00+00:00,44929.0,24624.255908838295,24652.160718790077,-27.90481,20304.744091161705,20304.744091161705,False
2018-07-31 01:00:00+00:00,44747.0,23513.973857061555,23522.31711496561,-8.343258,21233.026142938445,21233.026142938445,False
2018-07-31 02:00:00+00:00,45402.0,23474.83389579088,23422.301905739612,52.53199,21927.16610420912,21927.16610420912,False
2018-07-31 03:00:00+00:00,47886.0,24348.8357535727,24107.54717935395,241.28857,23537.1642464273,23537.1642464273,False
2018-07-31 04:00:00+00:00,54136.0,25913.07718370249,25431.790654161476,481.28653,28222.92281629751,28222.92281629751,False
2018-07-31 05:00:00+00:00,60132.0,28157.00867273809,28094.038282418267,62.97039,31974.99132726191,31974.99132726191,False
2018-07-31 06:00:00+00:00,64142.0,31807.026970760024,31997.52509392897,-190.49812,32334.973029239976,32334.973029239976,False
2018-07-31 07:00:00+00:00,65936.0,34963.06727287297,35285.34254142766,-322.27527,30972.93272712703,30972.93272712703,False
2018-07-31 08:00:00+00:00,67687.0,37771.29867860234,37711.7366554395,59.562023,29915.70132139766,29915.70132139766,False
2018-07-31 09:00:00+00:00,69112.0,39568.85968537372,39506.27309174579,62.586594,29543.140314626282,29543.140314626282,False
2018-07-31 10:00:00+00:00,68446.0,41023.812758680535,40934.22578358288,89.586975,27422.187241319465,27422.187241319465,False
2018-07-31 11:00:00+00:00,67798.0,40861.88485333112,40760.53592297223,101.34893,26936.115146668883,26936.115146668883,False
2018-07-31 12:00:00+00:00,66526.0,39451.28467416118,39482.283201688035,-30.998528,27074.71532583882,27074.71532583882,False
2018-07-31 13:00:00+00:00,65499.0,38244.64181511355,38444.233047413356,-199.59123,27254.35818488645,27254.35818488645,False
2018-07-31 14:00:00+00:00,64524.0,38124.90250659968,38300.47660327937,-175.5741,26399.097493400317,26399.097493400317,False
2018-07-31 15:00:00+00:00,63713.0,39811.08045433366,39931.93332908952,-120.852875,23901.919545666336,23901.919545666336,False
2018-07-31 16:00:00+00:00,63311.0,42389.528687586484,42450.905514826474,-61.376827,20921.471312413516,20921.471312413516,False
2018-07-31 17:00:00+00:00,62282.0,42172.71376688953,42170.97572179313,1.7380451,20109.28623311047,20109.28623311047,False
2018-07-31 18:00:00+00:00,59871.0,40410.08683620612,40376.27142559211,33.81541,19460.913163793877,19460.913163793877,False
2018-07-31 19:00:00+00:00,58034.0,36896.84679827145,36950.97700151852,-54.130203,21137.15320172855,21137.15320172855,False
2018-07-31 20:00:00+00:00,55599.0,34197.29354142774,34499.388817306644,-302.09528,21401.706458572262,21401.706458572262,False
2018-07-31 21:00:00+00:00,51435.0,33119.9955449125,33192.93141222207,-72.93587,18315.004455087503,18315.004455087503,False
2018-07-31 22:00:00+00:00,48108.0,29862.65112222944,29793.3443976811,69.306725,18245.34887777056,18245.34887777056,False
2018-07-31 23:00:00+00:00,46519.0,26639.59109005024,26648.55521377613,-8.964124,19879.40890994976,19879.40890994976,False
2018-08-01 00:00:00+00:00,45568.0,24570.58552993018,24568.71286392886,1.872666,20997.41447006982,20997.41447006982,False
2018-08-01 01:00:00+00:00,45610.0,23458.648177417013,23438.86926010439,19.778917,22151.351822582987,22151.351822582987,False
2018-08-01 02:00:00+00:00,46382.0,23396.512376073708,23338.854050878395,57.658325,22985.487623926292,22985.487623926292,False
2018-08-01 03:00:00+00:00,49127.0,24371.02339675836,24024.099324492734,346.92407,24755.97660324164,24755.97660324164,False
2018-08-01 04:00:00+00:00,55436.0,25928.89339744479,25348.34279930026,580.5506,29507.10660255521,29507.10660255521,False
2018-08-01 05:00:00+00:00,60833.0,27950.30921951872,28010.59042755705,-60.281208,32882.69078048128,32882.69078048128,False
2018-08-01 06:00:00+00:00,61265.0,31718.97849944373,31914.077239067752,-195.09874,29546.02150055627,29546.02150055627,False
2018-08-01 07:00:00+00:00,63675.0,35084.67629514798,35201.89468656644,-117.21839,28590.323704852017,28590.323704852017,False
2018-08-01 08:00:00+00:00,67054.0,37669.78041205899,37628.28880057828,41.49161,29384.219587941006,29384.219587941006,False
2018-08-01 09:00:00+00:00,68830.0,39458.46379431865,39422.82523688457,35.638557,29371.536205681346,29371.536205681346,False
2018-08-01 10:00:00+00:00,67706.0,40923.42828882908,40850.77792872166,72.65036,26782.571711170916,26782.571711170916,False
2018-08-01 11:00:00+00:00,66077.0,40744.99122820623,40677.088068111014,67.90316,25332.00877179377,25332.00877179377,False
2018-08-01 12:00:00+00:00,66071.0,39415.95725119999,39398.83534682682,17.121904,26655.042748800013,26655.042748800013,False
2018-08-01 13:00:00+00:00,64805.0,38229.66296965175,38360.78519255214,-131.12222,26575.33703034825,26575.33703034825,False
2018-08-01 14:00:00+00:00,63396.0,38075.34980859882,38217.02874841815,-141.67894,25320.650191401182,25320.650191401182,False
2018-08-01 15:00:00+00:00,62885.0,39795.97769606058,39848.485474228306,-52.50778,23089.02230393942,23089.02230393942,False
2018-08-01 16:00:00+00:00,62292.0,42371.067463403444,42367.45765996526,3.6098034,19920.932536596556,19920.932536596556,False
2018-08-01 17:00:00+00:00,61241.0,42108.69019374466,42087.527866931916,21.162327,19132.30980625534,19132.30980625534,False
2018-08-01 18:00:00+00:00,58978.0,40326.107033255306,40292.82357073089,33.283463,18651.892966744694,18651.892966744694,False
2018-08-01 19:00:00+00:00,57932.0,36770.375292287186,36867.5291466573,-97.153854,21161.624707712814,21161.624707712814,False
2018-08-01 20:00:00+00:00,55684.0,34076.357039105584,34415.94096244543,-339.58392,21607.642960894416,21607.642960894416,False
2018-08-01 21:00:00+00:00,51555.0,33012.75275291749,33109.48355736085,-96.730804,18542.24724708251,18542.24724708251,False
2018-08-01 22:00:00+00:00,48015.0,29765.313054355527,29709.896542819883,55.41651,18249.686945644473,18249.686945644473,False
2018-08-01 23:00:00+00:00,45934.0,26565.75597385794,26565.107358914913,0.64861494,19368.24402614206,19368.24402614206,False
2018-08-02 00:00:00+00:00,44993.0,24488.40059604465,24485.265009067643,3.135587,20504.59940395535,20504.59940395535,False
2018-08-02 01:00:00+00:00,45158.0,23361.14614956309,23355.421405243174,5.7247443,21796.85385043691,21796.85385043691,False
2018-08-02 02:00:00+00:00,45906.0,23281.53487910739,23255.40619601718,26.128683,22624.46512089261,22624.46512089261,False
2018-08-02 03:00:00+00:00,48985.0,24187.10813467058,23940.651469631517,246.45667,24797.89186532942,24797.89186532942,False
2018-08-02 04:00:00+00:00,55064.0,25812.196824321854,25264.894944439042,547.3019,29251.803175678146,29251.803175678146,False
2018-08-02 05:00:00+00:00,60634.0,27918.776804263216,27927.142572695833,-8.365768,32715.223195736784,32715.223195736784,False
2018-08-02 06:00:00+00:00,63971.0,31651.92908208251,31830.629384206535,-178.7003,32319.07091791749,32319.07091791749,False
2018-08-02 07:00:00+00:00,65351.0,34896.989953043114,35118.44683170522,-221.45688,30454.010046956886,30454.010046956886,False
2018-08-02 08:00:00+00:00,67090.0,37574.26278829214,37544.840945717064,29.421843,29515.737211707863,29515.737211707863,False
2018-08-02 09:00:00+00:00,68243.0,39397.78359387638,39339.377382023355,58.40621,28845.216406123618,28845.216406123618,False
2018-08-02 10:00:00+00:00,67476.0,40843.2994494708,40767.330073860445,75.969376,26632.700550529204,26632.700550529204,False
2018-08-02 11:00:00+00:00,66978.0,40648.58923363554,40593.6402132498,54.94902,26329.41076636446,26329.41076636446,False
2018-08-02 12:00:00+00:00,65848.0,39278.76030232937,39315.3874919656,-36.62719,26569.23969767063,26569.23969767063,False
2018-08-02 13:00:00+00:00,65350.0,38108.50098820362,38277.33733769092,-168.83635,27241.499011796383,27241.499011796383,False
2018-08-02 14:00:00+00:00,64237.0,37968.76653198467,38133.58089355694,-164.81436,26268.23346801533,26268.23346801533,False
2018-08-02 15:00:00+00:00,63657.0,39681.05193211123,39765.03761936709,-83.98569,23975.94806788877,23975.94806788877,False
2018-08-02 16:00:00+00:00,63072.0,42282.780288717055,42284.00980510404,-1.2295164,20789.219711282945,20789.219711282945,False
2018-08-02 17:00:00+00:00,61837.0,42023.609133469625,42004.0800120707,19.529121,19813.390866530375,19813.390866530375,False
2018-08-02 18:00:00+00:00,59328.0,40245.8304811895,40209.375715869675,36.454765,19082.1695188105,19082.1695188105,False
2018-08-02 19:00:00+00:00,58269.0,36797.70132601392,36784.08129179609,13.620034,21471.29867398608,21471.29867398608,False
2018-08-02 20:00:00+00:00,55940.0,34136.4168136389,34332.49310758421,-196.0763,21803.583186361102,21803.583186361102,False
2018-08-02 21:00:00+00:00,51701.0,33038.622941765076,33026.035702499634,12.587239,18662.377058234924,18662.377058234924,False
2018-08-02 22:00:00+00:00,48489.0,29633.534135746904,29626.448687958666,7.085448,18855.465864253096,18855.465864253096,False
2018-08-02 23:00:00+00:00,46174.0,26466.80754959355,26481.659504053696,-14.851954,19707.19245040645,19707.19245040645,False
2018-08-03 00:00:00+00:00,44804.0,24394.62981108585,24401.817154206426,-7.187343,20409.37018891415,20409.37018891415,False
2018-08-03 01:00:00+00:00,44888.0,23275.73610908061,23271.973550381957,3.7625587,21612.26389091939,21612.26389091939,False
2018-08-03 02:00:00+00:00,45863.0,23189.08024552913,23171.95834115596,17.121904,22673.91975447087,22673.91975447087,False
2018-08-03 03:00:00+00:00,48639.0,23979.44020992411,23857.2036147703,122.236595,24659.55979007589,24659.55979007589,False
2018-08-03 04:00:00+00:00,54843.0,25560.366736794622,25181.447089577825,378.91965,29282.633263205378,29282.633263205378,False
2018-08-03 05:00:00+00:00,60036.0,27849.296359012747,27843.694717834616,5.601641,32186.703640987253,32186.703640987253,False
2018-08-03 06:00:00+00:00,63951.0,31606.20997172813,31747.18152934532,-140.97156,32344.79002827187,32344.79002827187,False
2018-08-03 07:00:00+00:00,65473.0,34874.21794046705,35034.99897684401,-160.78104,30598.782059532947,30598.782059532947,False
2018-08-03 08:00:00+00:00,67177.0,37322.48110355116,37461.39309085585,-138.91199,29854.51889644884,29854.51889644884,False
2018-08-03 09:00:00+00:00,68301.0,39042.98206317288,39255.92952716214,-212.94746,29258.01793682712,29258.01793682712,False
2018-08-03 10:00:00+00:00,67637.0,40445.9599625295,40683.88221899923,-237.92226,27191.0400374705,27191.0400374705,False
2018-08-03 11:00:00+00:00,66176.0,40334.939672841705,40510.19235838858,-175.25269,25841.060327158295,25841.060327158295,False
2018-08-03 12:00:00+00:00,64818.0,39166.107285419814,39231.939637104384,-65.83235,25651.892714580186,25651.892714580186,False
2018-08-03 13:00:00+00:00,63613.0,38133.92630610241,38193.889482829705,-59.963177,25479.07369389759,25479.07369389759,False
2018-08-03 14:00:00+00:00,62333.0,37936.64726751652,38050.13303869572,-113.48577,24396.35273248348,24396.35273248348,False
2018-08-03 15:00:00+00:00,61838.0,39557.17261973048,39681.58976450587,-124.417145,22280.82738026952,22280.82738026952,False
2018-08-03 16:00:00+00:00,61084.0,42133.62136033804,42200.56195024282,-66.94059,18950.37863966196,18950.37863966196,False
2018-08-03 17:00:00+00:00,59840.0,41923.38058913049,41920.63215720948,2.748432,17916.619410869513,17916.619410869513,False
2018-08-03 18:00:00+00:00,57751.0,40156.67609861832,40125.92786100846,30.748238,17594.32390138168,17594.32390138168,False
2018-08-03 19:00:00+00:00,56272.0,36780.30843998663,36700.63343693487,79.675,19491.691560013373,19491.691560013373,False
2018-08-03 20:00:00+00:00,54023.0,34375.91758243491,34249.04525272299,126.87233,19647.082417565092,19647.082417565092,False
2018-08-03 21:00:00+00:00,50301.0,33098.48300449877,32942.58784763842,155.89516,17202.51699550123,17202.51699550123,False
2018-08-03 22:00:00+00:00,47525.0,29553.59676605796,29543.00083309745,10.595933,17971.40323394204,17971.40323394204,False
2018-08-03 23:00:00+00:00,45268.0,26307.309633506444,26398.21164919248,-90.902016,18960.690366493556,18960.690366493556,False
2018-08-04 00:00:00+00:00,43862.0,24183.384649687006,24318.36929934521,-134.98465,19678.615350312994,19678.615350312994,False
2018-08-04 01:00:00+00:00,42798.0,22916.88586397777,23188.52569552074,-271.63983,19881.11413602223,19881.11413602223,False
2018-08-04 02:00:00+00:00,42553.0,22584.934467007635,23088.510486294745,-503.57602,19968.065532992365,19968.065532992365,False
2018-08-04 03:00:00+00:00,42732.0,22372.17104311221,23773.755759909083,-1401.5847,20359.82895688779,20359.82895688779,False
2018-08-04 04:00:00+00:00,43777.0,22129.677213232233,25097.999234716608,-2968.322,21647.322786767767,21647.322786767767,False
2018-08-04 05:00:00+00:00,47264.0,27675.874075497813,27760.2468629734,-84.37279,19588.125924502187,19588.125924502187,False
2018-08-04 06:00:00+00:00,51271.0,32567.934297042695,31663.7336744841,904.2006,18703.065702957305,18703.065702957305,False
2018-08-04 07:00:00+00:00,54341.0,36027.56149795935,34951.55112198279,1076.0104,18313.438502040648,18313.438502040648,False
2018-08-04 08:00:00+00:00,56224.0,36914.381667879396,37377.94523599463,-463.56357,19309.618332120604,19309.618332120604,False
2018-08-04 09:00:00+00:00,57672.0,38981.64513970815,39172.48167230092,-190.83653,18690.354860291853,18690.354860291853,False
2018-08-04 10:00:00+00:00,57010.0,40552.234443483714,40600.43436413801,-48.19992,16457.765556516286,16457.765556516286,False
2018-08-04 11:00:00+00:00,55763.0,40091.61724522658,40426.74450352736,-335.12726,15671.382754773418,15671.382754773418,False
2018-08-04 12:00:00+00:00,54575.0,39209.59196000806,39148.49178224317,61.100178,15365.40803999194,15365.40803999194,False
2018-08-04 13:00:00+00:00,53687.0,38267.52008866185,38110.44162796849,157.07846,15419.479911338152,15419.479911338152,False
2018-08-04 14:00:00+00:00,53230.0,38351.32352001614,37966.6851838345,384.63834,14878.676479983857,14878.676479983857,False
2018-08-04 15:00:00+00:00,53622.0,39898.9663420177,39598.141909644655,300.82443,13723.033657982298,13723.033657982298,False
2018-08-04 16:00:00+00:00,53493.0,42308.707219771255,42117.11409538161,191.59312,11184.292780228745,11184.292780228745,False
2018-08-04 17:00:00+00:00,52484.0,42001.11067869104,41837.184302348265,163.92638,10482.889321308961,10482.889321308961,False
2018-08-04 18:00:00+00:00,50624.0,40190.283335615015,40042.48000614724,147.80333,10433.716664384985,10433.716664384985,False
2018-08-04 19:00:00+00:00,49553.0,37002.56323710295,36617.18558207365,385.37766,12550.43676289705,12550.43676289705,False
2018-08-04 20:00:00+00:00,47967.0,34691.486252842245,34165.59739786178,525.88885,13275.513747157755,13275.513747157755,False
2018-08-04 21:00:00+00:00,45641.0,33197.387948099466,32859.1399927772,338.24796,12443.612051900534,12443.612051900534,False
2018-08-04 22:00:00+00:00,42964.0,29571.243415553126,29459.552978236232,111.69044,13392.756584446874,13392.756584446874,False
2018-08-04 23:00:00+00:00,41129.0,26216.438568501184,26314.763794331262,-98.325226,14912.561431498816,14912.561431498816,False
2018-08-05 00:00:00+00:00,39617.0,24125.264622279403,24234.921444483993,-109.65682,15491.735377720597,15491.735377720597,False
2018-08-05 01:00:00+00:00,38555.0,22897.21739754429,23105.077840659524,-207.86044,15657.78260245571,15657.78260245571,False
2018-08-05 02:00:00+00:00,38552.0,22646.82059652142,23005.062631433528,-358.24203,15905.179403478582,15905.179403478582,False
2018-08-05 03:00:00+00:00,38257.0,22779.19279274318,23690.307905047866,-911.1151,15477.807207256821,15477.807207256821,False
2018-08-05 04:00:00+00:00,38468.0,22885.92784469914,25014.55137985539,-2128.6235,15582.072155300859,15582.072155300859,False
2018-08-05 05:00:00+00:00,40945.0,27534.539334039917,27676.799008112182,-142.25967,13410.460665960083,13410.460665960083,False
2018-08-05 06:00:00+00:00,43568.0,31994.451224896322,31580.285819622884,414.1654,11573.548775103678,11573.548775103678,False
2018-08-05 07:00:00+00:00,46111.0,35614.458552766104,34868.10326712157,746.3553,10496.541447233896,10496.541447233896,False
2018-08-05 08:00:00+00:00,48011.0,37487.50784866271,37294.49738113341,193.01047,10523.49215133729,10523.49215133729,False
2018-08-05 09:00:00+00:00,49356.0,39206.001239925055,39089.033817439704,116.96742,10149.998760074945,10149.998760074945,False
2018-08-05 10:00:00+00:00,48930.0,40841.45071215765,40516.986509276794,324.4642,8088.5492878423465,8088.5492878423465,False
2018-08-05 11:00:00+00:00,48039.0,40195.039980575326,40343.296648666146,-148.25667,7843.960019424674,7843.960019424674,False
2018-08-05 12:00:00+00:00,47030.0,39270.42434425207,39065.04392738195,205.38042,7759.575655747933,7759.575655747933,False
2018-08-05 13:00:00+00:00,46374.0,38308.7123400018,38026.99377310727,281.71857,8065.287659998197,8065.287659998197,False
2018-08-05 14:00:00+00:00,46225.0,38356.49062487172,37883.237328973286,473.2533,7868.509375128277,7868.509375128277,False
2018-08-05 15:00:00+00:00,47653.0,40126.876244724845,39514.69405478344,612.1822,7526.123755275155,7526.123755275155,False
2018-08-05 16:00:00+00:00,48900.0,42564.24161893836,42033.66624052039,530.5754,6335.758381061642,6335.758381061642,False
2018-08-05 17:00:00+00:00,49178.0,42213.493008766345,41753.73644748705,459.75656,6964.506991233655,6964.506991233655,False
2018-08-05 18:00:00+00:00,49054.0,40525.95860392274,39959.032151286025,566.92645,8528.041396077257,8528.041396077257,False
2018-08-05 19:00:00+00:00,49230.0,37168.08574967337,36533.737727212436,634.348,12061.914250326627,12061.914250326627,False
2018-08-05 20:00:00+00:00,48372.0,34279.794959260325,34082.14954300056,197.64542,14092.205040739675,14092.205040739675,False
2018-08-05 21:00:00+00:00,45409.0,32673.4874565195,32775.69213791598,-102.20468,12735.512543480501,12735.512543480501,False
2018-08-05 22:00:00+00:00,43187.0,29489.13403878029,29376.105123375015,113.028915,13697.865961219712,13697.865961219712,False
2018-08-05 23:00:00+00:00,41430.0,26286.00623564314,26231.315939470045,54.690296,15143.99376435686,15143.99376435686,False
2018-08-06 00:00:00+00:00,40586.0,24184.205904686252,24151.473589622776,32.732315,16401.794095313748,16401.794095313748,False
2018-08-06 01:00:00+00:00,40649.0,23165.044902790494,23021.629985798307,143.41492,17483.955097209506,17483.955097209506,False
2018-08-06 02:00:00+00:00,42019.0,23190.607696494186,22921.61477657231,268.99292,18828.392303505814,18828.392303505814,False
2018-08-06 03:00:00+00:00,45559.0,24809.035465225712,23606.86005018665,1202.1754,20749.964534774288,20749.964534774288,False
2018-08-06 04:00:00+00:00,52428.0,27805.24390585355,24931.103524994174,2874.1404,24622.75609414645,24622.75609414645,False
2018-08-06 05:00:00+00:00,58183.0,27422.267336722645,27593.351153250966,-171.08382,30760.732663277355,30760.732663277355,False
2018-08-06 06:00:00+00:00,61885.0,31103.270765054636,31496.837964761668,-393.5672,30781.729234945364,30781.729234945364,False
2018-08-06 07:00:00+00:00,63858.0,34392.23506313926,34784.655412260356,-392.42035,29465.764936860738,29465.764936860738,False
2018-08-06 08:00:00+00:00,65347.0,37334.47546773948,37211.049526272196,123.42594,28012.52453226052,28012.52453226052,False
2018-08-06 09:00:00+00:00,66589.0,39124.468149468135,39005.58596257849,118.88219,27464.531850531865,27464.531850531865,False
2018-08-06 10:00:00+00:00,66525.0,40621.657672970265,40433.53865441558,188.11902,25903.342327029735,25903.342327029735,False
2018-08-06 11:00:00+00:00,65978.0,40450.53482896118,40259.84879380493,190.68604,25527.46517103882,25527.46517103882,False
2018-08-06 12:00:00+00:00,64668.0,38639.01147779417,38981.59607252073,-342.5846,26028.98852220583,26028.98852220583,False
2018-08-06 13:00:00+00:00,64095.0,37515.99843289449,37943.545918246054,-427.5475,26579.001567105508,26579.001567105508,False
2018-08-06 14:00:00+00:00,63259.0,37432.47682152418,37799.78947411207,-367.31265,25826.52317847582,25826.52317847582,False
2018-08-06 15:00:00+00:00,63204.0,39152.67042477574,39431.24619992222,-278.57578,24051.329575224263,24051.329575224263,False
2018-08-06 16:00:00+00:00,62827.0,41757.76840396972,41950.21838565917,-192.44998,21069.23159603028,21069.23159603028,False
2018-08-06 17:00:00+00:00,62053.0,41592.10191660044,41670.28859262583,-78.186676,20460.89808339956,20460.89808339956,False
2018-08-06 18:00:00+00:00,59777.0,39863.7948925094,39875.58429642481,-11.789404,19913.205107490598,19913.205107490598,False
2018-08-06 19:00:00+00:00,58470.0,36060.34498709731,36450.28987235122,-389.9449,22409.655012902687,22409.655012902687,False
2018-08-06 20:00:00+00:00,54992.0,33225.662259428405,33998.70168813934,-773.0394,21766.337740571595,21766.337740571595,False
2018-08-06 21:00:00+00:00,50719.0,32667.127894733847,32692.24428305477,-25.116388,18051.872105266153,18051.872105266153,False
2018-08-06 22:00:00+00:00,47472.0,29449.026058186653,29292.6572685138,156.36879,18022.973941813347,18022.973941813347,False
2018-08-06 23:00:00+00:00,45774.0,26171.071793257513,26147.868084608832,23.203709,19602.928206742487,19602.928206742487,False
2018-08-07 00:00:00+00:00,44454.0,24063.920936921444,24068.025734761562,-4.104798,20390.079063078556,20390.079063078556,False
2018-08-07 01:00:00+00:00,44006.0,22955.177038316244,22938.182130937093,16.994907,21050.822961683756,21050.822961683756,False
2018-08-07 02:00:00+00:00,44835.0,22905.519865131508,22838.166921711098,67.35294,21929.480134868492,21929.480134868492,False
2018-08-07 03:00:00+00:00,48022.0,23865.130151868405,23523.412195325436,341.71796,24156.869848131595,24156.869848131595,False
2018-08-07 04:00:00+00:00,54606.0,25437.137237515773,24847.65567013296,589.48157,29168.862762484227,29168.862762484227,False
2018-08-07 05:00:00+00:00,59796.0,27527.02520276292,27509.903298389752,17.121904,32268.97479723708,32268.97479723708,False
2018-08-07 06:00:00+00:00,63537.0,31184.183383826236,31413.390109900454,-229.20673,32352.816616173764,32352.816616173764,False
2018-08-07 07:00:00+00:00,65277.0,34404.33515139328,34701.20755739914,-296.8724,30872.66484860672,30872.66484860672,False
2018-08-07 08:00:00+00:00,66971.0,37180.95969219345,37127.60167141098,53.35802,29790.04030780655,29790.04030780655,False
2018-08-07 09:00:00+00:00,68433.0,38976.39889186644,38922.13810771727,54.260784,29456.60110813356,29456.60110813356,False
2018-08-07 10:00:00+00:00,68270.0,40429.142328485024,40350.09079955436,79.05153,27840.857671514976,27840.857671514976,False
2018-08-07 11:00:00+00:00,68042.0,40259.31496329674,40176.40093894371,82.914024,27782.68503670326,27782.68503670326,False
2018-08-07 12:00:00+00:00,67015.0,38849.32805393271,38898.14821765952,-48.820164,28165.67194606729,28165.67194606729,False
2018-08-07 13:00:00+00:00,65427.0,37680.53374758894,37860.09806338484,-179.56432,27746.46625241106,27746.46625241106,False
2018-08-07 14:00:00+00:00,64288.0,37579.593358752805,37716.34161925085,-136.74826,26708.406641247195,26708.406641247195,False
2018-08-07 15:00:00+00:00,63871.0,39276.68894717282,39347.798345061005,-71.1094,24594.31105282718,24594.31105282718,False
2018-08-07 16:00:00+00:00,63097.0,41853.63325224113,41866.770530797956,-13.137279,21243.366747758868,21243.366747758868,False
2018-08-07 17:00:00+00:00,62384.0,41621.63010925509,41586.840737764614,34.78937,20762.369890744907,20762.369890744907,False
2018-08-07 18:00:00+00:00,59968.0,39844.985055302604,39792.13644156359,52.848614,20123.014944697396,20123.014944697396,False
2018-08-07 19:00:00+00:00,58912.0,36256.513762790295,36366.84201749,-110.328255,22655.486237209705,22655.486237209705,False
2018-08-07 20:00:00+00:00,55780.0,33582.187610133595,33915.253833278126,-333.06622,22197.812389866405,22197.812389866405,False
2018-08-07 21:00:00+00:00,51220.0,32626.16462658833,32608.796428193553,17.368198,18593.83537341167,18593.83537341167,False
2018-08-07 22:00:00+00:00,48433.0,29259.30977070825,29209.209413652585,50.100357,19173.69022929175,19173.69022929175,False
2018-08-07 23:00:00+00:00,46690.0,26031.173327281795,26064.420229747615,-33.246902,20658.826672718205,20658.826672718205,False
2018-08-08 00:00:00+00:00,45554.0,23950.71314143599,23984.577879900346,-33.86474,21603.28685856401,21603.28685856401,False
2018-08-08 01:00:00+00:00,46153.0,22853.82471837572,22854.734276075877,-0.9095577,23299.17528162428,23299.17528162428,False
2018-08-08 02:00:00+00:00,46926.0,22803.87824653738,22754.71906684988,49.15918,24122.12175346262,24122.12175346262,False
2018-08-08 03:00:00+00:00,48889.0,23864.398178354844,23439.96434046422,424.43384,25024.601821645156,25024.601821645156,False
2018-08-08 04:00:00+00:00,55624.0,25610.956960779557,24764.207815271744,846.74915,30013.043039220443,30013.043039220443,False
2018-08-08 05:00:00+00:00,62634.0,27386.53791346872,27426.455443528535,-39.91753,35247.462086531275,35247.462086531275,False
2018-08-08 06:00:00+00:00,66359.0,31113.02552225115,31329.942255039237,-216.91673,35245.97447774885,35245.97447774885,False
2018-08-08 07:00:00+00:00,67389.0,34321.91274819222,34617.75970253792,-295.84695,33067.08725180778,33067.08725180778,False
2018-08-08 08:00:00+00:00,67940.0,37117.0057452607,37044.15381654976,72.85193,30822.9942547393,30822.9942547393,False
2018-08-08 09:00:00+00:00,69884.0,38895.04506929282,38838.69025285605,56.354816,30988.95493070718,30988.95493070718,True
2018-08-08 10:00:00+00:00,69192.0,40341.05841863113,40266.64294469314,74.415474,28850.94158136887,28850.94158136887,False
2018-08-08 11:00:00+00:00,67860.0,40171.407269568335,40092.953084082495,78.454185,27688.592730431665,27688.592730431665,False
2018-08-08 12:00:00+00:00,67304.0,38788.1440750328,38814.7003627983,-26.556288,28515.855924967203,28515.855924967203,False
2018-08-08 13:00:00+00:00,67178.0,37610.490311673035,37776.65020852362,-166.1599,29567.509688326965,29567.509688326965,False
2018-08-08 14:00:00+00:00,65599.0,37433.98202122557,37632.893764389635,-198.91174,28165.017978774427,28165.017978774427,False
2018-08-08 15:00:00+00:00,64488.0,39169.749057399495,39264.35049019979,-94.60143,25318.250942600505,25318.250942600505,False
2018-08-08 16:00:00+00:00,63697.0,41755.83794616989,41783.32267593674,-27.48473,21941.162053830107,21941.162053830107,False
2018-08-08 17:00:00+00:00,62909.0,41508.605131228745,41503.3928829034,5.2122483,21400.394868771255,21400.394868771255,False
2018-08-08 18:00:00+00:00,60011.0,39706.16492127421,39708.688586702374,-2.5236654,20304.835078725788,20304.835078725788,False
2018-08-08 19:00:00+00:00,58182.0,36130.232236359254,36283.394162628785,-153.16193,22051.767763640746,22051.767763640746,False
2018-08-08 20:00:00+00:00,54494.0,33550.13639223527,33831.80597841691,-281.6696,20943.86360776473,20943.86360776473,False
2018-08-08 21:00:00+00:00,50685.0,32564.35877764752,32525.348573332336,39.010204,18120.64122235248,18120.64122235248,False
2018-08-08 22:00:00+00:00,48322.0,29155.719929000108,29125.761558791368,29.95837,19166.280070999892,19166.280070999892,False
2018-08-08 23:00:00+00:00,46483.0,25984.104844302063,25980.972374886398,3.1324694,20498.895155697937,20498.895155697937,False
2018-08-09 00:00:00+00:00,45106.0,23907.842960009984,23901.13002503913,6.712935,21198.157039990016,21198.157039990016,False
2018-08-09 01:00:00+00:00,44917.0,22789.649679576476,22771.28642121466,18.363258,22127.350320423524,22127.350320423524,False
2018-08-09 02:00:00+00:00,45780.0,22708.972372419572,22671.271211988664,37.70116,23071.027627580428,23071.027627580428,False
2018-08-09 03:00:00+00:00,48812.0,23661.081671149877,23356.516485603002,304.5652,25150.918328850123,25150.918328850123,False
2018-08-09 04:00:00+00:00,54435.0,25259.981212851933,24680.759960410527,579.22125,29175.018787148067,29175.018787148067,False
2018-08-09 05:00:00+00:00,59989.0,27356.68923406069,27343.00758866732,13.681645,32632.31076593931,32632.31076593931,False
2018-08-09 06:00:00+00:00,62612.0,31058.123428498333,31246.49440017802,-188.37097,31553.876571501667,31553.876571501667,False
2018-08-09 07:00:00+00:00,64352.0,34320.026050557564,34534.311847676705,-214.2858,30031.973949442436,30031.973949442436,False
2018-08-09 08:00:00+00:00,66131.0,36986.810551150826,36960.705961688545,26.10459,29144.189448849174,29144.189448849174,False
2018-08-09 09:00:00+00:00,67299.0,38805.48762199386,38755.242397994836,50.245224,28493.51237800614,28493.51237800614,False
2018-08-09 10:00:00+00:00,67161.0,40252.93211223183,40183.19508983193,69.73702,26908.06788776817,26908.06788776817,False
2018-08-09 11:00:00+00:00,66819.0,40054.75396274179,40009.50522922128,45.248734,26764.246037258214,26764.246037258214,False
2018-08-09 12:00:00+00:00,66847.0,38702.43436027778,38731.25250793708,-28.818148,28144.56563972222,28144.56563972222,False
2018-08-09 13:00:00+00:00,66457.0,37529.53635329619,37693.202353662404,-163.666,28927.463646703807,28927.463646703807,False
2018-08-09 14:00:00+00:00,64806.0,37389.014314679785,37549.44590952842,-160.4316,27416.985685320215,27416.985685320215,False
2018-08-09 15:00:00+00:00,64361.0,39117.64182448652,39180.90263533857,-63.26081,25243.35817551348,25243.35817551348,False
2018-08-09 16:00:00+00:00,63875.0,41678.02824057015,41699.87482107552,-21.84658,22196.97175942985,22196.97175942985,False
2018-08-09 17:00:00+00:00,63559.0,41381.07742474018,41419.94502804218,-38.867603,22177.92257525982,22177.92257525982,False
2018-08-09 18:00:00+00:00,60949.0,39540.5996261893,39625.24073184116,-84.641106,21408.4003738107,21408.4003738107,False
2018-08-09 19:00:00+00:00,58759.0,36001.854724515615,36199.94630776757,-198.09158,22757.145275484385,22757.145275484385,False
2018-08-09 20:00:00+00:00,55435.0,33484.454253926786,33748.35812355569,-263.90387,21950.545746073214,21950.545746073214,False
2018-08-09 21:00:00+00:00,51740.0,32459.553739329884,32441.90071847112,17.65302,19280.446260670116,19280.446260670116,False
2018-08-09 22:00:00+00:00,48758.0,29055.247728740942,29042.31370393015,12.934025,19702.752271259058,19702.752271259058,False
2018-08-09 23:00:00+00:00,47106.0,25876.192961797642,25897.52452002518,-21.331558,21229.807038202358,21229.807038202358,False
2018-08-10 00:00:00+00:00,45809.0,23788.029929424738,23817.68217017791,-29.65224,22020.970070575262,22020.970070575262,False
2018-08-10 01:00:00+00:00,45948.0,22661.194983055713,22687.838566353443,-26.643583,23286.805016944287,23286.805016944287,False
2018-08-10 02:00:00+00:00,46422.0,22579.7030263169,22587.823357127447,-8.120331,23842.2969736831,23842.2969736831,False
2018-08-10 03:00:00+00:00,49806.0,23334.830959843348,23273.068630741785,61.76233,26471.169040156652,26471.169040156652,False
2018-08-10 04:00:00+00:00,55531.0,25186.331758869623,24597.31210554931,589.01965,30344.668241130377,30344.668241130377,False
2018-08-10 05:00:00+00:00,61382.0,27276.68163817927,27259.5597338061,17.121904,34105.318361820726,34105.318361820726,False
2018-08-10 06:00:00+00:00,64714.0,30935.092932035554,31163.046545316804,-227.95361,33778.90706796445,33778.90706796445,False
2018-08-10 07:00:00+00:00,65714.0,34223.68783009576,34450.86399281549,-227.17616,31490.31216990424,31490.31216990424,False
2018-08-10 08:00:00+00:00,66273.0,36848.17006552179,36877.25810682733,-29.088041,29424.829934478214,29424.829934478214,False
2018-08-10 09:00:00+00:00,66870.0,38604.54151426399,38671.79454313362,-67.25303,28265.45848573601,28265.45848573601,False
2018-08-10 10:00:00+00:00,65754.0,39951.07067552247,40099.74723497071,-148.67656,25802.929324477533,25802.929324477533,False
2018-08-10 11:00:00+00:00,64159.0,39782.84462106416,39926.05737436006,-143.21275,24376.155378935837,24376.155378935837,False
2018-08-10 12:00:00+00:00,62143.0,38628.67624273651,38647.804653075866,-19.12841,23514.32375726349,23514.32375726349,False
2018-08-10 13:00:00+00:00,61074.0,37677.618604025796,37609.75449880119,67.864105,23396.381395974204,23396.381395974204,False
2018-08-10 14:00:00+00:00,60526.0,37456.0037433345,37465.9980546672,-9.994311,23069.9962566655,23069.9962566655,False
2018-08-10 15:00:00+00:00,60388.0,39028.11452474005,39097.454780477354,-69.340256,21359.88547525995,21359.88547525995,False
2018-08-10 16:00:00+00:00,59587.0,41565.900293851024,41616.426966214305,-50.526672,18021.099706148976,18021.099706148976,False
2018-08-10 17:00:00+00:00,58694.0,41337.40665333548,41336.497173180964,0.90948015,17356.593346664522,17356.593346664522,False
2018-08-10 18:00:00+00:00,56097.0,39545.48647930347,39541.79287697994,3.6936023,16551.513520696528,16551.513520696528,False
2018-08-10 19:00:00+00:00,54506.0,36109.94458079789,36116.49845290635,-6.553872,18396.055419202108,18396.055419202108,False
2018-08-10 20:00:00+00:00,50897.0,33820.93872633608,33664.910268694475,156.02846,17076.061273663923,17076.061273663923,False
2018-08-10 21:00:00+00:00,47789.0,32511.746930992715,32358.452863609902,153.29407,15277.253069007285,15277.253069007285,False
2018-08-10 22:00:00+00:00,45120.0,28928.977570107752,28958.865849068934,-29.888279,16191.022429892248,16191.022429892248,False
2018-08-10 23:00:00+00:00,42678.0,25709.058011294335,25814.076665163964,-105.018654,16968.941988705665,16968.941988705665,False
2018-08-11 00:00:00+00:00,41105.0,23593.324189584273,23734.234315316695,-140.91013,17511.675810415727,17511.675810415727,False
2018-08-11 01:00:00+00:00,40592.0,22306.013300603554,22604.390711492226,-298.3774,18285.986699396446,18285.986699396446,False
2018-08-11 02:00:00+00:00,40922.0,21992.388319649042,22504.37550226623,-511.98718,18929.611680350958,18929.611680350958,False
2018-08-11 03:00:00+00:00,41357.0,21740.380907716506,23189.62077588057,-1449.2399,19616.619092283494,19616.619092283494,False
2018-08-11 04:00:00+00:00,42478.0,21844.32396748497,24513.864250688093,-2669.5403,20633.67603251503,20633.67603251503,False
2018-08-11 05:00:00+00:00,45558.0,27174.635871721755,27176.111878944885,-1.4760072,18383.364128278245,18383.364128278245,False
2018-08-11 06:00:00+00:00,49419.0,32046.875118678243,31079.598690455587,967.2764,17372.124881321757,17372.124881321757,False
2018-08-11 07:00:00+00:00,52025.0,35419.501831313646,34367.41613795427,1052.0857,16605.498168686354,16605.498168686354,False
2018-08-11 08:00:00+00:00,54163.0,36807.425005689256,36793.81025196611,13.614754,17355.574994310744,17355.574994310744,False
2018-08-11 09:00:00+00:00,55604.0,38253.48355961029,38588.3466882724,-334.86313,17350.516440389707,17350.516440389707,False
2018-08-11 10:00:00+00:00,55005.0,40160.24463157434,40016.29938010949,143.94525,14844.755368425664,14844.755368425664,False
2018-08-11 11:00:00+00:00,52788.0,39638.887504117985,39842.609519498845,-203.72202,13149.112495882015,13149.112495882015,False
2018-08-11 12:00:00+00:00,50912.0,38713.308824581836,38564.35679821465,148.95203,12198.691175418164,12198.691175418164,False
2018-08-11 13:00:00+00:00,49951.0,37746.61066005325,37526.30664393997,220.30402,12204.389339946749,12204.389339946749,False
2018-08-11 14:00:00+00:00,49682.0,37842.47228842903,37382.550199805984,459.9221,11839.527711570969,11839.527711570969,False
2018-08-11 15:00:00+00:00,49763.0,39485.94793513762,39014.00692561614,471.941,10277.052064862379,10277.052064862379,False
2018-08-11 16:00:00+00:00,50179.0,41835.323410669494,41532.97911135309,302.3443,8343.676589330506,8343.676589330506,False
2018-08-11 17:00:00+00:00,50198.0,41400.357149130294,41253.04931831975,147.30783,8797.642850869706,8797.642850869706,False
2018-08-11 18:00:00+00:00,48286.0,39592.79639235798,39458.34502211872,134.45137,8693.203607642019,8693.203607642019,False
2018-08-11 19:00:00+00:00,47203.0,36439.814269920134,36033.050598045134,406.76367,10763.185730079866,10763.185730079866,False
2018-08-11 20:00:00+00:00,45085.0,34118.50666432154,33581.46241383326,537.04425,10966.49333567846,10966.49333567846,False
2018-08-11 21:00:00+00:00,42347.0,32276.13208167902,32275.005008748685,1.1270729,10070.867918320979,10070.867918320979,False
2018-08-11 22:00:00+00:00,39759.0,28830.377161688186,28875.417994207717,-45.040833,10928.622838311814,10928.622838311814,False
2018-08-11 23:00:00+00:00,38007.0,25664.723262207044,25730.628810302747,-65.90555,12342.276737792956,12342.276737792956,False
2018-08-12 00:00:00+00:00,36544.0,23589.51549106461,23650.786460455478,-61.27097,12954.484508935391,12954.484508935391,False
2018-08-12 01:00:00+00:00,35714.0,22386.125367006985,22520.94285663101,-134.81749,13327.874632993015,13327.874632993015,False
2018-08-12 02:00:00+00:00,35400.0,22121.829258733138,22420.927647405013,-299.0984,13278.170741266862,13278.170741266862,False
2018-08-12 03:00:00+00:00,35641.0,22105.42749865607,23106.17292101935,-1000.7454,13535.57250134393,13535.57250134393,False
2018-08-12 04:00:00+00:00,35538.0,22243.52552668625,24430.416395826876,-2186.8909,13294.474473313749,13294.474473313749,False
2018-08-12 05:00:00+00:00,37626.0,26999.91943332439,27092.664024083668,-92.74459,10626.08056667561,10626.08056667561,False
2018-08-12 06:00:00+00:00,40973.0,31522.27534731312,30996.15083559437,526.1245,9450.72465268688,9450.72465268688,False
2018-08-12 07:00:00+00:00,43922.0,35071.14479676493,34283.968283093054,787.1765,8850.85520323507,8850.85520323507,False
2018-08-12 08:00:00+00:00,45975.0,36852.066651255285,36710.362397104895,141.70425,9122.933348744715,9122.933348744715,False
2018-08-12 09:00:00+00:00,47595.0,38785.8640738897,38504.898833411185,280.96524,8809.135926110299,8809.135926110299,False
2018-08-12 10:00:00+00:00,47206.0,39996.40834134935,39932.851525248276,63.556816,7209.59165865065,7209.59165865065,False
2018-08-12 11:00:00+00:00,46038.0,39486.62879720599,39759.16166463763,-272.53287,6551.371202794013,6551.371202794013,False
2018-08-12 12:00:00+00:00,45569.0,38723.94670885636,38480.90894335343,243.03777,6845.0532911436385,6845.0532911436385,False
2018-08-12 13:00:00+00:00,45470.0,37693.05428468422,37442.85878907875,250.1955,7776.945715315778,7776.945715315778,False
2018-08-12 14:00:00+00:00,45040.0,37797.39400143891,37299.10234494477,498.29166,7242.605998561092,7242.605998561092,False
2018-08-12 15:00:00+00:00,45954.0,39598.468311477576,38930.55907075492,667.90924,6355.531688522424,6355.531688522424,False
2018-08-12 16:00:00+00:00,47115.0,42039.21539955828,41449.53125649187,589.68414,5075.784600441722,5075.784600441722,False
2018-08-12 17:00:00+00:00,47305.0,41752.23818220853,41169.60146345853,582.6367,5552.76181779147,5552.76181779147,False
2018-08-12 18:00:00+00:00,47262.0,40194.04786305829,39374.897167257506,819.1507,7067.9521369417125,7067.9521369417125,False
2018-08-12 19:00:00+00:00,47868.0,36692.00850490267,35949.60274318392,742.40576,11175.991495097333,11175.991495097333,False
2018-08-12 20:00:00+00:00,46234.0,33722.29214686267,33498.01455897204,224.27759,12511.707853137334,12511.707853137334,False
2018-08-12 21:00:00+00:00,43419.0,32166.85506076308,32191.55715388747,-24.702093,11252.144939236921,11252.144939236921,False
2018-08-12 22:00:00+00:00,41109.0,28976.36859210529,28791.9701393465,184.39845,12132.63140789471,12132.63140789471,False
2018-08-12 23:00:00+00:00,39916.0,25776.130555661257,25647.18095544153,128.9496,14139.869444338743,14139.869444338743,False
2018-08-13 00:00:00+00:00,38868.0,23678.700643252952,23567.33860559426,111.36204,15189.299356747048,15189.299356747048,False
2018-08-13 01:00:00+00:00,39039.0,22663.373541808854,22437.495001769792,225.87854,16375.626458191146,16375.626458191146,False
2018-08-13 02:00:00+00:00,40484.0,22709.278590151218,22337.479792543796,371.7988,17774.721409848782,17774.721409848782,False
2018-08-13 03:00:00+00:00,44608.0,24256.174895259697,23022.725066158135,1233.4498,20351.825104740303,20351.825104740303,False
2018-08-13 04:00:00+00:00,51400.0,26708.06082612191,24346.96854096566,2361.0923,24691.93917387809,24691.93917387809,False
2018-08-13 05:00:00+00:00,57230.0,26910.51923929081,27009.21616922245,-98.69693,30319.48076070919,30319.48076070919,False
2018-08-13 06:00:00+00:00,61765.0,30629.766701436278,30912.702980733153,-282.93628,31135.233298563722,31135.233298563722,False
2018-08-13 07:00:00+00:00,63598.0,33859.51163916934,34200.52042823184,-341.0088,29738.488360830663,29738.488360830663,False
2018-08-13 08:00:00+00:00,65058.0,36767.67887024661,36626.91454224368,140.76433,28290.321129753393,28290.321129753393,False
2018-08-13 09:00:00+00:00,66413.0,38527.184201511394,38421.45097854997,105.73322,27885.815798488606,27885.815798488606,False
2018-08-13 10:00:00+00:00,65652.0,40041.11364658335,39849.40367038706,191.70998,25610.886353416652,25610.886353416652,False
2018-08-13 11:00:00+00:00,65724.0,39891.53984432231,39675.71380977641,215.82603,25832.46015567769,25832.46015567769,False
2018-08-13 12:00:00+00:00,64103.0,38125.35198815042,38397.461088492215,-272.1091,25977.648011849582,25977.648011849582,False
2018-08-13 13:00:00+00:00,63318.0,36890.958480604255,37359.410934217536,-468.45245,26427.041519395745,26427.041519395745,False
2018-08-13 14:00:00+00:00,62174.0,36841.003214448785,37215.65449008355,-374.65128,25332.996785551215,25332.996785551215,False
2018-08-13 15:00:00+00:00,61857.0,38578.10260993667,38847.1112158937,-269.0086,23278.89739006333,23278.89739006333,False
2018-08-13 16:00:00+00:00,61372.0,41195.62467665507,41366.083401630654,-170.45872,20176.37532334493,20176.37532334493,False
2018-08-13 17:00:00+00:00,59913.0,40987.20129994253,41086.15360859731,-98.95231,18925.798700057472,18925.798700057472,False
2018-08-13 18:00:00+00:00,57877.0,38880.42193812871,39291.44931239629,-411.02737,18996.57806187129,18996.57806187129,False
2018-08-13 19:00:00+00:00,56358.0,35086.67478578364,35866.1548883227,-779.4801,21271.325214216362,21271.325214216362,False
2018-08-13 20:00:00+00:00,52528.0,32643.501274423325,33414.566704110825,-771.0654,19884.498725576675,19884.498725576675,False
2018-08-13 21:00:00+00:00,49264.0,32398.772445998908,32108.10929902625,290.66315,16865.227554001092,16865.227554001092,False
2018-08-13 22:00:00+00:00,45917.0,28866.857428528252,28708.522284485283,158.33514,17050.142571471748,17050.142571471748,False
2018-08-13 23:00:00+00:00,43790.0,25593.92962996874,25563.733100580313,30.19653,18196.07037003126,18196.07037003126,False
2018-08-14 00:00:00+00:00,43096.0,23482.45226809087,23483.890750733044,-1.4384826,19613.54773190913,19613.54773190913,False
2018-08-14 01:00:00+00:00,42778.0,22369.642635456854,22354.047146908575,15.595489,20408.357364543146,20408.357364543146,False
2018-08-14 02:00:00+00:00,43993.0,22347.56974133248,22254.03193768258,93.5378,21645.43025866752,21645.43025866752,False
2018-08-14 03:00:00+00:00,47176.0,23286.058461296918,22939.277211296918,346.78125,23889.941538703082,23889.941538703082,False
2018-08-14 04:00:00+00:00,54137.0,24899.54577155366,24263.520686104443,636.0251,29237.45422844634,29237.45422844634,False
2018-08-14 05:00:00+00:00,59047.0,26946.689437865873,26925.768314361234,20.921124,32100.310562134127,32100.310562134127,False
2018-08-14 06:00:00+00:00,61511.0,30579.17500197057,30829.255125871936,-250.08012,30931.82499802943,30931.82499802943,False
2018-08-14 07:00:00+00:00,63509.0,33852.93460339992,34117.07257337062,-264.13797,29656.065396600083,29656.065396600083,False
2018-08-14 08:00:00+00:00,64801.0,36590.613793553115,36543.46668738246,47.147106,28210.386206446885,28210.386206446885,False
2018-08-14 09:00:00+00:00,66205.0,38366.9591840983,38338.00312368875,28.95606,27838.040815901702,27838.040815901702,False
2018-08-14 10:00:00+00:00,65922.0,39823.180142613244,39765.95581552584,57.224327,26098.819857386756,26098.819857386756,False
2018-08-14 11:00:00+00:00,65304.0,39650.52419466129,39592.265954915194,58.25824,25653.475805338712,25653.475805338712,False
2018-08-14 12:00:00+00:00,63990.0,38270.155300586564,38314.013233631,-43.857933,25719.844699413436,25719.844699413436,False
2018-08-14 13:00:00+00:00,63041.0,37075.78308668054,37275.96307935632,-200.18,25965.216913319462,25965.216913319462,False
2018-08-14 14:00:00+00:00,61645.0,36943.82014535417,37132.206635222334,-188.38649,24701.17985464583,24701.17985464583,False
2018-08-14 15:00:00+00:00,60962.0,38655.72323652077,38763.663361032486,-107.940125,22306.276763479233,22306.276763479233,False
2018-08-14 16:00:00+00:00,60361.0,41251.49565800601,41282.63554676944,-31.139889,19109.50434199399,19109.50434199399,False
2018-08-14 17:00:00+00:00,60352.0,41026.23909991224,41002.705753736096,23.533346,19325.760900087756,19325.760900087756,False
2018-08-14 18:00:00+00:00,58135.0,39096.86933168058,39208.00145753507,-111.132126,19038.13066831942,19038.13066831942,False
2018-08-14 19:00:00+00:00,56449.0,35426.48315650836,35782.707033461484,-356.22388,21022.51684349164,21022.51684349164,False
2018-08-14 20:00:00+00:00,52465.0,32924.758039923436,33331.11884924961,-406.3608,19540.241960076564,19540.241960076564,False
2018-08-14 21:00:00+00:00,48612.0,32124.103338696284,32024.661444165034,99.441895,16487.896661303716,16487.896661303716,False
2018-08-14 22:00:00+00:00,45449.0,28623.79883705853,28625.074429624066,-1.2755926,16825.20116294147,16825.20116294147,False
2018-08-14 23:00:00+00:00,43541.0,25464.053554358623,25480.285245719097,-16.231691,18076.946445641377,18076.946445641377,False
2018-08-15 00:00:00+00:00,42602.0,23386.09581468744,23400.442895871827,-14.347081,19215.90418531256,19215.90418531256,False
2018-08-15 01:00:00+00:00,42639.0,22263.189543969966,22270.599292047358,-7.409748,20375.810456030034,20375.810456030034,False
2018-08-15 02:00:00+00:00,43518.0,22197.126603344434,22170.584082821362,26.54252,21320.873396655566,21320.873396655566,False
2018-08-15 03:00:00+00:00,46530.0,23137.938060048982,22855.8293564357,282.1087,23392.061939951018,23392.061939951018,False
2018-08-15 04:00:00+00:00,51725.0,24687.030228704163,24180.072831243226,506.9574,27037.969771295837,27037.969771295837,False
2018-08-15 05:00:00+00:00,56252.0,26983.006250515642,26842.320459500017,140.68579,29268.993749484358,29268.993749484358,False
2018-08-15 06:00:00+00:00,59339.0,30630.298893935524,30745.80727101072,-115.50838,28708.701106064476,28708.701106064476,False
2018-08-15 07:00:00+00:00,60746.0,33838.22710498401,34033.6247185094,-195.39761,26907.772895015987,26907.772895015987,False
2018-08-15 08:00:00+00:00,62361.0,36481.331916169926,36460.018832521244,21.313084,25879.668083830074,25879.668083830074,False
2018-08-15 09:00:00+00:00,63870.0,38293.18100506411,38254.555268827535,38.625736,25576.818994935893,25576.818994935893,False
2018-08-15 10:00:00+00:00,63467.0,39723.47420440852,39682.507960664625,40.966244,23743.52579559148,23743.52579559148,False
2018-08-15 11:00:00+00:00,62341.0,39546.75160225124,39508.81810005398,37.933502,22794.248397748757,22794.248397748757,False
2018-08-15 12:00:00+00:00,61232.0,38226.87337575808,38230.56537876978,-3.692003,23005.126624241922,23005.126624241922,False
2018-08-15 13:00:00+00:00,60623.0,37110.481639900376,37192.5152244951,-82.033585,23512.518360099624,23512.518360099624,False
2018-08-15 14:00:00+00:00,59454.0,36926.153174282015,37048.75878036112,-122.605606,22527.846825717985,22527.846825717985,False
2018-08-15 15:00:00+00:00,59044.0,38633.809263800664,38680.21550617127,-46.406242,20410.190736199336,20410.190736199336,False
2018-08-15 16:00:00+00:00,58972.0,41221.725186567644,41199.18769190822,22.537495,17750.274813432356,17750.274813432356,False
2018-08-15 17:00:00+00:00,58143.0,40966.592096872926,40919.25789887488,47.334198,17176.407903127074,17176.407903127074,False
2018-08-15 18:00:00+00:00,56139.0,39165.3448395513,39124.553602673855,40.791237,16973.655160448703,16973.655160448703,False
2018-08-15 19:00:00+00:00,55300.0,35509.952232799486,35699.25917860027,-189.30695,19790.047767200514,19790.047767200514,False
2018-08-15 20:00:00+00:00,51782.0,33011.246128665734,33247.67099438839,-236.42487,18770.753871334266,18770.753871334266,False
2018-08-15 21:00:00+00:00,48063.0,32047.23773633751,31941.213589303818,106.02415,16015.762263662491,16015.762263662491,False
2018-08-15 22:00:00+00:00,45479.0,28574.029326685457,28541.62657476285,32.402752,16904.970673314543,16904.970673314543,False
2018-08-15 23:00:00+00:00,43747.0,25397.718765038197,25396.83739085788,0.8813742,18349.281234961803,18349.281234961803,False
2018-08-16 00:00:00+00:00,42919.0,23315.51223969244,23316.99504101061,-1.4828013,19603.48776030756,19603.48776030756,False
2018-08-16 01:00:00+00:00,42840.0,22187.082086891372,22187.15143718614,-0.069350295,20652.917913108628,20652.917913108628,False
2018-08-16 02:00:00+00:00,43913.0,22117.688115472352,22087.136227960145,30.551888,21795.311884527648,21795.311884527648,False
2018-08-16 03:00:00+00:00,47465.0,22930.62097301003,22772.381501574484,158.23947,24534.37902698997,24534.37902698997,False
2018-08-16 04:00:00+00:00,54080.0,24260.311103090993,24096.62497638201,163.68613,29819.688896909007,29819.688896909007,False
2018-08-16 05:00:00+00:00,58149.0,26738.845686227545,26758.8726046388,-20.026918,31410.154313772455,31410.154313772455,False
2018-08-16 06:00:00+00:00,61637.0,30557.81344904745,30662.359416149502,-104.54597,31079.18655095255,31079.18655095255,False
2018-08-16 07:00:00+00:00,63075.0,33735.07707116772,33950.17686364819,-215.0998,29339.922928832282,29339.922928832282,False
2018-08-16 08:00:00+00:00,64274.0,36383.20349785885,36376.57097766003,6.63252,27890.79650214115,27890.79650214115,False
2018-08-16 09:00:00+00:00,65979.0,38233.393356043955,38171.10741396632,62.285942,27745.606643956045,27745.606643956045,False
2018-08-16 10:00:00+00:00,65756.0,39677.03948354999,39599.06010580341,77.97938,26078.96051645001,26078.96051645001,False
2018-08-16 11:00:00+00:00,65195.0,39488.23210737538,39425.37024519276,62.861862,25706.767892624623,25706.767892624623,False
2018-08-16 12:00:00+00:00,64157.0,38109.90691447253,38147.117523908564,-37.21061,26047.09308552747,26047.09308552747,False
2018-08-16 13:00:00+00:00,63904.0,36966.68023889658,37109.067369633885,-142.38713,26937.31976110342,26937.31976110342,False
2018-08-16 14:00:00+00:00,62966.0,36816.59187032412,36965.3109254999,-148.71906,26149.40812967588,26149.40812967588,False
2018-08-16 15:00:00+00:00,62274.0,38519.09283899316,38596.76765131005,-77.67481,23754.907161006842,23754.907161006842,False
2018-08-16 16:00:00+00:00,61416.0,41111.289420005225,41115.739837047004,-4.450417,20304.710579994775,20304.710579994775,False
2018-08-16 17:00:00+00:00,60429.0,40868.56795951049,40835.81004401366,32.757915,19560.43204048951,19560.43204048951,False
2018-08-16 18:00:00+00:00,58041.0,39081.93862974013,39041.10574781264,40.832882,18959.06137025987,18959.06137025987,False
2018-08-16 19:00:00+00:00,56561.0,35463.84162769413,35615.81132373905,-151.9697,21097.158372305872,21097.158372305872,False
2018-08-16 20:00:00+00:00,52951.0,32908.66538501057,33164.223139527174,-255.55775,20042.334614989428,20042.334614989428,False
2018-08-16 21:00:00+00:00,49255.0,31941.048556097874,31857.7657344426,83.28282,17313.951443902126,17313.951443902126,False
2018-08-16 22:00:00+00:00,46656.0,28439.591355704855,28458.178719901633,-18.587364,18216.408644295145,18216.408644295145,False
2018-08-16 23:00:00+00:00,44966.0,25290.248710725056,25313.389535996663,-23.140825,19675.751289274944,19675.751289274944,False
2018-08-17 00:00:00+00:00,43836.0,23215.39763857249,23233.547186149393,-18.149548,20620.60236142751,20620.60236142751,False
2018-08-17 01:00:00+00:00,43783.0,22102.606256046238,22103.703582324924,-1.0973263,21680.393743953762,21680.393743953762,False
2018-08-17 02:00:00+00:00,44688.0,22032.42467070635,22003.68837309893,28.736298,22655.57532929365,22655.57532929365,False
2018-08-17 03:00:00+00:00,47736.0,22939.296317611705,22688.933646713267,250.36267,24796.703682388295,24796.703682388295,False
2018-08-17 04:00:00+00:00,53474.0,24395.39852655009,24013.177121520792,382.2214,29078.60147344991,29078.60147344991,False
2018-08-17 05:00:00+00:00,58694.0,26682.984579966334,26675.424749777583,7.55983,32011.015420033666,32011.015420033666,False
2018-08-17 06:00:00+00:00,62031.0,30441.38903931563,30578.911561288285,-137.52252,31589.61096068437,31589.61096068437,False
2018-08-17 07:00:00+00:00,63327.0,33688.68053161412,33866.72900878697,-178.04848,29638.319468385882,29638.319468385882,False
2018-08-17 08:00:00+00:00,64611.0,36228.078612911115,36293.12312279881,-65.04451,28382.921387088885,28382.921387088885,False
2018-08-17 09:00:00+00:00,66146.0,37968.22746834582,38087.6595591051,-119.43209,28177.772531654176,28177.772531654176,False
2018-08-17 10:00:00+00:00,65650.0,39323.596748012504,39515.61225094219,-192.0155,26326.403251987496,26326.403251987496,False
2018-08-17 11:00:00+00:00,64694.0,39182.39194904736,39341.92239033154,-159.53044,25511.608050952636,25511.608050952636,False
2018-08-17 12:00:00+00:00,63094.0,38008.88923920726,38063.66966904735,-54.78043,25085.11076079274,25085.11076079274,False
2018-08-17 13:00:00+00:00,61746.0,37004.6695521567,37025.61951477267,-20.949963,24741.3304478433,24741.3304478433,False
2018-08-17 14:00:00+00:00,60479.0,36836.91432872584,36881.86307063868,-44.948742,23642.08567127416,23642.08567127416,False
2018-08-17 15:00:00+00:00,59895.0,38457.1577404796,38513.319796448835,-56.162056,21437.842259520403,21437.842259520403,False
2018-08-17 16:00:00+00:00,59390.0,41009.09730674023,41032.29198218579,-23.194675,18380.90269325977,18380.90269325977,False
2018-08-17 17:00:00+00:00,58494.0,40763.029684879984,40752.362189152445,10.667496,17730.970315120016,17730.970315120016,False
2018-08-17 18:00:00+00:00,56936.0,38956.370136866026,38957.65789295142,-1.2877561,17979.629863133974,17979.629863133974,False
2018-08-17 19:00:00+00:00,54998.0,35415.670712225,35532.36346887783,-116.69276,19582.329287775,19582.329287775,False
2018-08-17 20:00:00+00:00,51149.0,33179.883324521914,33080.77528466596,99.10804,17969.116675478086,17969.116675478086,False
2018-08-17 21:00:00+00:00,47943.0,31882.625077152185,31774.317879581384,108.3072,16060.374922847815,16060.374922847815,False
2018-08-17 22:00:00+00:00,45746.0,28352.83355287611,28374.730865040416,-21.897312,17393.16644712389,17393.16644712389,False
2018-08-17 23:00:00+00:00,44048.0,25130.493942487985,25229.941681135446,-99.44774,18917.506057512015,18917.506057512015,False
2018-08-18 00:00:00+00:00,43033.0,23001.146191029387,23150.099331288176,-148.95314,20031.853808970613,20031.853808970613,False
2018-08-18 01:00:00+00:00,42446.0,21702.040609055504,22020.255727463707,-318.21512,20743.959390944496,20743.959390944496,False
2018-08-18 02:00:00+00:00,42224.0,21394.85221257365,21920.24051823771,-525.3883,20829.14778742635,20829.14778742635,False
2018-08-18 03:00:00+00:00,42744.0,21024.477369000488,22605.48579185205,-1581.0084,21719.522630999512,21719.522630999512,False
2018-08-18 04:00:00+00:00,44481.0,21159.192645565825,23929.729266659575,-2770.5366,23321.807354434175,23321.807354434175,False
2018-08-18 05:00:00+00:00,47588.0,26704.70038277037,26591.976894916366,112.72349,20883.29961722963,20883.29961722963,False
2018-08-18 06:00:00+00:00,51513.0,31338.728110723943,30495.46370642707,843.2644,20174.271889276057,20174.271889276057,False
2018-08-18 07:00:00+00:00,54086.0,34678.1639053906,33783.28115392575,894.88275,19407.836094609404,19407.836094609404,False
2018-08-18 08:00:00+00:00,55556.0,35649.38077330869,36209.67526793759,-560.2945,19906.619226691313,19906.619226691313,False
2018-08-18 09:00:00+00:00,56734.0,37846.690998067126,38004.211704243884,-157.5207,18887.309001932874,18887.309001932874,False
2018-08-18 10:00:00+00:00,55568.0,39440.24629190922,39432.164396080974,8.081896,16127.753708090779,16127.753708090779,False
2018-08-18 11:00:00+00:00,53419.0,38970.00572443517,39258.47453547033,-288.4688,14448.99427556483,14448.99427556483,False
2018-08-18 12:00:00+00:00,52340.0,38146.12514975742,37980.22181418613,165.90334,14193.87485024258,14193.87485024258,False
2018-08-18 13:00:00+00:00,52257.0,37130.657911742506,36942.17165991145,188.48625,15126.342088257494,15126.342088257494,False
2018-08-18 14:00:00+00:00,51686.0,37187.67815523059,36798.415215777466,389.26294,14498.321844769409,14498.321844769409,False
2018-08-18 15:00:00+00:00,52081.0,38727.9786920759,38429.87194158762,298.10675,13353.0213079241,13353.0213079241,False
2018-08-18 16:00:00+00:00,52070.0,41163.43491711949,40948.84412732457,214.59079,10906.565082880508,10906.565082880508,False
2018-08-18 17:00:00+00:00,51238.0,40872.24566363693,40668.91433429123,203.33133,10365.754336363068,10365.754336363068,False
2018-08-18 18:00:00+00:00,49878.0,39081.23497095153,38874.210038090205,207.02493,10796.765029048467,10796.765029048467,False
2018-08-18 19:00:00+00:00,49049.0,35778.75100220021,35448.915614016616,329.8354,13270.24899779979,13270.24899779979,False
2018-08-18 20:00:00+00:00,46555.0,33446.93857482427,32997.32742980474,449.61115,13108.061425175729,13108.061425175729,False
2018-08-18 21:00:00+00:00,43822.0,31895.709532776807,31690.870024720167,204.83951,11926.290467223193,11926.290467223193,False
2018-08-18 22:00:00+00:00,41391.0,28290.735213750995,28291.2830101792,-0.5477964,13100.264786249005,13100.264786249005,False
2018-08-18 23:00:00+00:00,39523.0,25062.330076579405,25146.49382627423,-84.16375,14460.669923420595,14460.669923420595,False
2018-08-19 00:00:00+00:00,38604.0,22971.386332078815,23066.65147642696,-95.265144,15632.613667921185,15632.613667921185,False
2018-08-19 01:00:00+00:00,38238.0,21686.33002836421,21936.80787260249,-250.47784,16551.66997163579,16551.66997163579,False
2018-08-19 02:00:00+00:00,37995.0,21440.568542282745,21836.792663376495,-396.22412,16554.431457717255,16554.431457717255,False
2018-08-19 03:00:00+00:00,38474.0,21268.489719217396,22522.037936990833,-1253.5482,17205.510280782604,17205.510280782604,False
2018-08-19 04:00:00+00:00,38425.0,21301.685464532733,23846.281411798358,-2544.596,17123.314535467267,17123.314535467267,False
2018-08-19 05:00:00+00:00,40560.0,26537.519089417332,26508.52904005515,28.99005,14022.480910582668,14022.480910582668,False
2018-08-19 06:00:00+00:00,43729.0,30932.30119092132,30412.01585156585,520.28534,12796.69880907868,12796.69880907868,False
2018-08-19 07:00:00+00:00,45874.0,34470.28343334188,33699.833299064536,770.45013,11403.71656665812,11403.71656665812,False
2018-08-19 08:00:00+00:00,47568.0,36204.69266118429,36126.227413076376,78.46525,11363.307338815714,11363.307338815714,False
2018-08-19 09:00:00+00:00,49419.0,38174.10109913853,37920.76384938267,253.33725,11244.898900861474,11244.898900861474,False
2018-08-19 10:00:00+00:00,49140.0,39511.40657417874,39348.71654121976,162.69003,9628.593425821258,9628.593425821258,False
2018-08-19 11:00:00+00:00,47707.0,38894.825234075906,39175.02668060911,-280.20145,8812.174765924094,8812.174765924094,False
2018-08-19 12:00:00+00:00,46587.0,38110.6760436755,37896.77395932491,213.90208,8476.3239563245,8476.3239563245,False
2018-08-19 13:00:00+00:00,45993.0,37104.998707393985,36858.723805050235,246.2749,8888.001292606015,8888.001292606015,False
2018-08-19 14:00:00+00:00,45915.0,37093.679183426015,36714.96736091625,378.71182,8821.320816573985,8821.320816573985,False
2018-08-19 15:00:00+00:00,47216.0,38967.109572566245,38346.4240867264,620.6855,8248.890427433755,8248.890427433755,False
2018-08-19 16:00:00+00:00,49400.0,41471.61233691648,40865.39627246335,606.21606,7928.387663083522,7928.387663083522,False
2018-08-19 17:00:00+00:00,49771.0,41103.42528069954,40585.46647943001,517.9588,8667.574719300457,8667.574719300457,False
2018-08-19 18:00:00+00:00,49955.0,39547.223181764144,38790.76218322899,756.461,10407.776818235856,10407.776818235856,False
2018-08-19 19:00:00+00:00,50068.0,36020.71330358899,35365.4677591554,655.24554,14047.286696411007,14047.286696411007,False
2018-08-19 20:00:00+00:00,48220.0,33146.95510594938,32913.87957494352,233.07553,15073.044894050618,15073.044894050618,False
2018-08-19 21:00:00+00:00,45323.0,31597.552239591616,31607.42216985895,-9.86993,13725.447760408384,13725.447760408384,False
2018-08-19 22:00:00+00:00,42739.0,28276.981799910267,28207.835155317982,69.146645,14462.018200089733,14462.018200089733,False
2018-08-19 23:00:00+00:00,41551.0,25084.039242287035,25063.045971413012,20.99327,16466.960757712965,16466.960757712965,False
2018-08-20 00:00:00+00:00,40947.0,22983.902136086865,22983.203621565743,0.6985145,17963.097863913135,17963.097863913135,False
2018-08-20 01:00:00+00:00,41150.0,21978.95662113483,21853.360017741274,125.5966,19171.04337886517,19171.04337886517,False
2018-08-20 02:00:00+00:00,42545.0,22059.38625138637,21753.344808515278,306.04144,20485.61374861363,20485.61374861363,False
2018-08-20 03:00:00+00:00,46149.0,23572.729120215554,22438.590082129616,1134.139,22576.270879784446,22576.270879784446,False
2018-08-20 04:00:00+00:00,54169.0,25895.02447490589,23762.83355693714,2132.191,28273.97552509411,28273.97552509411,False
2018-08-20 05:00:00+00:00,59335.0,26285.238686414636,26425.081185193932,-139.8425,33049.76131358536,33049.76131358536,False
2018-08-20 06:00:00+00:00,62882.0,29929.901523315963,30328.567996704634,-398.66647,32952.09847668404,32952.09847668404,False
2018-08-20 07:00:00+00:00,64460.0,33414.19631151289,33616.38544420332,-202.18913,31045.80368848711,31045.80368848711,False
2018-08-20 08:00:00+00:00,66209.0,36126.36258128645,36042.77955821516,83.58302,30082.63741871355,30082.63741871355,False
2018-08-20 09:00:00+00:00,67648.0,37905.98019435055,37837.31599452145,68.6642,29742.01980564945,29742.01980564945,False
2018-08-20 10:00:00+00:00,67663.0,39422.516641680806,39265.26868635854,157.24796,28240.483358319194,28240.483358319194,False
2018-08-20 11:00:00+00:00,66813.0,39330.16778448813,39091.57882574789,238.58896,27482.832215511873,27482.832215511873,False
2018-08-20 12:00:00+00:00,65460.0,37631.38836032307,37813.3261044637,-181.93774,27828.61163967693,27828.61163967693,False
2018-08-20 13:00:00+00:00,64172.0,36295.23115038433,36775.27595018902,-480.0448,27876.76884961567,27876.76884961567,False
2018-08-20 14:00:00+00:00,62881.0,36224.798925000345,36631.51950605503,-406.72058,26656.201074999655,26656.201074999655,False
2018-08-20 15:00:00+00:00,62636.0,37985.27551775386,38262.976231865185,-277.7007,24650.724482246143,24650.724482246143,False
2018-08-20 16:00:00+00:00,62314.0,40613.065803466394,40781.948417602136,-168.88261,21700.934196533606,21700.934196533606,False
2018-08-20 17:00:00+00:00,61295.0,40481.99963119111,40502.018624568795,-20.018993,20813.00036880889,20813.00036880889,False
2018-08-20 18:00:00+00:00,59630.0,38442.5338718248,38707.31432836777,-264.78046,21187.466128175198,21187.466128175198,False
2018-08-20 19:00:00+00:00,57492.0,34595.88532177465,35282.01990429418,-686.1346,22896.11467822535,22896.11467822535,False
2018-08-20 20:00:00+00:00,53420.0,32041.849505726837,32830.431720082306,-788.5822,21378.150494273163,21378.150494273163,False
2018-08-20 21:00:00+00:00,49468.0,31726.97173626238,31523.974314997733,202.99742,17741.02826373762,17741.02826373762,False
2018-08-20 22:00:00+00:00,46186.0,28212.997217143777,28124.387300456765,88.60992,17973.002782856223,17973.002782856223,False
2018-08-20 23:00:00+00:00,44602.0,24981.520456110396,24979.598116551795,1.9223396,19620.479543889604,19620.479543889604,False
2018-08-21 00:00:00+00:00,43660.0,22897.252731159177,22899.755766704526,-2.5030355,20762.747268840823,20762.747268840823,False
2018-08-21 01:00:00+00:00,43625.0,21790.930652717703,21769.912162880057,21.01849,21834.069347282297,21834.069347282297,False
2018-08-21 02:00:00+00:00,44609.0,21761.412403177987,21669.89695365406,91.51545,22847.587596822013,22847.587596822013,False
2018-08-21 03:00:00+00:00,48097.0,22739.711196994962,22355.1422272684,384.56897,25357.288803005038,25357.288803005038,False
2018-08-21 04:00:00+00:00,55320.0,24328.271261157955,23679.385702075924,648.88556,30991.728738842045,30991.728738842045,False
2018-08-21 05:00:00+00:00,60580.0,26353.577251421888,26341.633330332716,11.943921,34226.422748578116,34226.422748578116,False
2018-08-21 06:00:00+00:00,63724.0,29964.010309079746,30245.120141843418,-281.10983,33759.98969092025,33759.98969092025,False
2018-08-21 07:00:00+00:00,64779.0,33241.665067369446,33532.9375893421,-291.27252,31537.334932630554,31537.334932630554,False
2018-08-21 08:00:00+00:00,65826.0,36018.14381806952,35959.33170335394,58.812115,29807.85618193048,29807.85618193048,False
2018-08-21 09:00:00+00:00,67292.0,37800.40570298421,37753.86813966023,46.537563,29491.594297015792,29491.594297015792,False
2018-08-21 10:00:00+00:00,67284.0,39263.89068623365,39181.82083149732,82.069855,28020.10931376635,28020.10931376635,False
2018-08-21 11:00:00+00:00,66190.0,39085.92364209029,39008.130970886676,77.79267,27104.07635790971,27104.07635790971,False
2018-08-21 12:00:00+00:00,65291.0,37687.8390230705,37729.87824960248,-42.039227,27603.160976929503,27603.160976929503,False
2018-08-21 13:00:00+00:00,64466.0,36508.99627770085,36691.8280953278,-182.83182,27957.003722299152,27957.003722299152,False
2018-08-21 14:00:00+00:00,62659.0,36390.17228290768,36548.071651193815,-157.89937,26268.827717092317,26268.827717092317,False
2018-08-21 15:00:00+00:00,62096.0,38150.63895363361,38179.52837700397,-28.889423,23945.361046366394,23945.361046366394,False
2018-08-21 16:00:00+00:00,61858.0,40712.943224979994,40698.50056274092,14.442662,21145.056775020006,21145.056775020006,False
2018-08-21 17:00:00+00:00,61040.0,40465.55276815118,40418.57076970758,46.982,20574.44723184882,20574.44723184882,False
2018-08-21 18:00:00+00:00,59276.0,38658.31592113839,38623.866473506554,34.449448,20617.68407886161,20617.68407886161,False
2018-08-21 19:00:00+00:00,57525.0,34908.07812243101,35198.572049432965,-290.49393,22616.921877568988,22616.921877568988,False
2018-08-21 20:00:00+00:00,53100.0,32346.764687974995,32746.98386522109,-400.21918,20753.235312025005,20753.235312025005,False
2018-08-21 21:00:00+00:00,49102.0,31514.35922380839,31440.526460136516,73.83276,17587.64077619161,17587.64077619161,False
2018-08-21 22:00:00+00:00,47269.0,28068.655016045377,28040.939445595548,27.71557,19200.344983954623,19200.344983954623,False
2018-08-21 23:00:00+00:00,45363.0,24912.60529403921,24896.15026169058,16.455032,20450.39470596079,20450.39470596079,False
2018-08-22 00:00:00+00:00,44525.0,22833.429816216478,22816.30791184331,17.121904,21691.570183783522,21691.570183783522,False
2018-08-22 01:00:00+00:00,44725.0,21709.347772832072,21686.46430801884,22.883465,23015.652227167928,23015.652227167928,False
2018-08-22 02:00:00+00:00,45641.0,21643.424738136106,21586.449098792844,56.97564,23997.575261863894,23997.575261863894,False
2018-08-22 03:00:00+00:00,48934.0,22646.80426620601,22271.694372407183,375.1099,26287.19573379399,26287.19573379399,False
2018-08-22 04:00:00+00:00,55773.0,24226.50388725377,23595.937847214707,630.56604,31546.49611274623,31546.49611274623,False
2018-08-22 05:00:00+00:00,61115.0,26151.82495606232,26258.1854754715,-106.36052,34963.17504393768,34963.17504393768,False
2018-08-22 06:00:00+00:00,64437.0,29927.75173949685,30161.6722869822,-233.92055,34509.248260503155,34509.248260503155,False
2018-08-22 07:00:00+00:00,66093.0,33173.04487974456,33449.489734480885,-276.44485,32919.95512025544,32919.95512025544,False
2018-08-22 08:00:00+00:00,67119.0,35931.6248114749,35875.883848492726,55.740963,31187.375188525097,31187.375188525097,False
2018-08-22 09:00:00+00:00,68415.0,37727.10084586469,37670.42028479902,56.68056,30687.89915413531,30687.89915413531,False
2018-08-22 10:00:00+00:00,68421.0,39183.41519007605,39098.37297663611,85.04221,29237.584809923952,29237.584809923952,False
2018-08-22 11:00:00+00:00,67595.0,39000.871150083076,38924.68311602546,76.188034,28594.128849916924,28594.128849916924,False
2018-08-22 12:00:00+00:00,66294.0,37603.48332748052,37646.43039474126,-42.947067,28690.51667251948,28690.51667251948,False
2018-08-22 13:00:00+00:00,65400.0,36474.864584949006,36608.380240466584,-133.51566,28925.135415050994,28925.135415050994,False
2018-08-22 14:00:00+00:00,64015.0,36366.18500696492,36464.6237963326,-98.43879,27648.814993035077,27648.814993035077,False
2018-08-22 15:00:00+00:00,63841.0,38071.7445903648,38096.08052214275,-24.335932,25769.255409635203,25769.255409635203,False
2018-08-22 16:00:00+00:00,63335.0,40628.3488847901,40615.0527078797,13.296177,22706.651115209897,22706.651115209897,False
2018-08-22 17:00:00+00:00,62424.0,40378.80146938127,40335.12291484636,43.678555,22045.198530618727,22045.198530618727,False
2018-08-22 18:00:00+00:00,60830.0,38585.28114458528,38540.41861864534,44.862526,22244.71885541472,22244.71885541472,False
2018-08-22 19:00:00+00:00,59129.0,34910.057986686006,35115.12419457175,-205.06621,24218.942013313994,24218.942013313994,False
2018-08-22 20:00:00+00:00,54755.0,32322.805846785654,32663.536010359872,-340.73016,22432.194153214346,22432.194153214346,False
2018-08-22 21:00:00+00:00,50839.0,31402.526584248688,31357.0786052753,45.44798,19436.473415751312,19436.473415751312,False
2018-08-22 22:00:00+00:00,48087.0,27976.337301488726,27957.49159073433,18.84571,20110.662698511274,20110.662698511274,False
2018-08-22 23:00:00+00:00,46260.0,24823.712524360184,24812.70240682936,11.010118,21436.287475639816,21436.287475639816,False
2018-08-23 00:00:00+00:00,45248.0,22749.98196135526,22732.860056982092,17.121904,22498.01803864474,22498.01803864474,False
2018-08-23 01:00:00+00:00,45081.0,21627.07763136502,21603.016453157623,24.061178,23453.92236863498,23453.92236863498,False
2018-08-23 02:00:00+00:00,45947.0,21552.202667576646,21503.001243931627,49.201424,24394.797332423354,24394.797332423354,False
2018-08-23 03:00:00+00:00,49142.0,22508.875637419012,22188.246517545966,320.62912,26633.124362580988,26633.124362580988,False
2018-08-23 04:00:00+00:00,56131.0,24052.093569013647,23512.48999235349,539.6036,32078.906430986353,32078.906430986353,False
2018-08-23 05:00:00+00:00,61670.0,26065.075717228934,26174.73762061028,-109.6619,35604.92428277107,35604.92428277107,False
2018-08-23 06:00:00+00:00,65335.0,29848.23407567567,30078.224432120984,-229.99036,35486.765924324325,35486.765924324325,False
2018-08-23 07:00:00+00:00,66844.0,33102.870065654824,33366.04187961967,-263.1718,33741.129934345176,33741.129934345176,False
2018-08-23 08:00:00+00:00,68361.0,35824.83210416618,35792.43599363151,32.39611,32536.167895833823,32536.167895833823,False
2018-08-23 09:00:00+00:00,69287.0,37638.434519476374,37586.9724299378,51.46209,31648.565480523626,31648.565480523626,False
2018-08-23 10:00:00+00:00,68624.0,39091.8373608496,39014.92512177489,76.91224,29532.162639150403,29532.162639150403,False
2018-08-23 11:00:00+00:00,68031.0,38896.24308892303,38841.23526116424,55.007828,29134.75691107697,29134.75691107697,False
2018-08-23 12:00:00+00:00,67411.0,37503.20072911955,37562.982539880046,-59.78181,29907.799270880452,29907.799270880452,False
2018-08-23 13:00:00+00:00,67104.0,36331.4116946874,36524.93238560537,-193.52069,30772.5883053126,30772.5883053126,False
2018-08-23 14:00:00+00:00,65970.0,36222.42436981611,36381.17594147138,-158.75157,29747.575630183892,29747.575630183892,False
2018-08-23 15:00:00+00:00,65424.0,37934.535903670694,38012.632667281534,-78.09676,27489.464096329306,27489.464096329306,False
2018-08-23 16:00:00+00:00,64294.0,40516.24820075866,40531.604853018485,-15.356652,23777.75179924134,23777.75179924134,False
2018-08-23 17:00:00+00:00,63649.0,40275.81132287882,40251.675059985144,24.136263,23373.18867712118,23373.18867712118,False
2018-08-23 18:00:00+00:00,61677.0,38401.88663826532,38456.97076378412,-55.084126,23275.11336173468,23275.11336173468,False
2018-08-23 19:00:00+00:00,59182.0,34732.90763243514,35031.67633971053,-298.7687,24449.09236756486,24449.09236756486,False
2018-08-23 20:00:00+00:00,55067.0,32305.328420391234,32580.088155498655,-274.75974,22761.671579608766,22761.671579608766,False
2018-08-23 21:00:00+00:00,51637.0,31318.216531511494,31273.630750414082,44.58578,20318.783468488506,20318.783468488506,False
2018-08-23 22:00:00+00:00,48628.0,27900.384001147162,27874.043735873114,26.340265,20727.615998852838,20727.615998852838,False
2018-08-23 23:00:00+00:00,46935.0,24746.376456341313,24729.254551968144,17.121904,22188.623543658687,22188.623543658687,False
2018-08-24 00:00:00+00:00,45846.0,22668.435080767726,22649.412202120875,19.022879,23177.564919232274,23177.564919232274,False
2018-08-24 01:00:00+00:00,45741.0,21546.78042080617,21519.568598296406,27.211823,24194.21957919383,24194.21957919383,False
2018-08-24 02:00:00+00:00,46570.0,21462.250956056494,21419.55338907041,42.697567,25107.749043943506,25107.749043943506,False
2018-08-24 03:00:00+00:00,50114.0,22422.297441981624,22104.79866268475,317.49878,27691.702558018376,27691.702558018376,False
2018-08-24 04:00:00+00:00,57196.0,24082.933250773523,23429.042137492273,653.8911,33113.06674922648,33113.06674922648,False
2018-08-24 05:00:00+00:00,62171.0,25988.512780580608,26091.289765749065,-102.776985,36182.48721941939,36182.48721941939,False
2018-08-24 06:00:00+00:00,66467.0,29808.239315296876,29994.776577259767,-186.53726,36658.76068470313,36658.76068470313,False
2018-08-24 07:00:00+00:00,67068.0,33125.88893137466,33282.59402475845,-156.7051,33942.11106862534,33942.11106862534,False
2018-08-24 08:00:00+00:00,68057.0,35684.78390369339,35708.98813877029,-24.204235,32372.216096306613,32372.216096306613,False
2018-08-24 09:00:00+00:00,69290.0,37483.33826526213,37503.52457507658,-20.18631,31806.66173473787,31806.66173473787,False
2018-08-24 10:00:00+00:00,68495.0,38852.81725562217,38931.47726691367,-78.66001,29642.18274437783,29642.18274437783,False
2018-08-24 11:00:00+00:00,66416.0,38703.980666495896,38757.787406303025,-53.80674,27712.019333504104,27712.019333504104,False
2018-08-24 12:00:00+00:00,64556.0,37496.656589392,37479.53468501883,17.121904,27059.343410608002,27059.343410608002,False
2018-08-24 13:00:00+00:00,63934.0,36429.7477477165,36441.48453074415,-11.736783,27504.2522522835,27504.2522522835,False
2018-08-24 14:00:00+00:00,62354.0,36135.52232183966,36297.728086610165,-162.20576,26218.477678160343,26218.477678160343,False
2018-08-24 15:00:00+00:00,61706.0,37766.81379496426,37929.18481242032,-162.37102,23939.186205035738,23939.186205035738,False
2018-08-24 16:00:00+00:00,60631.0,40342.859764575725,40448.15699815727,-105.29723,20288.140235424275,20288.140235424275,False
2018-08-24 17:00:00+00:00,59941.0,40127.144899215724,40168.22720512393,-41.082306,19813.855100784276,19813.855100784276,False
2018-08-24 18:00:00+00:00,57978.0,38302.061452624075,38373.5229089229,-71.46146,19675.938547375925,19675.938547375925,False
2018-08-24 19:00:00+00:00,55031.0,34819.616821030955,34948.228484849315,-128.61166,20211.383178969045,20211.383178969045,False
2018-08-24 20:00:00+00:00,51128.0,32576.98199833031,32496.64030063744,80.3417,18551.01800166969,18551.01800166969,False
2018-08-24 21:00:00+00:00,47610.0,31246.911552321664,31190.182895552865,56.728657,16363.088447678336,16363.088447678336,False
2018-08-24 22:00:00+00:00,44850.0,27713.67727902215,27790.595881011897,-76.9186,17136.32272097785,17136.32272097785,False
2018-08-24 23:00:00+00:00,42869.0,24527.63851473388,24645.806697106927,-118.16818,18341.36148526612,18341.36148526612,False
2018-08-25 00:00:00+00:00,41779.0,22407.001670257705,22565.964347259658,-158.96268,19371.998329742295,19371.998329742295,False
2018-08-25 01:00:00+00:00,41524.0,21071.70356814222,21436.12074343519,-364.41718,20452.29643185778,20452.29643185778,False
2018-08-25 02:00:00+00:00,41534.0,20680.219914092006,21336.105534209193,-655.8856,20853.780085907994,20853.780085907994,False
2018-08-25 03:00:00+00:00,42086.0,20158.617653526657,22021.35080782353,-1862.7332,21927.382346473343,21927.382346473343,False
2018-08-25 04:00:00+00:00,43984.0,20451.623579506057,23345.594282631057,-2893.9707,23532.376420493943,23532.376420493943,False
2018-08-25 05:00:00+00:00,47017.0,26384.29058032144,26007.841910887848,376.44867,20632.70941967856,20632.70941967856,False
2018-08-25 06:00:00+00:00,50672.0,31116.884264390737,29911.32872239855,1205.5555,19555.115735609263,19555.115735609263,False
2018-08-25 07:00:00+00:00,53429.0,34245.36137985817,33199.146169897234,1046.2152,19183.638620141828,19183.638620141828,False
2018-08-25 08:00:00+00:00,55055.0,35140.56527780556,35625.540283909075,-484.975,19914.43472219444,19914.43472219444,False
2018-08-25 09:00:00+00:00,56840.0,37480.67168710379,37420.076720215366,60.594967,19359.328312896207,19359.328312896207,False
2018-08-25 10:00:00+00:00,56095.0,38796.99609448654,38848.029412052456,-51.033318,17298.003905513462,17298.003905513462,False
2018-08-25 11:00:00+00:00,54077.0,38336.03516911759,38674.33955144181,-338.30438,15740.96483088241,15740.96483088241,False
2018-08-25 12:00:00+00:00,52232.0,37584.08473970351,37396.08683015761,187.99791,14647.91526029649,14647.91526029649,False
2018-08-25 13:00:00+00:00,51065.0,36585.552773905394,36358.03667588293,227.5161,14479.447226094606,14479.447226094606,False
2018-08-25 14:00:00+00:00,50801.0,36722.842121397385,36214.28023174895,508.5619,14078.157878602615,14078.157878602615,False
2018-08-25 15:00:00+00:00,50970.0,38214.821338662616,37845.7369575591,369.08438,12755.178661337384,12755.178661337384,False
2018-08-25 16:00:00+00:00,51327.0,40474.764914170075,40364.70914329605,110.05577,10852.235085829925,10852.235085829925,False
2018-08-25 17:00:00+00:00,50219.0,40056.0301303683,40084.77935026271,-28.74922,10162.9698696317,10162.9698696317,False
2018-08-25 18:00:00+00:00,49210.0,38262.06811894206,38290.07505406169,-28.006935,10947.931881057943,10947.931881057943,False
2018-08-25 19:00:00+00:00,47708.0,35084.70276438751,34864.7806299881,219.92213,12623.297235612488,12623.297235612488,False
2018-08-25 20:00:00+00:00,45510.0,32927.3460712645,32413.19244577622,514.1536,12582.653928735497,12582.653928735497,False
2018-08-25 21:00:00+00:00,42947.0,31298.261575725828,31106.73504069165,191.52654,11648.738424274172,11648.738424274172,False
2018-08-25 22:00:00+00:00,40083.0,27705.660586041427,27707.14802615068,-1.4874401,12377.339413958573,12377.339413958573,False
2018-08-25 23:00:00+00:00,38482.0,24534.35499321617,24562.35884224571,-28.003849,13947.64500678383,13947.64500678383,False
2018-08-26 00:00:00+00:00,37247.0,22395.26006081885,22482.51649239844,-87.25643,14851.739939181149,14851.739939181149,False
2018-08-26 01:00:00+00:00,36781.0,21122.11855202612,21352.672888573972,-230.55434,15658.88144797388,15658.88144797388,False
2018-08-26 02:00:00+00:00,36843.0,20896.940241603836,21252.657679347976,-355.71744,15946.059758396164,15946.059758396164,False
2018-08-26 03:00:00+00:00,37380.0,20744.20641975919,21937.902952962315,-1193.6965,16635.79358024081,16635.79358024081,False
2018-08-26 04:00:00+00:00,37958.0,20861.23090042609,23262.14642776984,-2400.9155,17096.76909957391,17096.76909957391,False
2018-08-26 05:00:00+00:00,39777.0,25737.4342781946,25924.39405602663,-186.95978,14039.5657218054,14039.5657218054,False
2018-08-26 06:00:00+00:00,42476.0,30210.321449812724,29827.880867537333,382.44058,12265.678550187276,12265.678550187276,False
2018-08-26 07:00:00+00:00,45330.0,33774.55946005555,33115.69831503602,658.86115,11555.440539944451,11555.440539944451,False
2018-08-26 08:00:00+00:00,47857.0,35631.21166122559,35542.09242904786,89.11923,12225.788338774408,12225.788338774408,False
2018-08-26 09:00:00+00:00,50399.0,37607.60313903579,37336.62886535415,270.97427,12791.39686096421,12791.39686096421,False
2018-08-26 10:00:00+00:00,49759.0,38846.047118104325,38764.58155719124,81.46556,10912.952881895675,10912.952881895675,False
2018-08-26 11:00:00+00:00,47432.0,38254.68292582864,38590.89169658059,-336.20877,9177.317074171362,9177.317074171362,False
2018-08-26 12:00:00+00:00,45900.0,37527.25466743507,37312.638975296395,214.61569,8372.745332564933,8372.745332564933,False
2018-08-26 13:00:00+00:00,45279.0,36549.373855201404,36274.588821021716,274.78503,8729.626144798596,8729.626144798596,False
2018-08-26 14:00:00+00:00,45238.0,36543.644968440465,36130.83237688773,412.8126,8694.355031559535,8694.355031559535,False
2018-08-26 15:00:00+00:00,45990.0,38460.26365103773,37762.28910269788,697.97455,7529.736348962273,7529.736348962273,False
2018-08-26 16:00:00+00:00,47550.0,40954.601132184835,40281.261288434835,673.33984,6595.398867815165,6595.398867815165,False
2018-08-26 17:00:00+00:00,48060.0,40499.381605264774,40001.33149540149,498.0501,7560.618394735226,7560.618394735226,False
2018-08-26 18:00:00+00:00,48571.0,38877.47326853641,38206.62719920047,670.84607,9693.526731463593,9693.526731463593,False
2018-08-26 19:00:00+00:00,47990.0,35443.78150559563,34781.33277512688,662.4487,12546.21849440437,12546.21849440437,False
2018-08-26 20:00:00+00:00,46398.0,32553.226082003872,32329.744590915005,223.48149,13844.773917996128,13844.773917996128,False
2018-08-26 21:00:00+00:00,43635.0,30974.225879830676,31023.28718583043,-49.061306,12660.774120169324,12660.774120169324,False
2018-08-26 22:00:00+00:00,41714.0,27731.60880928995,27623.700171289463,107.90864,13982.391190710048,13982.391190710048,False
2018-08-26 23:00:00+00:00,40829.0,24554.939643390353,24478.910987384494,76.028656,16274.060356609647,16274.060356609647,False
2018-08-27 00:00:00+00:00,40530.0,22448.30155150817,22399.068637537224,49.232914,18081.69844849183,18081.69844849183,False
2018-08-27 01:00:00+00:00,40939.0,21383.32800002135,21269.225033712755,114.10297,19555.67199997865,19555.67199997865,False
2018-08-27 02:00:00+00:00,42595.0,21412.818650170353,21169.20982448676,243.60883,21182.181349829647,21182.181349829647,False
2018-08-27 03:00:00+00:00,47208.0,22058.54651350637,21854.455098101098,204.09142,25149.45348649363,25149.45348649363,False
2018-08-27 04:00:00+00:00,55697.0,23082.756533418877,23178.698572908623,-95.94204,32614.243466581123,32614.243466581123,False
2018-08-27 05:00:00+00:00,61516.0,25659.523807366586,25840.946201165414,-181.4224,35856.47619263342,35856.47619263342,False
2018-08-27 06:00:00+00:00,65318.0,29351.475981426116,29744.433012676116,-392.95703,35966.52401857388,35966.52401857388,False
2018-08-27 07:00:00+00:00,66705.0,32762.049562958004,33032.2504601748,-270.2009,33942.950437041996,33942.950437041996,False
2018-08-27 08:00:00+00:00,68075.0,35549.85223104699,35458.64457418664,91.20766,32525.147768953007,32525.147768953007,False
2018-08-27 09:00:00+00:00,70175.0,37301.65361715187,37253.18101049293,48.472607,32873.34638284813,32873.34638284813,True
2018-08-27 10:00:00+00:00,69744.0,38784.044201902776,38681.13370233002,102.9105,30959.955798097224,30959.955798097224,True
2018-08-27 11:00:00+00:00,68593.0,38716.93296220277,38507.443841719374,209.48912,29876.067037797227,29876.067037797227,False
2018-08-27 12:00:00+00:00,67367.0,37203.76053266662,37229.19112043518,-25.430588,30163.239467333377,30163.239467333377,False
2018-08-27 13:00:00+00:00,66230.0,35687.71841977378,36191.1409661605,-503.42255,30542.28158022622,30542.28158022622,False
2018-08-27 14:00:00+00:00,64667.0,35484.10363823745,36047.384522026514,-563.2809,29182.89636176255,29182.89636176255,False
2018-08-27 15:00:00+00:00,64257.0,37264.891388217526,37678.841247836666,-413.94986,26992.108611782474,26992.108611782474,False
2018-08-27 16:00:00+00:00,63569.0,39934.434557841196,40197.81343357362,-263.37888,23634.565442158804,23634.565442158804,False
2018-08-27 17:00:00+00:00,62506.0,39823.90167642895,39917.883640540276,-93.981964,22682.098323571052,22682.098323571052,False
2018-08-27 18:00:00+00:00,61221.0,37766.409935159565,38123.17934433925,-356.7694,23454.590064840435,23454.590064840435,False
2018-08-27 19:00:00+00:00,58342.0,33946.527010109414,34697.884920265664,-751.3579,24395.472989890586,24395.472989890586,False
2018-08-27 20:00:00+00:00,53998.0,31530.6747878116,32246.296736053788,-715.62195,22467.3252121884,22467.3252121884,False
2018-08-27 21:00:00+00:00,49764.0,31119.552374182105,30939.839330969215,179.71304,18644.447625817895,18644.447625817895,False
2018-08-27 22:00:00+00:00,47089.0,27599.07153792483,27540.252316428247,58.81922,19489.92846207517,19489.92846207517,False
2018-08-27 23:00:00+00:00,45483.0,24396.273487292507,24395.463132523277,0.81035477,21086.726512707493,21086.726512707493,False
2018-08-28 00:00:00+00:00,44528.0,22314.513773741986,22315.620782676007,-1.1070089,22213.486226258014,22213.486226258014,False
2018-08-28 01:00:00+00:00,44620.0,21202.899083224707,21185.77717885154,17.121904,23417.100916775293,23417.100916775293,False
2018-08-28 02:00:00+00:00,45605.0,21124.225642263482,21085.761969625542,38.463673,24480.774357736518,24480.774357736518,False
2018-08-28 03:00:00+00:00,49350.0,22131.174967849256,21771.00724323988,360.16772,27218.825032150744,27218.825032150744,False
2018-08-28 04:00:00+00:00,56554.0,23852.253464629437,23095.250718047406,757.00275,32701.746535370563,32701.746535370563,False
2018-08-28 05:00:00+00:00,61391.0,25622.11367223193,25757.498346304197,-135.38467,35768.886327768065,35768.886327768065,False
2018-08-28 06:00:00+00:00,64558.0,29299.46544345943,29660.9851578149,-361.5197,35258.53455654057,35258.53455654057,False
2018-08-28 07:00:00+00:00,65035.0,32673.45858065538,32948.80260531358,-275.34402,32361.54141934462,32361.54141934462,False
2018-08-28 08:00:00+00:00,66105.0,35444.74980465257,35375.196719325424,69.553085,30660.250195347428,30660.250195347428,False
2018-08-28 09:00:00+00:00,67974.0,37200.83506908386,37169.733155631715,31.101913,30773.164930916137,30773.164930916137,False
2018-08-28 10:00:00+00:00,67757.0,38655.91733855767,38597.685847468805,58.23149,29101.082661442328,29101.082661442328,False
2018-08-28 11:00:00+00:00,66371.0,38498.23642722681,38423.99598685816,74.24044,27872.76357277319,27872.76357277319,False
2018-08-28 12:00:00+00:00,64389.0,37133.988692705614,37145.74326557396,-11.754573,27255.011307294386,27255.011307294386,False
2018-08-28 13:00:00+00:00,63457.0,36031.40015017868,36107.69311129928,-76.29296,27425.599849821323,27425.599849821323,False
2018-08-28 14:00:00+00:00,62576.0,35861.99822874977,35963.9366671653,-101.93844,26714.00177125023,26714.00177125023,False
2018-08-28 15:00:00+00:00,62338.0,37557.015707428574,37595.39339297545,-38.377686,24780.984292571426,24780.984292571426,False
2018-08-28 16:00:00+00:00,61876.0,40138.63462549585,40114.3655787124,24.269047,21737.365374504152,21737.365374504152,False
2018-08-28 17:00:00+00:00,61168.0,39891.26422729893,39834.43578567906,56.82844,21276.735772701068,21276.735772701068,False
2018-08-28 18:00:00+00:00,60398.0,38029.18788462727,38039.731489478036,-10.543605,22368.812115372733,22368.812115372733,False
2018-08-28 19:00:00+00:00,57826.0,34235.85155515054,34614.43706540445,-378.5855,23590.14844484946,23590.14844484946,False
2018-08-28 20:00:00+00:00,53312.0,31761.795414395696,32162.84888119257,-401.05347,21550.204585604304,21550.204585604304,False
2018-08-28 21:00:00+00:00,49183.0,30923.50111050741,30856.391476107998,67.109634,18259.49888949259,18259.49888949259,False
2018-08-28 22:00:00+00:00,46671.0,27490.112689106092,27456.80446156703,33.308228,19180.887310893908,19180.887310893908,False
2018-08-28 23:00:00+00:00,45262.0,24329.13718203523,24312.01527766206,17.121904,20932.86281796477,20932.86281796477,False
2018-08-29 00:00:00+00:00,44191.0,22249.90339847214,22232.17292781479,17.73047,21941.09660152786,21941.09660152786,False
2018-08-29 01:00:00+00:00,44238.0,21132.019299728847,21102.32932399032,29.689976,23105.980700271153,23105.980700271153,False
2018-08-29 02:00:00+00:00,45447.0,21079.528767779462,21002.314114764325,77.21465,24367.471232220538,24367.471232220538,False
2018-08-29 03:00:00+00:00,49207.0,22086.945100048586,21687.559388378664,399.3857,27120.054899951414,27120.054899951414,False
2018-08-29 04:00:00+00:00,56472.0,23668.753302639314,23011.80286318619,656.95044,32803.246697360686,32803.246697360686,False
2018-08-29 05:00:00+00:00,61114.0,25489.146774401965,25674.05049144298,-184.90372,35624.85322559804,35624.85322559804,False
2018-08-29 06:00:00+00:00,64405.0,29315.366007787667,29577.537302953682,-262.1713,35089.63399221233,35089.63399221233,False
2018-08-29 07:00:00+00:00,65546.0,32607.94779854807,32865.35475045237,-257.40695,32938.05220145193,32938.05220145193,False
2018-08-29 08:00:00+00:00,66247.0,35348.24208956186,35291.74886446421,56.493225,30898.757910438137,30898.757910438137,False
2018-08-29 09:00:00+00:00,67467.0,37134.35563997338,37086.2853007705,48.07034,30332.64436002662,30332.64436002662,False
2018-08-29 10:00:00+00:00,67546.0,38589.680756889815,38514.23799260759,75.442764,28956.319243110185,28956.319243110185,False
2018-08-29 11:00:00+00:00,67663.0,38413.74136167223,38340.54813199694,73.19323,29249.258638327767,29249.258638327767,False
2018-08-29 12:00:00+00:00,66769.0,37011.49428995469,37062.295410712744,-50.80112,29757.505710045312,29757.505710045312,False
2018-08-29 13:00:00+00:00,65619.0,35864.24221993904,36024.245256438066,-160.00304,29754.757780060958,29754.757780060958,False
2018-08-29 14:00:00+00:00,64163.0,35786.766247606814,35880.48881230408,-93.722565,28376.233752393186,28376.233752393186,False
2018-08-29 15:00:00+00:00,63752.0,37506.3264432656,37511.94553811423,-5.619095,26245.6735567344,26245.6735567344,False
2018-08-29 16:00:00+00:00,63366.0,40048.03962822435,40030.917723851184,17.121904,23317.960371775647,23317.960371775647,False
2018-08-29 17:00:00+00:00,62800.0,39785.55061773801,39750.98793081784,34.562687,23014.44938226199,23014.44938226199,False
2018-08-29 18:00:00+00:00,61766.0,37859.778255893674,37956.28363461682,-96.50538,23906.221744106326,23906.221744106326,False
2018-08-29 19:00:00+00:00,58635.0,34156.3038467737,34530.98921054323,-374.68536,24478.6961532263,24478.6961532263,False
2018-08-29 20:00:00+00:00,54517.0,31712.583277307916,32079.401026331354,-366.81775,22804.416722692084,22804.416722692084,False
2018-08-29 21:00:00+00:00,50295.0,30878.85707339522,30772.94362124678,105.91345,19416.14292660478,19416.14292660478,False
2018-08-29 22:00:00+00:00,47310.0,27448.409730179934,27373.356606705813,75.05312,19861.590269820066,19861.590269820066,False
2018-08-29 23:00:00+00:00,45961.0,24265.266759806458,24228.567422800843,36.699337,21695.733240193542,21695.733240193542,False
2018-08-30 00:00:00+00:00,44894.0,22178.283201310507,22148.725072953574,29.558128,22715.716798689493,22715.716798689493,False
2018-08-30 01:00:00+00:00,44991.0,21051.38725221016,21018.881469129105,32.505783,23939.61274778984,23939.61274778984,False
2018-08-30 02:00:00+00:00,46018.0,20964.015696853792,20918.86625990311,45.149437,25053.984303146208,25053.984303146208,False
2018-08-30 03:00:00+00:00,49565.0,21998.856894845572,21604.111533517447,394.74536,27566.143105154428,27566.143105154428,False
2018-08-30 04:00:00+00:00,57811.0,23746.180508813253,22928.355008324972,817.8255,34064.81949118675,34064.81949118675,False
2018-08-30 05:00:00+00:00,62691.0,25395.470739609107,25590.602636581763,-195.1319,37295.52926039089,37295.52926039089,False
2018-08-30 06:00:00+00:00,66129.0,29236.40155136395,29494.089448092465,-257.6879,36892.598448636054,36892.598448636054,False
2018-08-30 07:00:00+00:00,66715.0,32567.73877425326,32781.90689559115,-214.16812,34147.26122574674,34147.26122574674,False
2018-08-30 08:00:00+00:00,67708.0,35249.050486989465,35208.30100960299,40.749477,32458.949513010535,32458.949513010535,False
2018-08-30 09:00:00+00:00,68998.0,37053.89076774766,37002.83744590928,51.05332,31944.10923225234,31944.10923225234,False
2018-08-30 10:00:00+00:00,68612.0,38511.341918447055,38430.79013774637,80.55178,30100.658081552945,30100.658081552945,False
2018-08-30 11:00:00+00:00,68136.0,38353.7710687617,38257.10027713572,96.67079,29782.2289312383,29782.2289312383,False
2018-08-30 12:00:00+00:00,66372.0,36934.40146133859,36978.84755585153,-44.446095,29437.598538661412,29437.598538661412,False
2018-08-30 13:00:00+00:00,64820.0,35745.945884853216,35940.79740157685,-194.85152,29074.054115146784,29074.054115146784,False
2018-08-30 14:00:00+00:00,63722.0,35643.32030009423,35797.04095744286,-153.72066,28078.67969990577,28078.67969990577,False
2018-08-30 15:00:00+00:00,63226.0,37302.80162307235,37428.497683253016,-125.69606,25923.19837692765,25923.19837692765,False
2018-08-30 16:00:00+00:00,62756.0,39903.889149995826,39947.46986898997,-43.58072,22852.110850004174,22852.110850004174,False
2018-08-30 17:00:00+00:00,62016.0,39667.05887710933,39667.540075956626,-0.48119885,22348.94112289067,22348.94112289067,False
2018-08-30 18:00:00+00:00,60980.0,37782.15698489476,37872.8357797556,-90.678795,23197.843015105238,23197.843015105238,False
2018-08-30 19:00:00+00:00,57834.0,34153.382481170294,34447.54135568201,-294.15887,23680.617518829706,23680.617518829706,False
2018-08-30 20:00:00+00:00,53777.0,31747.13966439006,31995.953171470137,-248.8135,22029.86033560994,22029.86033560994,False
2018-08-30 21:00:00+00:00,49658.0,30735.84567330695,30689.495766385564,46.349907,18922.15432669305,18922.15432669305,False
2018-08-30 22:00:00+00:00,46553.0,27311.309169172477,27289.908751844596,21.400417,19241.690830827523,19241.690830827523,False
2018-08-30 23:00:00+00:00,44883.0,24162.241472312795,24145.119567939626,17.121904,20720.758527687205,20720.758527687205,False
2018-08-31 00:00:00+00:00,44018.0,22078.867474783336,22065.277218092357,13.590257,21939.132525216664,21939.132525216664,False
2018-08-31 01:00:00+00:00,44146.0,20958.247096552434,20935.433614267888,22.813482,23187.752903447566,23187.752903447566,False
2018-08-31 02:00:00+00:00,44849.0,20870.44181583901,20835.41840504189,35.02341,23978.55818416099,23978.55818416099,False
2018-08-31 03:00:00+00:00,48433.0,21591.25441504539,21520.66367865623,70.59074,26841.74558495461,26841.74558495461,False
2018-08-31 04:00:00+00:00,56176.0,22852.27486214677,22844.907153463755,7.3677087,33323.72513785323,33323.72513785323,False
2018-08-31 05:00:00+00:00,60936.0,25506.982675037292,25507.154781720546,-0.17210668,35429.01732496271,35429.01732496271,False
2018-08-31 06:00:00+00:00,63952.0,29329.339682830858,29410.64159323125,-81.30191,34622.66031716914,34622.66031716914,False
2018-08-31 07:00:00+00:00,64526.0,32580.983630268507,32698.459040729933,-117.47541,31945.016369731493,31945.016369731493,False
2018-08-31 08:00:00+00:00,65410.0,35110.45140226985,35124.85315474177,-14.401752,30299.54859773015,30299.54859773015,False
2018-08-31 09:00:00+00:00,66359.0,36879.852145979705,36919.389591048064,-39.537445,29479.147854020295,29479.147854020295,False
2018-08-31 10:00:00+00:00,65787.0,38222.8383156,38347.342282885154,-124.50397,27564.161684400002,27564.161684400002,False
2018-08-31 11:00:00+00:00,64026.0,38038.43649515048,38173.65242227451,-135.21593,25987.563504849517,25987.563504849517,False
2018-08-31 12:00:00+00:00,62793.0,36859.57379232942,36895.39970099031,-35.82591,25933.426207670578,25933.426207670578,False
2018-08-31 13:00:00+00:00,61663.0,35873.75960950555,35857.34954671563,16.410063,25789.24039049445,25789.24039049445,False
2018-08-31 14:00:00+00:00,60616.0,35685.0668670012,35713.593102581646,-28.526236,24930.933132998798,24930.933132998798,False
2018-08-31 15:00:00+00:00,60512.0,37288.28117833687,37345.0498283918,-56.76865,23223.718821663133,23223.718821663133,False
2018-08-31 16:00:00+00:00,59501.0,39845.87936543185,39864.02201412875,-18.142649,19655.12063456815,19655.12063456815,False
2018-08-31 17:00:00+00:00,58581.0,39624.07328875288,39584.09222109541,39.981068,18956.92671124712,18956.92671124712,False
2018-08-31 18:00:00+00:00,57416.0,37703.567543729834,37789.387924894385,-85.82038,19712.432456270166,19712.432456270166,False
2018-08-31 19:00:00+00:00,54234.0,34201.17542525927,34364.093500820796,-162.91808,20032.824574740727,20032.824574740727,False
2018-08-31 20:00:00+00:00,50190.0,32061.97276961185,31912.50531660892,149.46745,18128.02723038815,18128.02723038815,False
2018-08-31 21:00:00+00:00,46775.0,30703.354651331476,30606.047911524347,97.30674,16071.645348668524,16071.645348668524,False
2018-08-31 22:00:00+00:00,44447.0,27178.158570780986,27206.46089698338,-28.302326,17268.841429219014,17268.841429219014,False
2018-08-31 23:00:00+00:00,42552.0,23982.260763371378,24061.67171307841,-79.41095,18569.739236628622,18569.739236628622,False
2018-09-01 00:00:00+00:00,41251.0,21836.48465192743,21981.82936323114,-145.34471,19414.51534807257,19414.51534807257,False
2018-09-01 01:00:00+00:00,40949.0,20480.852855353936,20851.98575940667,-371.1329,20468.147144646064,20468.147144646064,False
2018-09-01 02:00:00+00:00,41088.0,20137.116729379894,20751.970550180675,-614.8538,20950.883270620106,20950.883270620106,False
2018-09-01 03:00:00+00:00,41942.0,19709.626468326263,21437.215823795013,-1727.5894,22232.373531673737,22232.373531673737,False
2018-09-01 04:00:00+00:00,43687.0,19839.99054860254,22761.45929860254,-2921.4688,23847.00945139746,23847.00945139746,False
2018-09-01 05:00:00+00:00,46377.0,25504.032602823685,25423.70692685933,80.325676,20872.967397176315,20872.967397176315,False
2018-09-01 06:00:00+00:00,50178.0,30176.837476163,29327.19373837003,849.64374,20001.162523837,20001.162523837,False
2018-09-01 07:00:00+00:00,52882.0,33418.844376786685,32615.011185868716,803.8332,19463.155623213315,19463.155623213315,False
2018-09-01 08:00:00+00:00,54397.0,34643.97674153095,35041.40529988056,-397.42856,19753.023258469053,19753.023258469053,False
2018-09-01 09:00:00+00:00,55728.0,36832.82664581667,36835.94173618685,-3.1150904,18895.17335418333,18895.17335418333,False
2018-09-01 10:00:00+00:00,55359.0,38116.49045158351,38263.89442802394,-147.40398,17242.509548416492,17242.509548416492,False
2018-09-01 11:00:00+00:00,53081.0,37753.50391433712,38090.20456741329,-336.70065,15327.496085662882,15327.496085662882,False
2018-09-01 12:00:00+00:00,50737.0,37038.78407574335,36811.95184612909,226.83223,13698.215924256649,13698.215924256649,False
2018-09-01 13:00:00+00:00,49980.0,36030.52547115129,35773.901691854415,256.62378,13949.47452884871,13949.47452884871,False
2018-09-01 14:00:00+00:00,49822.0,36159.64811637277,35630.14524772043,529.50287,13662.351883627227,13662.351883627227,False
2018-09-01 15:00:00+00:00,50328.0,37724.90046596222,37261.60197353058,463.2985,12603.099534037778,12603.099534037778,False
2018-09-01 16:00:00+00:00,51068.0,40126.27359164058,39780.57415926753,345.69943,10941.72640835942,10941.72640835942,False
2018-09-01 17:00:00+00:00,50720.0,39585.894488304504,39500.64436623419,85.25012,11134.105511695496,11134.105511695496,False
2018-09-01 18:00:00+00:00,50234.0,37541.949881434535,37705.94007003317,-163.99019,12692.050118565465,12692.050118565465,False
2018-09-01 19:00:00+00:00,47949.0,34677.37297139903,34280.64564595958,396.72733,13271.627028600968,13271.627028600968,False
2018-09-01 20:00:00+00:00,45641.0,32590.394375810203,31829.057461747703,761.3369,13050.605624189797,13050.605624189797,False
2018-09-01 21:00:00+00:00,42942.0,30617.767529502486,30522.60005666313,95.16747,12324.232470497514,12324.232470497514,False
2018-09-01 22:00:00+00:00,40203.0,27093.403369575775,27123.013042122162,-29.609673,13109.596630424225,13109.596630424225,False
2018-09-01 23:00:00+00:00,38649.0,23923.885238985014,23978.223858217192,-54.33862,14725.114761014986,14725.114761014986,False
2018-09-02 00:00:00+00:00,37803.0,21816.844810982228,21898.381508369923,-81.5367,15986.155189017772,15986.155189017772,False
2018-09-02 01:00:00+00:00,37386.0,20572.191316410688,20768.537904545454,-196.34659,16813.808683589312,16813.808683589312,False
2018-09-02 02:00:00+00:00,37288.0,20335.586232917114,20668.522695319458,-332.93646,16952.413767082886,16952.413767082886,False
2018-09-02 03:00:00+00:00,37870.0,20169.37758807442,21353.767968933797,-1184.3904,17700.62241192558,17700.62241192558,False
2018-09-02 04:00:00+00:00,38396.0,20277.557586319446,22678.01144374132,-2400.4539,18118.442413680554,18118.442413680554,False
2018-09-02 05:00:00+00:00,39972.0,25429.491799048894,25340.259071998113,89.23273,14542.508200951106,14542.508200951106,False
2018-09-02 06:00:00+00:00,43425.0,29783.587070032252,29243.745883508815,539.8412,13641.412929967748,13641.412929967748,False
2018-09-02 07:00:00+00:00,46494.0,33247.94089448406,32531.5633310075,716.37756,13246.059105515938,13246.059105515938,False
2018-09-02 08:00:00+00:00,48460.0,35027.79348170147,34957.95744501934,69.83604,13432.206518298532,13432.206518298532,False
2018-09-02 09:00:00+00:00,50398.0,37217.22142038813,36752.49388132563,464.72754,13180.77857961187,13180.77857961187,False
2018-09-02 10:00:00+00:00,50417.0,37988.43342008655,38180.44657316272,-192.01315,12428.566579913451,12428.566579913451,False
2018-09-02 11:00:00+00:00,48914.0,37664.728026028635,38006.75671255207,-342.0287,11249.271973971365,11249.271973971365,False
2018-09-02 12:00:00+00:00,46793.0,36983.52275957842,36728.50399126788,255.01877,9809.477240421576,9809.477240421576,False
2018-09-02 13:00:00+00:00,45895.0,35956.24640901468,35690.4538369932,265.79257,9938.753590985318,9938.753590985318,False
2018-09-02 14:00:00+00:00,46236.0,36051.26965848421,35546.69739285921,504.57227,10184.730341515788,10184.730341515788,False
2018-09-02 15:00:00+00:00,47831.0,37805.52216066155,37178.154118669365,627.36804,10025.477839338448,10025.477839338448,False
2018-09-02 16:00:00+00:00,49026.0,40173.31945015827,39697.126304406316,476.19315,8852.68054984173,8852.68054984173,False
2018-09-02 17:00:00+00:00,49515.0,39660.18962965911,39417.196511372975,242.99312,9854.810370340892,9854.810370340892,False
2018-09-02 18:00:00+00:00,50242.0,37873.0524110948,37622.49221517195,250.5602,12368.947588905197,12368.947588905197,False
2018-09-02 19:00:00+00:00,48640.0,34695.15613460422,34197.19779109836,497.95834,13944.843865395778,13944.843865395778,False
2018-09-02 20:00:00+00:00,46851.0,31991.74446406422,31745.609606886486,246.13486,14859.25553593578,14859.25553593578,False
2018-09-02 21:00:00+00:00,43896.0,30404.401309162753,30439.152201801913,-34.750893,13491.598690837247,13491.598690837247,False
2018-09-02 22:00:00+00:00,41892.0,27106.29950122579,27039.565187260945,66.734314,14785.700498774211,14785.700498774211,False
2018-09-02 23:00:00+00:00,40642.0,23920.941992278094,23894.776003355975,26.165989,16721.058007721906,16721.058007721906,False
2018-09-03 00:00:00+00:00,40140.0,21832.767822896523,21814.933653508706,17.83417,18307.232177103477,18307.232177103477,False
2018-09-03 01:00:00+00:00,40195.0,20794.853294313143,20685.090049684237,109.763245,19400.146705686857,19400.146705686857,False
2018-09-03 02:00:00+00:00,41645.0,20835.41553870043,20585.07484045824,250.3407,20809.58446129957,20809.58446129957,False
2018-09-03 03:00:00+00:00,46307.0,22419.113815244455,21270.32011407258,1148.7937,23887.886184755545,23887.886184755545,False
2018-09-03 04:00:00+00:00,55479.0,25333.62242677073,22594.563588880104,2739.0588,30145.37757322927,30145.37757322927,False
2018-09-03 05:00:00+00:00,61329.0,24913.951811619318,25256.811217136896,-342.8594,36415.04818838068,36415.04818838068,False
2018-09-03 06:00:00+00:00,64429.0,28617.70897835463,29160.298028647598,-542.58905,35811.291021645375,35811.291021645375,False
2018-09-03 07:00:00+00:00,65429.0,32051.89141608769,32448.115476146282,-396.22406,33377.10858391231,33377.10858391231,False
2018-09-03 08:00:00+00:00,66518.0,35000.32167817082,34874.50959015812,125.81209,31517.678321829182,31517.678321829182,False
2018-09-03 09:00:00+00:00,67451.0,36751.12621903033,36669.04602646441,82.08019,30699.87378096967,30699.87378096967,False
2018-09-03 10:00:00+00:00,67219.0,38263.32460025951,38096.998718301504,166.32588,28955.67539974049,28955.67539974049,False
2018-09-03 11:00:00+00:00,67157.0,38159.98340297894,37923.308857690856,236.67455,28997.01659702106,28997.01659702106,False
2018-09-03 12:00:00+00:00,66239.0,36334.717025078535,36645.05613640666,-310.3391,29904.282974921465,29904.282974921465,False
2018-09-03 13:00:00+00:00,64846.0,34993.711975784325,35607.00598213198,-613.294,29852.288024215675,29852.288024215675,False
2018-09-03 14:00:00+00:00,63632.0,34984.54015689448,35463.249537997996,-478.70938,28647.45984310552,28647.45984310552,False
2018-09-03 15:00:00+00:00,62622.0,36800.11236122026,37094.70626380815,-294.5939,25821.887638779743,25821.887638779743,False
2018-09-03 16:00:00+00:00,62683.0,39529.81857100506,39613.6784495451,-83.85988,23153.18142899494,23153.18142899494,False
2018-09-03 17:00:00+00:00,62257.0,39354.24939274833,39333.74865651176,20.500736,22902.75060725167,22902.75060725167,False
2018-09-03 18:00:00+00:00,62004.0,37114.20524898261,37539.044360310734,-424.8391,24889.79475101739,24889.79475101739,False
2018-09-03 19:00:00+00:00,58689.0,33252.11352266293,34113.749936237145,-861.6364,25436.886477337073,25436.886477337073,False
2018-09-03 20:00:00+00:00,54002.0,30849.9271939198,31662.16175202527,-812.23456,23152.0728060802,23152.0728060802,False
2018-09-03 21:00:00+00:00,49687.0,30527.865327165306,30355.704346940696,172.16098,19159.134672834694,19159.134672834694,False
2018-09-03 22:00:00+00:00,47078.0,27024.924018801095,26956.11733239973,68.80669,20053.075981198905,20053.075981198905,False
2018-09-03 23:00:00+00:00,45423.0,23820.663961063423,23811.32814849476,9.335813,21602.336038936577,21602.336038936577,False
2018-09-04 00:00:00+00:00,44260.0,21741.620744516935,21731.48579864749,10.134946,22518.379255483065,22518.379255483065,False
2018-09-04 01:00:00+00:00,44197.0,20638.536901549094,20601.64219482302,36.894707,23558.463098450906,23558.463098450906,False
2018-09-04 02:00:00+00:00,45163.0,20561.770441102395,20501.626985597024,60.143456,24601.229558897605,24601.229558897605,False
2018-09-04 03:00:00+00:00,48890.0,21585.17795379144,21186.872259211363,398.3057,27304.82204620856,27304.82204620856,False
2018-09-04 04:00:00+00:00,57274.0,23281.184459604825,22511.115734018887,770.0687,33992.815540395175,33992.815540395175,False
2018-09-04 05:00:00+00:00,62157.0,25054.459088288862,25173.36336227568,-118.904274,37102.54091171114,37102.54091171114,False
2018-09-04 06:00:00+00:00,65152.0,28712.292526081303,29076.85017378638,-364.55765,36439.707473918694,36439.707473918694,False
2018-09-04 07:00:00+00:00,65502.0,32087.036639839753,32364.667621285065,-277.63098,33414.96336016025,33414.96336016025,False
2018-09-04 08:00:00+00:00,66754.0,34848.88984122342,34791.061735296906,57.828106,31905.11015877658,31905.11015877658,False
2018-09-04 09:00:00+00:00,67994.0,36624.31835211467,36585.5981716032,38.72018,31369.68164788533,31369.68164788533,False
2018-09-04 10:00:00+00:00,67901.0,38089.81727426792,38013.55086344029,76.26641,29811.182725732077,29811.182725732077,False
2018-09-04 11:00:00+00:00,67048.0,37907.14516725835,37839.86100282964,67.284164,29140.85483274165,29140.85483274165,False
2018-09-04 12:00:00+00:00,65768.0,36486.90176909427,36561.60828154544,-74.70651,29281.09823090573,29281.09823090573,False
2018-09-04 13:00:00+00:00,64756.0,35331.51338850123,35523.558127270764,-192.04474,29424.486611498767,29424.486611498767,False
2018-09-04 14:00:00+00:00,63259.0,35211.46231240924,35379.80168313678,-168.33937,28047.53768759076,28047.53768759076,False
2018-09-04 15:00:00+00:00,62922.0,36960.63618223184,37011.25840894693,-50.622227,25961.363817768157,25961.363817768157,False
2018-09-04 16:00:00+00:00,62753.0,39550.05138783574,39530.23059468388,19.820793,23202.948612164262,23202.948612164262,False
2018-09-04 17:00:00+00:00,62272.0,39292.80967845108,39250.30080165054,42.508877,22979.190321548922,22979.190321548922,False
2018-09-04 18:00:00+00:00,62179.0,37326.52561311553,37455.59650544952,-129.07089,24852.474386884467,24852.474386884467,False
2018-09-04 19:00:00+00:00,58809.0,33559.17766120991,34030.30208137593,-471.12442,25249.822338790087,25249.822338790087,False
2018-09-04 20:00:00+00:00,54323.0,31123.651854927724,31578.713897164052,-455.06204,23199.348145072276,23199.348145072276,False
2018-09-04 21:00:00+00:00,50343.0,30321.65428489564,30272.25649207948,49.397793,20021.34571510436,20021.34571510436,False
2018-09-04 22:00:00+00:00,47203.0,26891.865423278257,26872.66947753851,19.195946,20311.134576721743,20311.134576721743,False
2018-09-04 23:00:00+00:00,45265.0,23745.00219800671,23727.88029363354,17.121904,21519.99780199329,21519.99780199329,False
2018-09-05 00:00:00+00:00,44167.0,21665.15984815944,21648.037943786272,17.121904,22501.84015184056,22501.84015184056,False
2018-09-05 01:00:00+00:00,44333.0,20541.848814220226,20518.194339961803,23.654474,23791.151185779774,23791.151185779774,False
2018-09-05 02:00:00+00:00,45470.0,20467.064209165983,20418.179130735807,48.88508,25002.935790834017,25002.935790834017,False
2018-09-05 03:00:00+00:00,49048.0,21417.085598197802,21103.424404350146,313.6612,27630.914401802198,27630.914401802198,False
2018-09-05 04:00:00+00:00,56664.0,22963.150850349077,22427.66787915767,535.483,33700.84914965092,33700.84914965092,False
2018-09-05 05:00:00+00:00,61738.0,24911.226817228915,25089.915507414462,-178.68869,36826.77318277108,36826.77318277108,False
2018-09-05 06:00:00+00:00,64359.0,28786.187932938836,28993.402318925164,-207.21439,35572.81206706117,35572.81206706117,False
2018-09-05 07:00:00+00:00,65050.0,32041.937127874044,32281.21976642385,-239.28264,33008.062872125956,33008.062872125956,False
2018-09-05 08:00:00+00:00,66236.0,34736.54205922292,34707.61388043569,28.928179,31499.45794077708,31499.45794077708,False
2018-09-05 09:00:00+00:00,67212.0,36542.524889495886,36502.15031674198,40.374573,30669.475110504114,30669.475110504114,False
2018-09-05 10:00:00+00:00,67086.0,37986.70180542355,37930.10300857907,56.598797,29099.298194576448,29099.298194576448,False
2018-09-05 11:00:00+00:00,66702.0,37789.01517204679,37756.41314796842,32.602024,28912.98482795321,28912.98482795321,False
2018-09-05 12:00:00+00:00,65704.0,36407.90272099575,36478.160426684226,-70.257706,29296.09727900425,29296.09727900425,False
2018-09-05 13:00:00+00:00,64325.0,35260.28652668201,35440.11027240955,-179.82375,29064.713473317992,29064.713473317992,False
2018-09-05 14:00:00+00:00,63093.0,35176.83866103923,35296.35382827556,-119.51517,27916.161338960766,27916.161338960766,False
2018-09-05 15:00:00+00:00,62676.0,36888.72989612673,36927.810554085714,-39.080658,25787.27010387327,25787.27010387327,False
2018-09-05 16:00:00+00:00,62525.0,39467.16988581876,39446.782739822665,20.387146,23057.83011418124,23057.83011418124,False
2018-09-05 17:00:00+00:00,62434.0,39213.38875535256,39166.852946789324,46.53581,23220.611244647444,23220.611244647444,False
2018-09-05 18:00:00+00:00,62202.0,37267.81909126213,37372.1486505883,-104.32956,24934.18090873787,24934.18090873787,False
2018-09-05 19:00:00+00:00,58937.0,33551.21366254987,33946.85422651471,-395.64056,25385.786337450132,25385.786337450132,False
2018-09-05 20:00:00+00:00,54414.0,31153.805440496195,31495.266042302836,-341.4606,23260.194559503805,23260.194559503805,False
2018-09-05 21:00:00+00:00,50121.0,30245.26356657007,30188.808637218262,56.45493,19875.73643342993,19875.73643342993,False
2018-09-05 22:00:00+00:00,47171.0,26810.129757137744,26789.221622677294,20.908134,20360.870242862256,20360.870242862256,False
2018-09-05 23:00:00+00:00,45566.0,23661.554343145493,23644.432438772325,17.121904,21904.445656854507,21904.445656854507,False
2018-09-06 00:00:00+00:00,44363.0,21575.370959362677,21564.590088925055,10.78087,22787.629040637323,22787.629040637323,False
2018-09-06 01:00:00+00:00,44296.0,20431.58058439334,20434.746485100586,-3.1659007,23864.41941560666,23864.41941560666,False
2018-09-06 02:00:00+00:00,45450.0,20360.109144526934,20334.73127587459,25.377869,25089.890855473066,25089.890855473066,False
2018-09-06 03:00:00+00:00,49361.0,21259.616457325843,21019.97654948893,239.63991,28101.383542674157,28101.383542674157,False
2018-09-06 04:00:00+00:00,57225.0,22434.21978015583,22344.220024296454,89.999756,34790.78021984417,34790.78021984417,False
2018-09-06 05:00:00+00:00,61882.0,24815.610718959495,25006.467652553245,-190.85693,37066.38928104051,37066.38928104051,False
2018-09-06 06:00:00+00:00,64378.0,28744.45357905418,28909.954464063947,-165.50089,35633.546420945815,35633.546420945815,False
2018-09-06 07:00:00+00:00,65279.0,32052.446289004038,32197.77191156263,-145.32562,33226.55371099596,33226.55371099596,False
2018-09-06 08:00:00+00:00,66526.0,34658.863871033456,34624.16602557447,34.697845,31867.136128966544,31867.136128966544,False
2018-09-06 09:00:00+00:00,68029.0,36477.01070849331,36418.70246188076,58.308247,31551.98929150669,31551.98929150669,False
2018-09-06 10:00:00+00:00,68014.0,37927.88250204549,37846.65515371785,81.22735,30086.11749795451,30086.11749795451,False
2018-09-06 11:00:00+00:00,67665.0,37754.833457169705,37672.965293107205,81.868164,29910.166542830295,29910.166542830295,False
2018-09-06 12:00:00+00:00,66580.0,36428.6110245818,36394.71257182301,33.898453,30151.388975418202,30151.388975418202,False
2018-09-06 13:00:00+00:00,65344.0,35306.06629862133,35356.66241754833,-50.59612,30037.93370137867,30037.93370137867,False
2018-09-06 14:00:00+00:00,63872.0,35142.498807887,35212.905973414345,-70.407166,28729.501192113,28729.501192113,False
2018-09-06 15:00:00+00:00,63614.0,36818.814332677866,36844.3626992245,-25.548367,26795.185667322134,26795.185667322134,False
2018-09-06 16:00:00+00:00,63252.0,39373.39146169027,39363.33488496145,10.056577,23878.60853830973,23878.60853830973,False
2018-09-06 17:00:00+00:00,63330.0,39094.32713286744,39083.40509192811,10.922041,24235.67286713256,24235.67286713256,False
2018-09-06 18:00:00+00:00,63104.0,37025.70912702591,37288.70079572708,-262.99167,26078.29087297409,26078.29087297409,False
2018-09-06 19:00:00+00:00,59451.0,33413.69921833318,33863.406371653495,-449.70715,26037.300781666818,26037.300781666818,False
2018-09-06 20:00:00+00:00,55100.0,31048.10770770529,31411.81818744162,-363.71048,24051.89229229471,24051.89229229471,False
2018-09-06 21:00:00+00:00,50694.0,30162.72813007433,30105.360782357046,57.367348,20531.27186992567,20531.27186992567,False
2018-09-06 22:00:00+00:00,47953.0,26729.20610462333,26705.773767816077,23.432337,21223.79389537667,21223.79389537667,False
2018-09-06 23:00:00+00:00,46240.0,23578.600325640844,23560.984583911108,17.615742,22661.399674359156,22661.399674359156,False
2018-09-07 00:00:00+00:00,45005.0,21502.302464700435,21481.14223406384,21.16023,23502.697535299565,23502.697535299565,False
2018-09-07 01:00:00+00:00,45608.0,20385.744408132436,20351.29863023937,34.445778,25222.255591867564,25222.255591867564,False
2018-09-07 02:00:00+00:00,46351.0,20298.07340667011,20251.283421013373,46.789986,26052.92659332989,26052.92659332989,False
2018-09-07 03:00:00+00:00,49840.0,21188.52350663943,20936.528694627712,251.99481,28651.47649336057,28651.47649336057,False
2018-09-07 04:00:00+00:00,57642.0,22780.826063478205,22260.772169435237,520.0539,34861.173936521795,34861.173936521795,False
2018-09-07 05:00:00+00:00,62457.0,24809.177207359997,24923.019797692028,-113.84259,37647.82279264,37647.82279264,False
2018-09-07 06:00:00+00:00,65612.0,28634.662935496675,28826.50660920273,-191.84367,36977.33706450333,36977.33706450333,False
2018-09-07 07:00:00+00:00,66589.0,31950.024435119383,32114.324056701415,-164.29962,34638.97556488062,34638.97556488062,False
2018-09-07 08:00:00+00:00,67801.0,34411.61364800818,34540.718170713255,-129.10452,33389.38635199182,33389.38635199182,False
2018-09-07 09:00:00+00:00,68521.0,36147.879927454116,36335.254607019546,-187.37468,32373.120072545884,32373.120072545884,False
2018-09-07 10:00:00+00:00,67086.0,37540.60979519453,37763.207298856636,-222.5975,29545.390204805473,29545.390204805473,False
2018-09-07 11:00:00+00:00,65275.0,37446.68423206923,37589.51743824599,-142.8332,27828.31576793077,27828.31576793077,False
2018-09-07 12:00:00+00:00,63962.0,36335.630519726685,36311.26471696179,24.365803,27626.369480273315,27626.369480273315,False
2018-09-07 13:00:00+00:00,63092.0,35267.84017017765,35273.21456268711,-5.3743925,27824.159829822347,27824.159829822347,False
2018-09-07 14:00:00+00:00,62251.0,35000.15178310391,35129.45811855313,-129.30634,27250.84821689609,27250.84821689609,False
2018-09-07 15:00:00+00:00,61381.0,36590.73598083789,36760.91484436328,-170.17886,24790.26401916211,24790.26401916211,False
2018-09-07 16:00:00+00:00,60887.0,39171.34917304457,39279.88703010023,-108.53786,21715.650826955432,21715.650826955432,False
2018-09-07 17:00:00+00:00,59994.0,38939.30807095971,38999.95723706689,-60.649166,21054.691929040288,21054.691929040288,False
2018-09-07 18:00:00+00:00,59307.0,37078.39788410317,37205.25294086587,-126.85506,22228.60211589683,22228.60211589683,False
2018-09-07 19:00:00+00:00,55879.0,33626.87169428251,33779.95851679228,-153.08682,22252.128305717488,22252.128305717488,False
2018-09-07 20:00:00+00:00,52127.0,31505.22419915755,31328.3703325804,176.85387,20621.77580084245,20621.77580084245,False
2018-09-07 21:00:00+00:00,48224.0,30057.39172159373,30021.91292749583,35.478794,18166.60827840627,18166.60827840627,False
2018-09-07 22:00:00+00:00,45732.0,26540.833412649685,26622.32591295486,-81.4925,19191.166587350315,19191.166587350315,False
2018-09-07 23:00:00+00:00,43971.0,23360.069077682703,23477.53672904989,-117.46765,20610.930922317297,20610.930922317297,False
2018-09-08 00:00:00+00:00,42981.0,21232.676267020004,21397.69437920262,-165.01811,21748.323732979996,21748.323732979996,False
2018-09-08 01:00:00+00:00,42594.0,19922.77985252659,20267.850775378152,-345.07092,22671.22014747341,22671.22014747341,False
2018-09-08 02:00:00+00:00,42718.0,19526.34838353497,20167.835566152156,-641.4872,23191.65161646503,23191.65161646503,False
2018-09-08 03:00:00+00:00,43409.0,18865.427885664933,20853.080839766495,-1987.653,24543.572114335067,24543.572114335067,False
2018-09-08 04:00:00+00:00,45736.0,18980.520359495895,22177.32431457402,-3196.804,26755.479640504105,26755.479640504105,False
2018-09-08 05:00:00+00:00,48339.0,25258.190045858155,24839.57194283081,418.6181,23080.809954141845,23080.809954141845,False
2018-09-08 06:00:00+00:00,52363.0,30042.134926216513,28743.058754341513,1299.0762,22320.865073783487,22320.865073783487,False
2018-09-08 07:00:00+00:00,54506.0,33165.905864926135,32030.876201840198,1135.0297,21340.094135073865,21340.094135073865,False
2018-09-08 08:00:00+00:00,55294.0,33932.033072199694,34457.27031585204,-525.23724,21361.966927800306,21361.966927800306,False
2018-09-08 09:00:00+00:00,56203.0,36017.89134688489,36251.80675215833,-233.9154,20185.10865311511,20185.10865311511,False
2018-09-08 10:00:00+00:00,55488.0,37818.94433474249,37679.75944399542,139.18489,17669.05566525751,17669.05566525751,False
2018-09-08 11:00:00+00:00,53272.0,37303.46640345313,37506.06958338477,-202.60318,15968.53359654687,15968.53359654687,False
2018-09-08 12:00:00+00:00,51804.0,36379.535779947255,36227.816862100575,151.71892,15424.464220052745,15424.464220052745,False
2018-09-08 13:00:00+00:00,51298.0,35425.422667908904,35189.7667078259,235.65596,15872.577332091096,15872.577332091096,False
2018-09-08 14:00:00+00:00,51062.0,35517.106394063005,35046.01026369191,471.09613,15544.893605936995,15544.893605936995,False
2018-09-08 15:00:00+00:00,51869.0,37145.15503881847,36677.46698950206,467.68805,14723.84496118153,14723.84496118153,False
2018-09-08 16:00:00+00:00,51947.0,39515.16332685034,39196.439175239015,318.72415,12431.836673149657,12431.836673149657,False
2018-09-08 17:00:00+00:00,52041.0,39103.49314685411,38916.50938220567,186.98376,12937.50685314589,12937.50685314589,False
2018-09-08 18:00:00+00:00,51896.0,37315.208299505626,37121.80508600465,193.40321,14580.791700494374,14580.791700494374,False
2018-09-08 19:00:00+00:00,49168.0,34236.87449249747,33696.51066193106,540.36383,14931.125507502533,14931.125507502533,False
2018-09-08 20:00:00+00:00,46638.0,31846.094718930122,31244.922477719185,601.17224,14791.905281069878,14791.905281069878,False
2018-09-08 21:00:00+00:00,43594.0,29962.90330124179,29938.46507263461,24.438229,13631.09669875821,13631.09669875821,False
2018-09-08 22:00:00+00:00,40974.0,26462.178099292374,26538.878058093644,-76.69996,14511.821900707626,14511.821900707626,False
2018-09-08 23:00:00+00:00,38837.0,23332.10802015425,23394.088874188674,-61.980854,15504.89197984575,15504.89197984575,False
2018-09-09 00:00:00+00:00,37712.0,21231.09203673154,21314.246524341404,-83.15449,16480.90796326846,16480.90796326846,False
2018-09-09 01:00:00+00:00,37114.0,19950.43261412045,20184.402920516935,-233.9703,17163.56738587955,17163.56738587955,False
2018-09-09 02:00:00+00:00,37383.0,19694.27443004094,20084.38771129094,-390.11328,17688.72556995906,17688.72556995906,False
2018-09-09 03:00:00+00:00,37776.0,19532.87968900684,20769.632984905278,-1236.7533,18243.12031099316,18243.12031099316,False
2018-09-09 04:00:00+00:00,38326.0,19517.837885494053,22093.876459712803,-2576.0386,18808.162114505947,18808.162114505947,False
2018-09-09 05:00:00+00:00,39943.0,24631.40803877526,24756.124087969594,-124.71605,15311.591961224742,15311.591961224742,False
2018-09-09 06:00:00+00:00,43419.0,29331.148802312327,28659.610899480296,671.5379,14087.851197687673,14087.851197687673,False
2018-09-09 07:00:00+00:00,45934.0,32836.05243145164,31947.42834697898,888.6241,13097.947568548363,13097.947568548363,False
2018-09-09 08:00:00+00:00,47563.0,34633.92646489707,34373.82246099082,260.104,12929.073535102929,12929.073535102929,False
2018-09-09 09:00:00+00:00,49070.0,36364.85465535375,36168.35889729711,196.49576,12705.145344646247,12705.145344646247,False
2018-09-09 10:00:00+00:00,49343.0,38024.10095680998,37596.3115891342,427.78937,11318.899043190017,11318.899043190017,False
2018-09-09 11:00:00+00:00,47539.0,37056.32149658996,37422.621728523554,-366.30023,10482.67850341004,10482.67850341004,False
2018-09-09 12:00:00+00:00,46278.0,36129.03240979673,36144.36900723936,-15.336597,10148.967590203269,10148.967590203269,False
2018-09-09 13:00:00+00:00,45926.0,35385.56830364827,35106.31885296468,279.24945,10540.431696351727,10540.431696351727,False
2018-09-09 14:00:00+00:00,45899.0,35341.22787513929,34962.562408830694,378.66547,10557.772124860712,10557.772124860712,False
2018-09-09 15:00:00+00:00,46747.0,37282.00753796116,36594.01913464085,687.9884,9464.992462038841,9464.992462038841,False
2018-09-09 16:00:00+00:00,48528.0,39748.696947819204,39112.9913203778,635.7056,8779.303052180796,8779.303052180796,False
2018-09-09 17:00:00+00:00,49795.0,39198.394229981175,38833.06152734446,365.3327,10596.605770018825,10596.605770018825,False
2018-09-09 18:00:00+00:00,51486.0,37559.57750702234,37038.35723114343,521.2203,13926.422492977661,13926.422492977661,False
2018-09-09 19:00:00+00:00,49649.0,34255.284975038594,33613.062807069844,642.22217,15393.715024961406,15393.715024961406,False
2018-09-09 20:00:00+00:00,47895.0,31797.287366998593,31161.474622857968,635.81274,16097.712633001407,16097.712633001407,False
2018-09-09 21:00:00+00:00,44807.0,29829.827852386432,29855.017217773395,-25.189365,14977.172147613568,14977.172147613568,False
2018-09-09 22:00:00+00:00,43095.0,26534.536862167974,26455.430203232427,79.10666,16560.463137832026,16560.463137832026,False
2018-09-09 23:00:00+00:00,41603.0,23358.593587381656,23310.641019327457,47.952568,18244.406412618344,18244.406412618344,False
2018-09-10 00:00:00+00:00,40908.0,21289.854604386193,21230.798669480188,59.055935,19618.145395613807,19618.145395613807,False
2018-09-10 01:00:00+00:00,41033.0,20268.885302472125,20100.95506565572,167.93024,20764.114697527875,20764.114697527875,False
2018-09-10 02:00:00+00:00,42682.0,20323.163458724644,20000.939856429723,322.2236,22358.836541275356,22358.836541275356,False
2018-09-10 03:00:00+00:00,47160.0,21954.609568520624,20686.18513004406,1268.4244,25205.390431479376,25205.390431479376,False
2018-09-10 04:00:00+00:00,55979.0,24625.358292351586,22010.428604851586,2614.9297,31353.641707648414,31353.641707648414,False
2018-09-10 05:00:00+00:00,61229.0,24325.841974075174,24672.676233108377,-346.83426,36903.15802592483,36903.15802592483,False
2018-09-10 06:00:00+00:00,63833.0,27933.22633807611,28576.16304461908,-642.9367,35899.773661923886,35899.773661923886,False
2018-09-10 07:00:00+00:00,64521.0,31577.800987723233,31863.980492117764,-286.1795,32943.19901227677,32943.19901227677,False
2018-09-10 08:00:00+00:00,66127.0,34412.767992970425,34290.374606129604,122.39339,31714.232007029575,31714.232007029575,False
2018-09-10 09:00:00+00:00,67810.0,36170.442597611676,36084.911042435895,85.531555,31639.557402388324,31639.557402388324,False
2018-09-10 10:00:00+00:00,67603.0,37682.933741597204,37512.863734272985,170.07,29920.066258402796,29920.066258402796,False
2018-09-10 11:00:00+00:00,67080.0,37581.62194800316,37339.17387366234,242.44807,29498.378051996842,29498.378051996842,False
2018-09-10 12:00:00+00:00,65895.0,35762.9800818215,36060.92115237814,-297.94107,30132.0199181785,30132.0199181785,False
2018-09-10 13:00:00+00:00,65517.0,34463.990260798775,35022.87099810346,-558.88074,31053.009739201225,31053.009739201225,False
2018-09-10 14:00:00+00:00,63635.0,34387.06954054174,34879.11455396948,-492.045,29247.930459458257,29247.930459458257,False
2018-09-10 15:00:00+00:00,62924.0,36217.84172655697,36510.57127977963,-292.72955,26706.158273443027,26706.158273443027,False
2018-09-10 16:00:00+00:00,62673.0,38943.57488336326,39029.54346551658,-85.96858,23729.42511663674,23729.42511663674,False
2018-09-10 17:00:00+00:00,62923.0,38772.24255393771,38749.61367248324,22.628881,24150.757446062293,24150.757446062293,False
2018-09-10 18:00:00+00:00,62236.0,36526.54069342089,36954.909376282216,-428.36868,25709.459306579112,25709.459306579112,False
2018-09-10 19:00:00+00:00,58358.0,32678.25130474769,33529.61495220863,-851.36365,25679.74869525231,25679.74869525231,False
2018-09-10 20:00:00+00:00,54555.0,30275.689426688157,31078.02676799675,-802.33734,24279.310573311843,24279.310573311843,False
2018-09-10 21:00:00+00:00,49447.0,29953.406948361397,29771.569362912178,181.83759,19493.593051638603,19493.593051638603,False
2018-09-10 22:00:00+00:00,46365.0,26458.022501874628,26371.98234837121,86.04015,19906.977498125372,19906.977498125372,False
2018-09-10 23:00:00+00:00,44981.0,23233.158831714012,23227.19316446624,5.9656672,21747.841168285988,21747.841168285988,False
2018-09-11 00:00:00+00:00,44355.0,21147.449018106665,21147.35081461897,0.09820349,23207.550981893335,23207.550981893335,False
2018-09-11 01:00:00+00:00,44582.0,20038.000163141303,20017.5072107945,20.492952,24543.999836858697,24543.999836858697,False
2018-09-11 02:00:00+00:00,45822.0,19966.339898144433,19917.492001568506,48.847897,25855.660101855567,25855.660101855567,False
2018-09-11 03:00:00+00:00,50059.0,20995.218415319563,20602.737275182844,392.48114,29063.781584680437,29063.781584680437,False
2018-09-11 04:00:00+00:00,58764.0,22826.022009755994,21926.98074999037,899.04126,35937.977990244006,35937.977990244006,False
2018-09-11 05:00:00+00:00,63549.0,24498.92848963632,24589.22837824716,-90.29989,39050.071510363676,39050.071510363676,False
2018-09-11 06:00:00+00:00,66102.0,28059.060801330128,28492.715189757862,-433.6544,38042.939198669876,38042.939198669876,False
2018-09-11 07:00:00+00:00,66613.0,31454.978438037797,31780.532637256547,-325.5542,35158.0215619622,35158.0215619622,False
2018-09-11 08:00:00+00:00,67988.0,34342.26911271858,34206.92675126839,135.34236,33645.73088728142,33645.73088728142,False
2018-09-11 09:00:00+00:00,70270.0,36062.09321153098,36001.46318757468,60.630024,34207.90678846902,34207.90678846902,True
2018-09-11 10:00:00+00:00,69996.0,37534.85329548843,37429.41587941177,105.437416,32461.14670451157,32461.14670451157,True
2018-09-11 11:00:00+00:00,69641.0,37356.0432948021,37255.72601880112,100.317276,32284.956705197903,32284.956705197903,True
2018-09-11 12:00:00+00:00,68469.0,35802.114731232745,35977.473297516925,-175.35857,32666.885268767255,32666.885268767255,False
2018-09-11 13:00:00+00:00,67277.0,34646.01371941412,34939.423143242246,-293.40942,32630.98628058588,32630.98628058588,False
2018-09-11 14:00:00+00:00,65240.0,34564.0394102899,34795.66669910826,-231.62729,30675.9605897101,30675.9605897101,False
2018-09-11 15:00:00+00:00,64885.0,36312.81253472066,36427.12342491841,-114.31089,28572.18746527934,28572.18746527934,False
2018-09-11 16:00:00+00:00,64699.0,38903.023119963225,38946.095610655364,-43.07249,25795.976880036775,25795.976880036775,False
2018-09-11 17:00:00+00:00,64489.0,38686.20662343867,38666.16581762202,20.040806,25802.793376561327,25802.793376561327,False
2018-09-11 18:00:00+00:00,63702.0,36749.76513317637,36871.461521421,-121.69639,26952.23486682363,26952.23486682363,False
2018-09-11 19:00:00+00:00,59630.0,33016.05802752319,33446.16709734741,-430.10907,26613.94197247681,26613.94197247681,False
2018-09-11 20:00:00+00:00,54836.0,30552.240808887487,30994.578913135534,-442.3381,24283.759191112513,24283.759191112513,False
2018-09-11 21:00:00+00:00,50431.0,29731.51442186932,29688.12150805096,43.392914,20699.48557813068,20699.48557813068,False
2018-09-11 22:00:00+00:00,47387.0,26295.43117291139,26288.534493509993,6.8966794,21091.56882708861,21091.56882708861,False
2018-09-11 23:00:00+00:00,45955.0,23148.67565704765,23143.745309605023,4.9303474,22806.32434295235,22806.32434295235,False
2018-09-12 00:00:00+00:00,45066.0,21077.176170283266,21063.902959757754,13.273211,23988.823829716734,23988.823829716734,False
2018-09-12 01:00:00+00:00,45535.0,19966.966960150814,19934.059355933285,32.907604,25568.033039849186,25568.033039849186,False
2018-09-12 02:00:00+00:00,46783.0,19877.160819223158,19834.04414670729,43.116673,26905.839180776842,26905.839180776842,False
2018-09-12 03:00:00+00:00,50201.0,20960.27995987241,20519.289420321627,440.99054,29240.72004012759,29240.72004012759,False
2018-09-12 04:00:00+00:00,58222.0,22818.10827354712,21843.532895129152,974.5754,35403.89172645288,35403.89172645288,False
2018-09-12 05:00:00+00:00,62864.0,24354.794454660358,24505.780523385944,-150.98607,38509.205545339646,38509.205545339646,False
2018-09-12 06:00:00+00:00,65858.0,28047.899781185708,28409.267334896645,-361.36755,37810.10021881429,37810.10021881429,False
2018-09-12 07:00:00+00:00,66627.0,31375.02618864533,31697.08478239533,-322.0586,35251.97381135467,35251.97381135467,False
2018-09-12 08:00:00+00:00,67978.0,34188.79441001801,34123.47889640717,65.31551,33789.20558998199,33789.20558998199,False
2018-09-12 09:00:00+00:00,69635.0,35960.58806373153,35918.01533271346,42.57273,33674.41193626847,33674.41193626847,True
2018-09-12 10:00:00+00:00,68735.0,37416.61439448463,37345.96802455055,70.64637,31318.385605515366,31318.385605515366,False
2018-09-12 11:00:00+00:00,68224.0,37230.574939757775,37172.2781639399,58.296776,30993.425060242225,30993.425060242225,False
2018-09-12 12:00:00+00:00,66960.0,35827.6226945478,35894.02544265571,-66.40275,31132.377305452203,31132.377305452203,False
2018-09-12 13:00:00+00:00,65989.0,34664.03485869353,34855.97528838103,-191.94043,31324.96514130647,31324.96514130647,False
2018-09-12 14:00:00+00:00,64235.0,34565.278872323215,34712.21884424704,-146.93997,29669.721127676785,29669.721127676785,False
2018-09-12 15:00:00+00:00,63871.0,36293.133608387274,36343.675570057196,-50.54196,27577.866391612726,27577.866391612726,False
2018-09-12 16:00:00+00:00,63821.0,38876.725840739826,38862.64775579415,14.078085,24944.274159260174,24944.274159260174,False
2018-09-12 17:00:00+00:00,63855.0,38613.09583141315,38582.717962760806,30.377869,25241.90416858685,25241.90416858685,False
2018-09-12 18:00:00+00:00,63369.0,36641.08907549533,36788.01366655978,-146.92459,26727.91092450467,26727.91092450467,False
2018-09-12 19:00:00+00:00,58839.0,32985.59512749596,33362.71924248619,-377.1241,25853.40487250404,25853.40487250404,False
2018-09-12 20:00:00+00:00,54083.0,30609.72364860635,30911.131058274317,-301.4074,23473.27635139365,23473.27635139365,False
2018-09-12 21:00:00+00:00,49723.0,29636.875252310838,29604.673653189744,32.2016,20086.124747689162,20086.124747689162,False
2018-09-12 22:00:00+00:00,47019.0,26222.208543021945,26205.086638648776,17.121904,20796.791456978055,20796.791456978055,False
2018-09-12 23:00:00+00:00,45422.0,23077.419359116975,23060.297454743806,17.121904,22344.580640883025,22344.580640883025,False
2018-09-13 00:00:00+00:00,44300.0,21000.97899634551,20980.455104896537,20.523891,23299.02100365449,23299.02100365449,False
2018-09-13 01:00:00+00:00,44321.0,19885.337830875535,19850.611501072068,34.72633,24435.662169124465,24435.662169124465,False
2018-09-13 02:00:00+00:00,45176.0,19820.354852026736,19750.596291846072,69.75856,25355.645147973264,25355.645147973264,False
2018-09-13 03:00:00+00:00,48975.0,20792.093396515098,20435.84156546041,356.25183,28182.906603484902,28182.906603484902,False
2018-09-13 04:00:00+00:00,57841.0,22104.00032347106,21760.085040267935,343.91528,35736.99967652894,35736.99967652894,False
2018-09-13 05:00:00+00:00,63094.0,24338.293483954414,24422.332668524727,-84.039185,38755.70651604558,38755.70651604558,False
2018-09-13 06:00:00+00:00,65508.0,28096.241767022733,28325.81948003543,-229.57771,37411.75823297727,37411.75823297727,False
2018-09-13 07:00:00+00:00,65594.0,31373.718119550715,31613.636927534113,-239.91881,34220.281880449285,34220.281880449285,False
2018-09-13 08:00:00+00:00,66930.0,34105.62391416558,34040.03104154595,65.59287,32824.37608583442,32824.37608583442,False
2018-09-13 09:00:00+00:00,67915.0,35900.389018684764,35834.567477852244,65.82154,32014.610981315236,32014.610981315236,False
2018-09-13 10:00:00+00:00,67566.0,37349.6228994867,37262.520169689335,87.10273,30216.377100513302,30216.377100513302,False
2018-09-13 11:00:00+00:00,66765.0,37171.850023434155,37088.83030907869,83.019714,29593.149976565845,29593.149976565845,False
2018-09-13 12:00:00+00:00,66189.0,35810.54861559344,35810.57758779449,-0.028972201,30378.45138440656,30378.45138440656,False
2018-09-13 13:00:00+00:00,65434.0,34627.854383593054,34772.52743351981,-144.67305,30806.145616406946,30806.145616406946,False
2018-09-13 14:00:00+00:00,63537.0,34439.78281494735,34628.77098938583,-188.98817,29097.21718505265,29097.21718505265,False
2018-09-13 15:00:00+00:00,63402.0,36193.487137498225,36260.22771519598,-66.74058,27208.512862501775,27208.512862501775,False
2018-09-13 16:00:00+00:00,63172.0,38773.01616127076,38779.19990093293,-6.1837397,24398.98383872924,24398.98383872924,False
2018-09-13 17:00:00+00:00,63708.0,38492.745951329154,38499.27010789959,-6.5241566,25215.254048670846,25215.254048670846,False
2018-09-13 18:00:00+00:00,62817.0,36479.65138298763,36704.565811698565,-224.91443,26337.348617012372,26337.348617012372,False
2018-09-13 19:00:00+00:00,58451.0,32925.770411062476,33279.271387624976,-353.50098,25525.229588937524,25525.229588937524,False
2018-09-13 20:00:00+00:00,53659.0,30625.917013837905,30827.6832034131,-201.76619,23033.082986162095,23033.082986162095,False
2018-09-13 21:00:00+00:00,49724.0,29564.146475513586,29521.225798328527,42.920677,20159.853524486414,20159.853524486414,False
2018-09-13 22:00:00+00:00,47231.0,26138.760688160728,26121.63878378756,17.121904,21092.239311839272,21092.239311839272,False
2018-09-13 23:00:00+00:00,45448.0,22993.97150425576,22976.84959988259,17.121904,22454.02849574424,22454.02849574424,False
2018-09-14 00:00:00+00:00,44320.0,20916.877372944866,20897.00725003532,19.870123,23403.122627055134,23403.122627055134,False
2018-09-14 01:00:00+00:00,44274.0,19790.90847157401,19767.16364621085,23.744825,24483.09152842599,24483.09152842599,False
2018-09-14 02:00:00+00:00,45215.0,19653.03280397399,19667.148436984855,-14.115633,25561.96719602601,25561.96719602601,False
2018-09-14 03:00:00+00:00,49145.0,19999.523105130444,20352.393710599194,-352.8706,29145.476894869556,29145.476894869556,False
2018-09-14 04:00:00+00:00,57700.0,19891.110085797343,21676.63718540672,-1785.5271,37808.88991420266,37808.88991420266,False
2018-09-14 05:00:00+00:00,62625.0,24341.14632284358,24338.88481366351,2.2615092,38283.853677156425,38283.853677156425,False
2018-09-14 06:00:00+00:00,65335.0,28177.40021251552,28242.37162517421,-64.97141,37157.599787484476,37157.599787484476,False
2018-09-14 07:00:00+00:00,66151.0,31390.90469462114,31530.189072672896,-139.28438,34760.09530537886,34760.09530537886,False
2018-09-14 08:00:00+00:00,67012.0,33938.63544040788,33956.58318668474,-17.947746,33073.36455959212,33073.36455959212,False
2018-09-14 09:00:00+00:00,67671.0,35664.01584033722,35751.11962299103,-87.10378,32006.98415966278,32006.98415966278,False
2018-09-14 10:00:00+00:00,67151.0,37017.104755013665,37179.07231482812,-161.96756,30133.895244986335,30133.895244986335,False
2018-09-14 11:00:00+00:00,65126.0,36804.13581115106,37005.38245421747,-201.24664,28321.864188848936,28321.864188848936,False
2018-09-14 12:00:00+00:00,63409.0,35617.889315452805,35727.129732933274,-109.24042,27791.110684547195,27791.110684547195,False
2018-09-14 13:00:00+00:00,61948.0,34776.83823802139,34689.079578658595,87.75866,27171.161761978612,27171.161761978612,False
2018-09-14 14:00:00+00:00,60733.0,34594.639811618115,34545.32313452461,49.316677,26138.360188381885,26138.360188381885,False
2018-09-14 15:00:00+00:00,60662.0,36161.23968394316,36176.77986033476,-15.540176,24500.76031605684,24500.76031605684,False
2018-09-14 16:00:00+00:00,60825.0,38702.566465341275,38695.75204607171,6.8144193,22122.433534658725,22122.433534658725,False
2018-09-14 17:00:00+00:00,61041.0,38468.14299659916,38415.82225303837,52.320744,22572.857003400837,22572.857003400837,False
2018-09-14 18:00:00+00:00,60084.0,36526.95324583881,36621.11795683735,-94.16471,23557.046754161187,23557.046754161187,False
2018-09-14 19:00:00+00:00,56147.0,33059.86074895028,33195.82353276376,-135.96278,23087.139251049717,23087.139251049717,False
2018-09-14 20:00:00+00:00,52119.0,30852.578747599735,30744.235348551883,108.3434,21266.421252400265,21266.421252400265,False
2018-09-14 21:00:00+00:00,48376.0,29528.50401768606,29437.77794346731,90.726074,18847.49598231394,18847.49598231394,False
2018-09-14 22:00:00+00:00,45737.0,25984.961654176586,26038.190928926342,-53.229275,19752.038345823414,19752.038345823414,False
2018-09-14 23:00:00+00:00,43605.0,22802.318653285532,22893.401745021372,-91.08309,20802.681346714468,20802.681346714468,False
2018-09-15 00:00:00+00:00,42181.0,20677.217720369415,20813.559395174103,-136.34167,21503.782279630585,21503.782279630585,False
2018-09-15 01:00:00+00:00,41894.0,19358.625611906275,19683.715791349634,-325.09018,22535.374388093725,22535.374388093725,False
2018-09-15 02:00:00+00:00,41950.0,18977.289510346294,19583.700582123638,-606.4111,22972.710489653706,22972.710489653706,False
2018-09-15 03:00:00+00:00,42642.0,18462.5027405036,20268.945855737977,-1806.4431,24179.4972594964,24179.4972594964,False
2018-09-15 04:00:00+00:00,44979.0,18462.07946726425,21593.1893305455,-3131.1099,26516.92053273575,26516.92053273575,False
2018-09-15 05:00:00+00:00,47993.0,24612.78611041362,24255.436958802293,357.34915,23380.21388958638,23380.21388958638,False
2018-09-15 06:00:00+00:00,51842.0,29410.670962695807,28158.923770312995,1251.7472,22431.329037304193,22431.329037304193,False
2018-09-15 07:00:00+00:00,53771.0,32467.62171097574,31446.74121781168,1020.8805,21303.37828902426,21303.37828902426,False
2018-09-15 08:00:00+00:00,55301.0,33447.578111364535,33873.13533182352,-425.55722,21853.421888635465,21853.421888635465,False
2018-09-15 09:00:00+00:00,56822.0,35503.3133849511,35667.67176812981,-164.35838,21318.6866150489,21318.6866150489,False
2018-09-15 10:00:00+00:00,56465.0,37113.778932317975,37095.6244599669,18.154472,19351.221067682025,19351.221067682025,False
2018-09-15 11:00:00+00:00,54539.0,36628.2997726961,36921.93459935625,-293.63483,17910.700227303903,17910.700227303903,False
2018-09-15 12:00:00+00:00,52330.0,35813.17699525956,35643.68187807206,169.49512,16516.823004740443,16516.823004740443,False
2018-09-15 13:00:00+00:00,50899.0,34854.680765545425,34605.63172379738,249.04904,16044.319234454575,16044.319234454575,False
2018-09-15 14:00:00+00:00,50609.0,34972.955662964174,34461.87527966339,511.08038,15636.044337035826,15636.044337035826,False
2018-09-15 15:00:00+00:00,50922.0,36575.90186020987,36093.332005473545,482.56985,14346.098139790127,14346.098139790127,False
2018-09-15 16:00:00+00:00,51945.0,38917.37261162065,38612.304191210496,305.06842,13027.627388379347,13027.627388379347,False
2018-09-15 17:00:00+00:00,52110.0,38391.05467695523,38332.374398177155,58.68028,13718.945323044769,13718.945323044769,False
2018-09-15 18:00:00+00:00,51417.0,36543.93169817898,36537.67010197613,6.261596,14873.068301821018,14873.068301821018,False
2018-09-15 19:00:00+00:00,48009.0,33661.85883219942,33112.37567790254,549.48315,14347.141167800582,14347.141167800582,False
2018-09-15 20:00:00+00:00,45206.0,31348.81721781176,30660.787493690666,688.0297,13857.18278218824,13857.18278218824,False
2018-09-15 21:00:00+00:00,42430.0,29455.635889997695,29354.330088606093,101.3058,12974.364110002305,12974.364110002305,False
2018-09-15 22:00:00+00:00,39807.0,25823.321931487,25954.743074065125,-131.42114,13983.678068513,13983.678068513,False
2018-09-15 23:00:00+00:00,37903.0,22705.61274178369,22809.953890160155,-104.34115,15197.38725821631,15197.38725821631,False
2018-09-16 00:00:00+00:00,36582.0,20603.093130583882,20730.111540312886,-127.01841,15978.906869416118,15978.906869416118,False
2018-09-16 01:00:00+00:00,36117.0,19322.572990199355,19600.267936488417,-277.69495,16794.427009800645,16794.427009800645,False
2018-09-16 02:00:00+00:00,36434.0,19095.891429655,19500.25272726242,-404.3613,17338.108570345,17338.108570345,False
2018-09-16 03:00:00+00:00,37017.0,18865.91499306426,20185.49800087676,-1319.583,18151.08500693574,18151.08500693574,False
2018-09-16 04:00:00+00:00,37911.0,18822.385030371785,21509.741475684285,-2687.3564,19088.614969628215,19088.614969628215,False
2018-09-16 05:00:00+00:00,39429.0,24057.451170591467,24171.989103941076,-114.53793,15371.548829408533,15371.548829408533,False
2018-09-16 06:00:00+00:00,43121.0,28759.57241203381,28075.475915451778,684.0965,14361.427587966191,14361.427587966191,False
2018-09-16 07:00:00+00:00,46252.0,32258.475491856712,31363.293362950462,895.1821,13993.524508143288,13993.524508143288,False
2018-09-16 08:00:00+00:00,47688.0,33947.406822055076,33789.6874769623,157.71935,13740.593177944924,13740.593177944924,False
2018-09-16 09:00:00+00:00,49617.0,35944.04611785844,35584.22391326859,359.8222,13672.953882141563,13672.953882141563,False
2018-09-16 10:00:00+00:00,50002.0,37016.55710637598,37012.176605105684,4.3805013,12985.442893624022,12985.442893624022,False
2018-09-16 11:00:00+00:00,48028.0,36421.04445323527,36838.486744495036,-417.4423,11606.95554676473,11606.95554676473,False
2018-09-16 12:00:00+00:00,46552.0,35757.08950721963,35560.23402321084,196.85548,10794.910492780371,10794.910492780371,False
2018-09-16 13:00:00+00:00,46066.0,34789.4462285553,34522.18386893616,267.26236,11276.553771444698,11276.553771444698,False
2018-09-16 14:00:00+00:00,46203.0,34882.313990964285,34378.427424802176,503.88657,11320.686009035715,11320.686009035715,False
2018-09-16 15:00:00+00:00,47559.0,36761.31756125686,36009.88415061233,751.4334,10797.68243874314,10797.68243874314,False
2018-09-16 16:00:00+00:00,49397.0,39160.164502853186,38528.85633634928,631.30817,10236.835497146814,10236.835497146814,False
2018-09-16 17:00:00+00:00,50901.0,38675.89803989797,38248.92654331594,426.9715,12225.10196010203,12225.10196010203,False
2018-09-16 18:00:00+00:00,51613.0,36944.820849409836,36454.222247114914,490.5986,14668.179150590164,14668.179150590164,False
2018-09-16 19:00:00+00:00,49025.0,33739.49996659601,33028.927823041326,710.57214,15285.500033403987,15285.500033403987,False
2018-09-16 20:00:00+00:00,47212.0,31155.21238052867,30577.33963882945,577.87274,16056.787619471332,16056.787619471332,False
2018-09-16 21:00:00+00:00,44619.0,29216.737912303226,29270.882233744876,-54.14432,15402.262087696774,15402.262087696774,False
2018-09-16 22:00:00+00:00,42196.0,25881.714400073964,25871.29521920391,10.419181,16314.285599926036,16314.285599926036,False
2018-09-16 23:00:00+00:00,40364.0,22786.624275655384,22726.50603529894,60.11824,17577.375724344616,17577.375724344616,False
2018-09-17 00:00:00+00:00,39666.0,20736.80087722413,20646.66368545167,90.13719,18929.19912277587,18929.19912277587,False
2018-09-17 01:00:00+00:00,40071.0,19701.965528404544,19516.8200816272,185.14545,20369.034471595456,20369.034471595456,False
2018-09-17 02:00:00+00:00,41401.0,19829.47924984261,19416.804872401204,412.67438,21571.52075015739,21571.52075015739,False
2018-09-17 03:00:00+00:00,46181.0,21335.760839374918,20102.050146015543,1233.7107,24845.239160625082,24845.239160625082,False
2018-09-17 04:00:00+00:00,55971.0,24057.448650119943,21426.293620823068,2631.155,31913.551349880057,31913.551349880057,False
2018-09-17 05:00:00+00:00,61394.0,23751.38808135525,24088.54124907986,-337.15317,37642.61191864475,37642.61191864475,False
2018-09-17 06:00:00+00:00,64242.0,27230.95890775853,27992.02806059056,-761.06915,37011.041092241474,37011.041092241474,False
2018-09-17 07:00:00+00:00,64907.0,30932.21004055995,31279.845508089245,-347.63547,33974.78995944005,33974.78995944005,False
2018-09-17 08:00:00+00:00,66285.0,33817.76400564601,33706.239622101086,111.52438,32467.235994353992,32467.235994353992,False
2018-09-17 09:00:00+00:00,67102.0,35592.74102422769,35500.77605840738,91.964966,31509.25897577231,31509.25897577231,False
2018-09-17 10:00:00+00:00,66672.0,37109.64336206087,36928.72875024447,180.91461,29562.356637939127,29562.356637939127,False
2018-09-17 11:00:00+00:00,66235.0,36988.639399277374,36755.03888963382,233.60051,29246.360600722626,29246.360600722626,False
2018-09-17 12:00:00+00:00,65440.0,35152.110539687514,35476.78616834962,-324.67563,30287.889460312486,30287.889460312486,False
2018-09-17 13:00:00+00:00,64634.0,33879.27544278588,34438.736014074944,-559.4606,30754.72455721412,30754.72455721412,False
2018-09-17 14:00:00+00:00,62912.0,33860.30153039018,34294.97956994096,-434.67804,29051.698469609822,29051.698469609822,False
2018-09-17 15:00:00+00:00,62291.0,35686.04263425209,35926.43629575111,-240.39366,26604.957365747912,26604.957365747912,False
2018-09-17 16:00:00+00:00,62384.0,38411.21393574221,38445.40848148806,-34.194546,23972.786064257787,23972.786064257787,False
2018-09-17 17:00:00+00:00,63176.0,38229.73793528089,38165.47868845472,64.25925,24946.262064719107,24946.262064719107,False
2018-09-17 18:00:00+00:00,62420.0,35963.78589738065,36370.7743922537,-406.9885,26456.21410261935,26456.21410261935,False
2018-09-17 19:00:00+00:00,57969.0,32126.710803141046,32945.47996818011,-818.76917,25842.289196858954,25842.289196858954,False
2018-09-17 20:00:00+00:00,53138.0,29794.81237722995,30493.891783968233,-699.0794,23343.18762277005,23343.18762277005,False
2018-09-17 21:00:00+00:00,49256.0,29384.013907692253,29187.43437888366,196.57953,19871.986092307747,19871.986092307747,False
2018-09-17 22:00:00+00:00,46461.0,25861.007749474527,25787.84736434269,73.160385,20599.992250525473,20599.992250525473,False
2018-09-17 23:00:00+00:00,45187.0,22656.76829587046,22643.05818043772,13.710115,22530.23170412954,22530.23170412954,False
2018-09-18 00:00:00+00:00,44820.0,20573.85064008447,20563.215830590452,10.6348095,24246.14935991553,24246.14935991553,False
2018-09-18 01:00:00+00:00,44946.0,19461.225980809562,19433.372226765983,27.853754,25484.774019190438,25484.774019190438,False
2018-09-18 02:00:00+00:00,46148.0,19423.715736412058,19333.357017539987,90.35872,26724.284263587942,26724.284263587942,False
2018-09-18 03:00:00+00:00,50726.0,20512.705287980498,20018.602291154326,494.103,30213.294712019502,30213.294712019502,False
2018-09-18 04:00:00+00:00,59630.0,22365.059205903257,21342.84576596185,1022.21344,37264.94079409674,37264.94079409674,False
2018-09-18 05:00:00+00:00,64519.0,23672.215464531142,24005.093394218642,-332.87793,40846.78453546886,40846.78453546886,False
2018-09-18 06:00:00+00:00,66566.0,27381.965581705907,27908.580205729344,-526.6146,39184.03441829409,39184.03441829409,False
2018-09-18 07:00:00+00:00,67138.0,30823.609170562013,31196.39765322803,-372.78848,36314.39082943799,36314.39082943799,False
2018-09-18 08:00:00+00:00,68630.0,33733.623523831666,33622.79176723987,110.83176,34896.376476168334,34896.376476168334,False
2018-09-18 09:00:00+00:00,69582.0,35462.396639215105,35417.32820354616,45.068436,34119.603360784895,34119.603360784895,True
2018-09-18 10:00:00+00:00,69138.0,36935.27346435298,36845.28089538325,89.99257,32202.726535647023,32202.726535647023,False
2018-09-18 11:00:00+00:00,69094.0,36755.01211631557,36671.5910347726,83.42108,32338.98788368443,32338.98788368443,False
2018-09-18 12:00:00+00:00,68595.0,35282.33829060022,35393.338313488406,-111.00002,33312.66170939978,33312.66170939978,False
2018-09-18 13:00:00+00:00,67666.0,34079.675396762555,34355.28815921373,-275.61276,33586.324603237445,33586.324603237445,False
2018-09-18 14:00:00+00:00,66690.0,34004.091224357086,34211.53171507974,-207.44049,32685.908775642914,32685.908775642914,False
2018-09-18 15:00:00+00:00,67751.0,35734.50794925171,35842.988440889894,-108.48049,32016.49205074829,32016.49205074829,False
2018-09-18 16:00:00+00:00,68653.0,38327.62032892787,38361.960626626846,-34.340298,30325.37967107213,30325.37967107213,False
2018-09-18 17:00:00+00:00,69368.0,38122.71242462744,38082.030833593504,40.68159,31245.28757537256,31245.28757537256,True
2018-09-18 18:00:00+00:00,64619.0,36005.23507621084,36287.32653739248,-282.09146,28613.76492378916,28613.76492378916,False
2018-09-18 19:00:00+00:00,59840.0,32421.41593289897,32862.03211331889,-440.61618,27418.58406710103,27418.58406710103,False
2018-09-18 20:00:00+00:00,55593.0,30154.29070034725,30410.443929107016,-256.15323,25438.70929965275,25438.70929965275,False
2018-09-18 21:00:00+00:00,51217.0,29131.897607243878,29103.986524022443,27.911083,22085.102392756122,22085.102392756122,False
2018-09-18 22:00:00+00:00,48323.0,25716.899591497466,25704.399509481475,12.500082,22606.100408502534,22606.100408502534,False
2018-09-18 23:00:00+00:00,46523.0,22570.041024924954,22559.610325576505,10.430699,23952.958975075046,23952.958975075046,False
2018-09-19 00:00:00+00:00,45838.0,20499.06880466295,20479.767975729235,19.300829,25338.93119533705,25338.93119533705,False
2018-09-19 01:00:00+00:00,45860.0,19384.809965319073,19349.924371904766,34.885593,26475.190034680927,26475.190034680927,False
2018-09-19 02:00:00+00:00,46724.0,19305.261961140684,19249.90916267877,55.3528,27418.738038859316,27418.738038859316,False
2018-09-19 03:00:00+00:00,50458.0,20401.599779310687,19935.15443629311,466.44534,30056.400220689313,30056.400220689313,False
2018-09-19 04:00:00+00:00,58983.0,22342.642662077196,21259.397911100634,1083.2448,36640.357337922804,36640.357337922804,False
2018-09-19 05:00:00+00:00,64158.0,23742.348679616214,23921.645539357425,-179.29686,40415.65132038378,40415.65132038378,False
2018-09-19 06:00:00+00:00,66814.0,27458.84777445211,27825.132350868127,-366.28458,39355.15222554789,39355.15222554789,False
2018-09-19 07:00:00+00:00,67639.0,30753.74005105236,31112.94979836681,-359.20975,36885.25994894764,36885.25994894764,False
2018-09-19 08:00:00+00:00,68409.0,33616.59195925365,33539.34391237865,77.24805,34792.40804074635,34792.40804074635,False
2018-09-19 09:00:00+00:00,69235.0,35385.959724905646,35333.88034868494,52.079376,33849.040275094354,33849.040275094354,False
2018-09-19 10:00:00+00:00,69119.0,36855.46122960895,36761.83304052203,93.62819,32263.538770391053,32263.538770391053,False
2018-09-19 11:00:00+00:00,69203.0,36674.64640714527,36588.143179911385,86.50323,32528.353592854728,32528.353592854728,False
2018-09-19 12:00:00+00:00,68403.0,35200.97806696459,35309.89045862719,-108.91239,33202.02193303541,33202.02193303541,False
2018-09-19 13:00:00+00:00,67832.0,34011.86435220407,34271.84030435251,-259.97595,33820.13564779593,33820.13564779593,False
2018-09-19 14:00:00+00:00,66053.0,33908.067106068134,34128.083860218525,-220.01675,32144.932893931866,32144.932893931866,False
2018-09-19 15:00:00+00:00,65452.0,35657.411405120474,35759.54058602868,-102.12918,29794.588594879526,29794.588594879526,False
2018-09-19 16:00:00+00:00,65593.0,38269.898108641544,38278.51277176563,-8.614663,27323.101891358456,27323.101891358456,False
2018-09-19 17:00:00+00:00,66268.0,38040.820943362414,37998.58297873229,42.237965,28227.179056637586,28227.179056637586,False
2018-09-19 18:00:00+00:00,64685.0,36084.56066647902,36203.87868253126,-119.318016,28600.439333520982,28600.439333520982,False
2018-09-19 19:00:00+00:00,60140.0,32419.983489414706,32778.584258457675,-358.60077,27720.016510585294,27720.016510585294,False
2018-09-19 20:00:00+00:00,55659.0,30051.70359377705,30326.9960742458,-275.29248,25607.29640622295,25607.29640622295,False
2018-09-19 21:00:00+00:00,51866.0,29038.388673357393,29020.538669161226,17.850004,22827.611326642607,22827.611326642607,False
2018-09-19 22:00:00+00:00,48624.0,25637.04296130666,25620.951654620258,16.091307,22986.95703869334,22986.95703869334,False
2018-09-19 23:00:00+00:00,47299.0,22483.822409050706,22476.162470715288,7.6599383,24815.177590949294,24815.177590949294,False
2018-09-20 00:00:00+00:00,46043.0,20404.292084273628,20396.32012086802,7.9719634,25638.707915726372,25638.707915726372,False
2018-09-20 01:00:00+00:00,46191.0,19291.31895288034,19266.47651704355,24.842436,26899.68104711966,26899.68104711966,False
2018-09-20 02:00:00+00:00,46888.0,19198.877796465014,19166.461307817553,32.41649,27689.122203534986,27689.122203534986,False
2018-09-20 03:00:00+00:00,50666.0,20213.003242808845,19851.706581431892,361.29666,30452.996757191155,30452.996757191155,False
2018-09-20 04:00:00+00:00,59862.0,22108.51542489176,21175.950056239417,932.56537,37753.48457510824,37753.48457510824,False
2018-09-20 05:00:00+00:00,63773.0,23655.095481127068,23838.19768449621,-183.1022,40117.904518872936,40117.904518872936,False
2018-09-20 06:00:00+00:00,66095.0,27379.112138829176,27741.68449600691,-362.57236,38715.88786117082,38715.88786117082,False
2018-09-20 07:00:00+00:00,66762.0,30708.57771865208,31029.501943505595,-320.92422,36053.42228134792,36053.42228134792,False
2018-09-20 08:00:00+00:00,68149.0,33531.93425026646,33455.896057517435,76.03819,34617.06574973354,34617.06574973354,False
2018-09-20 09:00:00+00:00,69538.0,35299.007315295894,35250.432493823726,48.57482,34238.992684704106,34238.992684704106,True
2018-09-20 10:00:00+00:00,69387.0,36769.218307914234,36678.385185660816,90.83312,32617.781692085766,32617.781692085766,True
2018-09-20 11:00:00+00:00,69401.0,36579.33718601208,36504.69532505017,74.64186,32821.66281398792,32821.66281398792,True
2018-09-20 12:00:00+00:00,68531.0,35120.27165192271,35226.44260376597,-106.17095,33410.72834807729,33410.72834807729,False
2018-09-20 13:00:00+00:00,67284.0,33945.14966689852,34188.39244949129,-243.24278,33338.85033310148,33338.85033310148,False
2018-09-20 14:00:00+00:00,65938.0,33867.416797593636,34044.63600535731,-177.21921,32070.583202406364,32070.583202406364,False
2018-09-20 15:00:00+00:00,65414.0,35590.771632839824,35676.09273116746,-85.3211,29823.228367160176,29823.228367160176,False
2018-09-20 16:00:00+00:00,64918.0,38186.76369314953,38195.06491690441,-8.301224,26731.23630685047,26731.23630685047,False
2018-09-20 17:00:00+00:00,65364.0,37947.91696133445,37915.13512387107,32.781837,27416.08303866555,27416.08303866555,False
2018-09-20 18:00:00+00:00,64093.0,35993.72698550696,36120.43082767005,-126.70384,28099.27301449304,28099.27301449304,False
2018-09-20 19:00:00+00:00,59765.0,32392.562215364036,32695.136403596458,-302.5742,27372.437784635964,27372.437784635964,False
2018-09-20 20:00:00+00:00,55509.0,30039.892778100402,30243.548219384582,-203.65544,25469.107221899598,25469.107221899598,False
2018-09-20 21:00:00+00:00,51892.0,28957.20840425057,28937.09081430001,20.11759,22934.79159574943,22934.79159574943,False
2018-09-20 22:00:00+00:00,48753.0,25554.62570413221,25537.50379975904,17.121904,23198.37429586779,23198.37429586779,False
2018-09-20 23:00:00+00:00,47346.0,22406.995588334845,22392.71461585407,14.2809725,24939.004411665155,24939.004411665155,False
2018-09-21 00:00:00+00:00,46412.0,20327.373188209865,20312.8722660068,14.500922,26084.626811790135,26084.626811790135,False
2018-09-21 01:00:00+00:00,46767.0,19206.79134795809,19183.028662182332,23.762686,27560.20865204191,27560.20865204191,False
2018-09-21 02:00:00+00:00,48077.0,19111.754862258094,19083.013452956337,28.74141,28965.245137741906,28965.245137741906,False
2018-09-21 03:00:00+00:00,52011.0,20091.202391121456,19768.258726570675,322.94366,31919.797608878544,31919.797608878544,False
2018-09-21 04:00:00+00:00,61224.0,22042.159305870387,21092.5022013782,949.6571,39181.84069412961,39181.84069412961,False
2018-09-21 05:00:00+00:00,66298.0,23624.5426457971,23754.74982963499,-130.20718,42673.457354202896,42673.457354202896,False
2018-09-21 06:00:00+00:00,69296.0,27364.584633089053,27658.236641145693,-293.652,41931.41536691095,41931.41536691095,False
2018-09-21 07:00:00+00:00,70327.0,30790.49999623715,30946.054088644378,-155.5541,39536.50000376285,39536.50000376285,True
2018-09-21 08:00:00+00:00,71652.0,33323.163149403044,33372.44820265622,-49.285053,38328.836850596956,38328.836850596956,True
2018-09-21 09:00:00+00:00,72836.0,35052.53651884532,35166.98463896251,-114.44812,37783.46348115468,37783.46348115468,True
2018-09-21 10:00:00+00:00,71712.0,36407.58250291874,36594.9373307996,-187.35483,35304.41749708126,35304.41749708126,True
2018-09-21 11:00:00+00:00,70505.0,36261.7928803452,36421.24747018895,-159.45459,34243.2071196548,34243.2071196548,True
2018-09-21 12:00:00+00:00,68651.0,35084.53968985324,35142.994748904755,-58.45506,33566.46031014676,33566.46031014676,False
2018-09-21 13:00:00+00:00,67398.0,34116.04284311183,34104.94459463008,11.0982485,33281.95715688817,33281.95715688817,False
2018-09-21 14:00:00+00:00,65787.0,33867.09314927539,33961.18815049609,-94.095,31919.906850724612,31919.906850724612,False
2018-09-21 15:00:00+00:00,65108.0,35419.79340535898,35592.64487630624,-172.85147,29688.206594641022,29688.206594641022,False
2018-09-21 16:00:00+00:00,64517.0,37912.43978543187,38111.617062043195,-199.17728,26604.560214568133,26604.560214568133,False
2018-09-21 17:00:00+00:00,64550.0,37629.58332613876,37831.68726900985,-202.10394,26920.41667386124,26920.41667386124,False
2018-09-21 18:00:00+00:00,61905.0,35830.082017608634,36036.98297280883,-206.90096,26074.917982391366,26074.917982391366,False
2018-09-21 19:00:00+00:00,57479.0,32473.134257963757,32611.68854873524,-138.55429,25005.865742036243,25005.865742036243,False
2018-09-21 20:00:00+00:00,53498.0,30194.495342092945,30160.100364523365,34.394978,23303.504657907055,23303.504657907055,False
2018-09-21 21:00:00+00:00,49405.0,28777.506835781565,28853.642959438792,-76.13612,20627.493164218435,20627.493164218435,False
2018-09-21 22:00:00+00:00,47580.0,25341.68427131384,25454.055944897824,-112.37167,22238.31572868616,22238.31572868616,False
2018-09-21 23:00:00+00:00,45553.0,22179.636176276057,22309.266760992854,-129.63058,23373.363823723943,23373.363823723943,False
2018-09-22 00:00:00+00:00,44317.0,20067.579562512772,20229.424411145585,-161.84485,24249.420437487228,24249.420437487228,False
2018-09-22 01:00:00+00:00,43732.0,18767.231564157053,19099.580807321116,-332.34924,24964.768435842947,24964.768435842947,False
2018-09-22 02:00:00+00:00,43541.0,18319.881271923245,18999.56559809512,-679.6843,25221.118728076755,25221.118728076755,False
2018-09-22 03:00:00+00:00,44421.0,17546.016193975083,19684.81087170946,-2138.7947,26874.983806024917,26874.983806024917,False
2018-09-22 04:00:00+00:00,47213.0,17557.772852376358,21009.054346516983,-3451.2815,29655.227147623642,29655.227147623642,False
2018-09-22 05:00:00+00:00,49577.0,24605.169772625337,23671.301974773774,933.8678,24971.830227374663,24971.830227374663,False
2018-09-22 06:00:00+00:00,53275.0,29331.560758940726,27574.788786284476,1756.772,23943.439241059274,23943.439241059274,False
2018-09-22 07:00:00+00:00,55768.0,32243.591219134723,30862.60623378316,1380.985,23524.408780865277,23524.408780865277,False
2018-09-22 08:00:00+00:00,57900.0,32515.62131947469,33289.000347795,-773.379,25384.37868052531,25384.37868052531,False
2018-09-22 09:00:00+00:00,59134.0,34982.20592777805,35083.53678410129,-101.33086,24151.79407222195,24151.79407222195,False
2018-09-22 10:00:00+00:00,58243.0,36363.625492784086,36511.48947593838,-147.86398,21879.374507215914,21879.374507215914,False
2018-09-22 11:00:00+00:00,55357.0,36017.89049667539,36337.799615327735,-319.90912,19339.10950332461,19339.10950332461,False
2018-09-22 12:00:00+00:00,53301.0,35292.91093823299,35059.54689404354,233.36404,18008.08906176701,18008.08906176701,False
2018-09-22 13:00:00+00:00,53404.0,34263.78464260089,34021.49673976886,242.2879,19140.21535739911,19140.21535739911,False
2018-09-22 14:00:00+00:00,52693.0,34373.101776347765,33877.740295634874,495.36148,18319.898223652235,18319.898223652235,False
2018-09-22 15:00:00+00:00,53656.0,35902.928161581745,35509.19702144503,393.73114,17753.071838418255,17753.071838418255,False
2018-09-22 16:00:00+00:00,54645.0,38094.43185671811,38028.16920718198,66.26265,16550.56814328189,16550.56814328189,False
2018-09-22 17:00:00+00:00,55337.0,37610.82335274727,37748.23941414864,-137.41606,17726.17664725273,17726.17664725273,False
2018-09-22 18:00:00+00:00,52665.0,35910.92873748497,35953.53511794761,-42.60638,16754.071262515034,16754.071262515034,False
2018-09-22 19:00:00+00:00,49241.0,33130.1398637959,32528.240693874024,601.8992,16110.8601362041,16110.8601362041,False
2018-09-22 20:00:00+00:00,46471.0,30710.95194813871,30076.652509662148,634.29944,15760.04805186129,15760.04805186129,False
2018-09-22 21:00:00+00:00,43568.0,28630.01308248285,28770.195104577575,-140.18202,14937.986917517152,14937.986917517152,False
2018-09-22 22:00:00+00:00,40866.0,25203.46577131102,25370.608090036607,-167.14232,15662.534228688979,15662.534228688979,False
2018-09-22 23:00:00+00:00,38903.0,22094.089749637496,22225.818906131637,-131.72916,16808.910250362504,16808.910250362504,False
2018-09-23 00:00:00+00:00,37608.0,19994.762368662297,20145.976556284368,-151.21419,17613.237631337703,17613.237631337703,False
2018-09-23 01:00:00+00:00,37264.0,18736.014361151305,19016.1329524599,-280.1186,18527.985638848695,18527.985638848695,False
2018-09-23 02:00:00+00:00,37192.0,18483.49292633937,18916.117743233903,-432.62482,18708.50707366063,18708.50707366063,False
2018-09-23 03:00:00+00:00,37463.0,18125.798685793554,19601.36301684824,-1475.5643,19337.201314206446,19337.201314206446,False
2018-09-23 04:00:00+00:00,38415.0,17972.44120845264,20925.606491655766,-2953.1653,20442.55879154736,20442.55879154736,False
2018-09-23 05:00:00+00:00,40253.0,23551.806325570516,23587.854119912558,-36.047794,16701.193674429484,16701.193674429484,False
2018-09-23 06:00:00+00:00,43657.0,28641.50304079826,27491.34093142326,1150.1621,15015.49695920174,15015.49695920174,False
2018-09-23 07:00:00+00:00,46566.0,31889.077324234444,30779.158378921944,1109.919,14676.922675765556,14676.922675765556,False
2018-09-23 08:00:00+00:00,49022.0,33432.009997206245,33205.552492933784,226.4575,15589.990002793755,15589.990002793755,False
2018-09-23 09:00:00+00:00,51964.0,35690.69055277523,35000.088929240075,690.6016,16273.309447224769,16273.309447224769,False
2018-09-23 10:00:00+00:00,51613.0,36126.33675657521,36428.041621077165,-301.70486,15486.663243424788,15486.663243424788,False
2018-09-23 11:00:00+00:00,50215.0,35786.69859274191,36254.35176046652,-467.65317,14428.301407258092,14428.301407258092,False
2018-09-23 12:00:00+00:00,50077.0,35237.5671177956,34976.09903918232,261.46808,14839.432882204397,14839.432882204397,False
2018-09-23 13:00:00+00:00,49901.0,34204.29253725139,33938.04888490764,266.24365,15696.707462748607,15696.707462748607,False
2018-09-23 14:00:00+00:00,50007.0,34285.76466977756,33794.29244077366,491.47223,15721.235330222436,15721.235330222436,False
2018-09-23 15:00:00+00:00,51525.0,35964.140035724435,35425.74916658381,538.39087,15560.859964275565,15560.859964275565,False
2018-09-23 16:00:00+00:00,53339.0,38065.742623072714,37944.72135232076,121.02127,15273.257376927286,15273.257376927286,False
2018-09-23 17:00:00+00:00,54465.0,37521.84105879914,37664.79155928742,-142.9505,16943.15894120086,16943.15894120086,False
2018-09-23 18:00:00+00:00,53065.0,35824.27216527756,35870.087263086396,-45.815098,17240.727834722442,17240.727834722442,False
2018-09-23 19:00:00+00:00,50279.0,32565.54920955724,32444.792839012807,120.75637,17713.45079044276,17713.45079044276,False
2018-09-23 20:00:00+00:00,48679.0,30472.64572535757,29993.20465480093,479.44107,18206.35427464243,18206.35427464243,False
2018-09-23 21:00:00+00:00,45979.0,28993.96172725542,28686.747249716358,307.21448,16985.03827274458,16985.03827274458,False
2018-09-23 22:00:00+00:00,43560.0,25244.724734076757,25287.16023517539,-42.4355,18315.275265923243,18315.275265923243,False
2018-09-23 23:00:00+00:00,42524.0,22079.899753052647,22142.37105127042,-62.4713,20444.100246947353,20444.100246947353,False
2018-09-24 00:00:00+00:00,42077.0,19991.33365595196,20062.52870142315,-71.195045,22085.66634404804,22085.66634404804,False
2018-09-24 01:00:00+00:00,42407.0,18935.414270066867,18932.68509759868,2.7291725,23471.585729933133,23471.585729933133,False
2018-09-24 02:00:00+00:00,43906.0,18899.223965521123,18832.669888372686,66.55408,25006.776034478877,25006.776034478877,False
2018-09-24 03:00:00+00:00,48294.0,19504.690015693384,19517.915161987024,-13.225146,28789.309984306616,28789.309984306616,False
2018-09-24 04:00:00+00:00,58148.0,20452.53491853283,20842.15863679455,-389.62372,37695.46508146717,37695.46508146717,False
2018-09-24 05:00:00+00:00,63491.0,23099.210189611887,23504.40626505134,-405.19608,40391.789810388116,40391.789810388116,False
2018-09-24 06:00:00+00:00,66388.0,27250.85795082962,27407.893076562043,-157.03513,39137.142049170376,39137.142049170376,False
2018-09-24 07:00:00+00:00,67558.0,30277.180281140805,30695.710524060727,-418.53024,37280.819718859195,37280.819718859195,False
2018-09-24 08:00:00+00:00,69277.0,33171.557976695614,33122.10463807257,49.45334,36105.442023304386,36105.442023304386,False
2018-09-24 09:00:00+00:00,70132.0,34967.257930000196,34916.64107437886,50.616856,35164.742069999804,35164.742069999804,True
2018-09-24 10:00:00+00:00,69837.0,36438.04024601331,36344.59376621595,93.44648,33398.95975398669,33398.95975398669,True
2018-09-24 11:00:00+00:00,68435.0,36343.294606899246,36170.9039056053,172.3907,32091.705393100754,32091.705393100754,False
2018-09-24 12:00:00+00:00,67187.0,34951.50288033551,34892.651184321105,58.851696,32235.49711966449,32235.49711966449,False
2018-09-24 13:00:00+00:00,66049.0,33380.72575538822,33854.601030046426,-473.87527,32668.274244611777,32668.274244611777,False
2018-09-24 14:00:00+00:00,64001.0,33120.6581235101,33710.84458591244,-590.18646,30880.341876489903,30880.341876489903,False
2018-09-24 15:00:00+00:00,63809.0,34929.67435859759,35342.30131172259,-412.62695,28879.325641402407,28879.325641402407,False
2018-09-24 16:00:00+00:00,64211.0,37654.183638450755,37861.273497459544,-207.08986,26556.816361549245,26556.816361549245,False
2018-09-24 17:00:00+00:00,65814.0,37527.98041554681,37581.3437044262,-53.36329,28286.01958445319,28286.01958445319,False
2018-09-24 18:00:00+00:00,64202.0,35404.08694850838,35786.63940822518,-382.55246,28797.913051491618,28797.913051491618,False
2018-09-24 19:00:00+00:00,59629.0,31707.402723409403,32361.34498415159,-653.94226,27921.597276590597,27921.597276590597,False
2018-09-24 20:00:00+00:00,55391.0,29499.194818738542,29909.756799939714,-410.56198,25891.805181261458,25891.805181261458,False
2018-09-24 21:00:00+00:00,50340.0,28657.617189654946,28603.29939485514,54.317795,21682.382810345054,21682.382810345054,False
2018-09-24 22:00:00+00:00,47455.0,25177.59481897384,25203.712380314173,-26.117561,22277.40518102616,22277.40518102616,False
2018-09-24 23:00:00+00:00,45788.0,22042.686656568505,22058.923196409203,-16.23654,23745.313343431495,23745.313343431495,False
2018-09-25 00:00:00+00:00,45233.0,19968.364517941023,19979.080846561934,-10.716329,25264.635482058977,25264.635482058977,False
2018-09-25 01:00:00+00:00,45343.0,18841.566300907783,18849.237242737465,-7.670942,26501.433699092217,26501.433699092217,False
2018-09-25 02:00:00+00:00,46737.0,18740.708457957575,18749.22203351147,-8.513576,27996.291542042425,27996.291542042425,False
2018-09-25 03:00:00+00:00,50712.0,19656.012152706862,19434.467307125808,221.54485,31055.987847293138,31055.987847293138,False
2018-09-25 04:00:00+00:00,58943.0,21333.893826366926,20758.710781933332,575.18304,37609.106173633074,37609.106173633074,False
2018-09-25 05:00:00+00:00,63803.0,23676.81244461395,23420.958410190124,255.85403,40126.187555386045,40126.187555386045,False
2018-09-25 06:00:00+00:00,65942.0,26739.262726583638,27324.445221700826,-585.1825,39202.737273416365,39202.737273416365,False
2018-09-25 07:00:00+00:00,65763.0,30148.870213144823,30612.26266919951,-463.39246,35614.12978685518,35614.12978685518,False
2018-09-25 08:00:00+00:00,66389.0,33122.97888098967,33038.65678321135,84.3221,33266.02111901033,33266.02111901033,False
2018-09-25 09:00:00+00:00,67396.0,34873.56003317731,34833.19321951764,40.366814,32522.43996682269,32522.43996682269,False
2018-09-25 10:00:00+00:00,67024.0,36330.79196848364,36261.14591135473,69.64606,30693.208031516362,30693.208031516362,False
2018-09-25 11:00:00+00:00,66057.0,36149.7866629267,36087.456050744084,62.330612,29907.2133370733,29907.2133370733,False
2018-09-25 12:00:00+00:00,64768.0,34784.36765708135,34809.20332945989,-24.835672,29983.632342918652,29983.632342918652,False
2018-09-25 13:00:00+00:00,63691.0,33652.82776624966,33771.15317518521,-118.32541,30038.172233750338,30038.172233750338,False
2018-09-25 14:00:00+00:00,61740.0,33543.09309640767,33627.39673105122,-84.303635,28196.90690359233,28196.90690359233,False
2018-09-25 15:00:00+00:00,61246.0,35263.34074629009,35258.853456861376,4.4872894,25982.659253709913,25982.659253709913,False
2018-09-25 16:00:00+00:00,62283.0,37819.011818898376,37777.82564259833,41.186176,24463.988181101624,24463.988181101624,False
2018-09-25 17:00:00+00:00,64582.0,37551.63448558183,37497.895849564986,53.738636,27030.36551441817,27030.36551441817,False
2018-09-25 18:00:00+00:00,62869.0,35591.047617206736,35703.19155336396,-112.143936,27277.952382793264,27277.952382793264,False
2018-09-25 19:00:00+00:00,58354.0,31979.509739153655,32277.897129290373,-298.3874,26374.490260846345,26374.490260846345,False
2018-09-25 20:00:00+00:00,54271.0,29646.84262122596,29826.308945078497,-179.46632,24624.15737877404,24624.15737877404,False
2018-09-25 21:00:00+00:00,50722.0,28571.528980637235,28519.851539993924,51.67744,22150.471019362765,22150.471019362765,False
2018-09-25 22:00:00+00:00,47358.0,25127.93643144737,25120.264525452956,7.671906,22230.06356855263,22230.06356855263,False
2018-09-25 23:00:00+00:00,45879.0,21972.117074479123,21975.475341547986,-3.358267,23906.882925520877,23906.882925520877,False
2018-09-26 00:00:00+00:00,45252.0,19887.681620030948,19895.632991700717,-7.9513717,25364.318379969052,25364.318379969052,False
2018-09-26 01:00:00+00:00,45864.0,18764.415563399052,18765.789387876248,-1.3738245,27099.584436600948,27099.584436600948,False
2018-09-26 02:00:00+00:00,47279.0,18706.981656219832,18665.774178650252,41.207478,28572.018343780168,28572.018343780168,False
2018-09-26 03:00:00+00:00,51435.0,19803.677594354434,19351.01945226459,452.65814,31631.322405645566,31631.322405645566,False
2018-09-26 04:00:00+00:00,60576.0,21531.674548165865,20675.262927072115,856.4116,39044.325451834135,39044.325451834135,False
2018-09-26 05:00:00+00:00,65480.0,23316.512258591236,23337.510555328907,-20.998297,42163.48774140877,42163.48774140877,False
2018-09-26 06:00:00+00:00,67718.0,26800.540762835702,27240.99736683961,-440.4566,40917.459237164294,40917.459237164294,False
2018-09-26 07:00:00+00:00,67695.0,30173.862147101965,30528.814814338293,-354.95267,37521.137852898035,37521.137852898035,False
2018-09-26 08:00:00+00:00,67946.0,33059.02985883109,32955.208928350134,103.82093,34886.97014116891,34886.97014116891,False
2018-09-26 09:00:00+00:00,69116.0,34805.221927156424,34749.745364656424,55.476562,34310.778072843576,34310.778072843576,False
2018-09-26 10:00:00+00:00,69056.0,36260.10140732359,36177.698056493515,82.40335,32795.89859267641,32795.89859267641,False
2018-09-26 11:00:00+00:00,68914.0,36058.14264870269,36004.00819588287,54.134453,32855.85735129731,32855.85735129731,False
2018-09-26 12:00:00+00:00,67375.0,34541.12348607328,34725.75547459867,-184.63199,32833.87651392672,32833.87651392672,False
2018-09-26 13:00:00+00:00,66699.0,33471.03716846852,33687.70532032399,-216.66815,33227.96283153148,33227.96283153148,False
2018-09-26 14:00:00+00:00,65048.0,33381.20562057477,33543.94887619001,-162.74326,31666.794379425228,31666.794379425228,False
2018-09-26 15:00:00+00:00,64330.0,35100.161842844886,35175.40560200016,-75.24376,29229.838157155114,29229.838157155114,False
2018-09-26 16:00:00+00:00,64700.0,37698.964783338764,37694.37778773711,4.5869956,27001.035216661236,27001.035216661236,False
2018-09-26 17:00:00+00:00,66259.0,37439.19399117899,37414.44799470377,24.745996,28819.80600882101,28819.80600882101,False
2018-09-26 18:00:00+00:00,65121.0,35470.33018531915,35619.743698502745,-149.41351,29650.66981468085,29650.66981468085,False
2018-09-26 19:00:00+00:00,61449.0,31878.971552261188,32194.449274429157,-315.47772,29570.028447738812,29570.028447738812,False
2018-09-26 20:00:00+00:00,56796.0,29458.409063850093,29742.86109021728,-284.45203,27337.590936149907,27337.590936149907,False
2018-09-26 21:00:00+00:00,52263.0,28442.45692400142,28436.403685132707,6.053239,23820.54307599858,23820.54307599858,False
2018-09-26 22:00:00+00:00,48595.0,25053.93857496491,25036.81667059174,17.121904,23541.06142503509,23541.06142503509,False
2018-09-26 23:00:00+00:00,46993.0,21891.636153047148,21892.02748668677,-0.39133364,25101.363846952852,25101.363846952852,False
2018-09-27 00:00:00+00:00,45961.0,19806.263532683006,19812.1851368395,-5.921604,26154.736467316994,26154.736467316994,False
2018-09-27 01:00:00+00:00,45900.0,18681.67382730033,18682.34153301503,-0.6677057,27218.32617269967,27218.32617269967,False
2018-09-27 02:00:00+00:00,47133.0,18603.267409604465,18582.326323789035,20.941086,28529.732590395535,28529.732590395535,False
2018-09-27 03:00:00+00:00,51308.0,19617.908328360405,19267.571597403374,350.33673,31690.091671639595,31690.091671639595,False
2018-09-27 04:00:00+00:00,59546.0,21356.078133734336,20591.8150722109,764.26306,38189.921866265664,38189.921866265664,False
2018-09-27 05:00:00+00:00,64341.0,23362.957681851967,23254.06270046769,108.89498,40978.04231814803,40978.04231814803,False
2018-09-27 06:00:00+00:00,66402.0,26722.839856216673,27157.549511978392,-434.70966,39679.16014378333,39679.16014378333,False
2018-09-27 07:00:00+00:00,66011.0,30104.75315942825,30445.366959477076,-340.6138,35906.24684057175,35906.24684057175,False
2018-09-27 08:00:00+00:00,66450.0,32934.06638659927,32871.76107348892,62.305313,33515.93361340073,33515.93361340073,False
2018-09-27 09:00:00+00:00,67745.0,34715.128720885295,34666.29750979521,48.83121,33029.871279114705,33029.871279114705,False
2018-09-27 10:00:00+00:00,67290.0,36164.20537131003,36094.2502016323,69.95517,31125.794628689968,31125.794628689968,False
2018-09-27 11:00:00+00:00,66406.0,35959.054947039716,35920.56034102165,38.494606,30446.945052960284,30446.945052960284,False
2018-09-27 12:00:00+00:00,65672.0,34553.49447886831,34642.307619737454,-88.81314,31118.505521131687,31118.505521131687,False
2018-09-27 13:00:00+00:00,64966.0,33424.80757532606,33604.257465462775,-179.44989,31541.192424673944,31541.192424673944,False
2018-09-27 14:00:00+00:00,63423.0,33347.151640835626,33460.50102132879,-113.34938,30075.848359164374,30075.848359164374,False
2018-09-27 15:00:00+00:00,63324.0,35075.84984270474,35091.95774713894,-16.107904,28248.150157295262,28248.150157295262,False
2018-09-27 16:00:00+00:00,63866.0,37641.692067427895,37610.92993287589,30.762135,26224.307932572105,26224.307932572105,False
2018-09-27 17:00:00+00:00,65770.0,37366.00644935183,37331.00013984255,35.00631,28403.99355064817,28403.99355064817,False
2018-09-27 18:00:00+00:00,64127.0,35359.2448182509,35536.29584364153,-177.05103,28767.755181749097,28767.755181749097,False
2018-09-27 19:00:00+00:00,59660.0,31820.442215466377,32111.00141956794,-290.5592,27839.557784533623,27839.557784533623,False
2018-09-27 20:00:00+00:00,55392.0,29492.219830204696,29659.413235356064,-167.1934,25899.780169795304,25899.780169795304,False
2018-09-27 21:00:00+00:00,51113.0,28371.874500925787,28352.95583027149,18.91867,22741.125499074213,22741.125499074213,False
2018-09-27 22:00:00+00:00,48055.0,24956.19523436875,24953.368815730522,2.8264186,23098.80476563125,23098.80476563125,False
2018-09-27 23:00:00+00:00,46541.0,21799.80136205779,21808.579631825552,-8.77827,24741.19863794221,24741.19863794221,False
2018-09-28 00:00:00+00:00,46027.0,19717.85264796034,19728.737281978283,-10.884634,26309.14735203966,26309.14735203966,False
2018-09-28 01:00:00+00:00,46510.0,18592.924281562628,18598.893678153814,-5.9693966,27917.075718437372,27917.075718437372,False
2018-09-28 02:00:00+00:00,47872.0,18513.9271492333,18498.878468927818,15.04868,29358.0728507667,29358.0728507667,False
2018-09-28 03:00:00+00:00,51454.0,19516.35073228825,19184.123742542157,332.227,31937.64926771175,31937.64926771175,False
2018-09-28 04:00:00+00:00,60131.0,21245.536589908275,20508.36721734968,737.1694,38885.463410091725,38885.463410091725,False
2018-09-28 05:00:00+00:00,65381.0,23112.921299311307,23170.614845606473,-57.693546,42268.0787006887,42268.0787006887,False
2018-09-28 06:00:00+00:00,67318.0,26763.226321423816,27074.101657117175,-310.87534,40554.77367857618,40554.77367857618,False
2018-09-28 07:00:00+00:00,68195.0,30125.240500489883,30361.91910461586,-236.6786,38069.75949951012,38069.75949951012,False
2018-09-28 08:00:00+00:00,69136.0,32730.191911254653,32788.3132186277,-58.121307,36405.80808874535,36405.80808874535,False
2018-09-28 09:00:00+00:00,69212.0,34459.02516152579,34582.84965493399,-123.82449,34752.97483847421,34752.97483847421,False
2018-09-28 10:00:00+00:00,67807.0,35803.2324309996,36010.80234677108,-207.56992,32003.767569000403,32003.767569000403,False
2018-09-28 11:00:00+00:00,66372.0,35667.87234333817,35837.11248616043,-169.24014,30704.127656661833,30704.127656661833,False
2018-09-28 12:00:00+00:00,64953.0,34534.31877213942,34558.85976487624,-24.540993,30418.68122786058,30418.68122786058,False
2018-09-28 13:00:00+00:00,64532.0,33524.65521573652,33520.80961060156,3.8456051,31007.344784263478,31007.344784263478,False
2018-09-28 14:00:00+00:00,63087.0,33286.401753503706,33377.05316646757,-90.65141,29800.598246496294,29800.598246496294,False
2018-09-28 15:00:00+00:00,63213.0,34900.835682683,35008.509892277725,-107.67421,28312.164317317,28312.164317317,False
2018-09-28 16:00:00+00:00,63553.0,37429.5441278804,37527.48207801468,-97.93795,26123.4558721196,26123.4558721196,False
2018-09-28 17:00:00+00:00,64419.0,37183.77018811854,37247.552284981335,-63.782097,27235.229811881458,27235.229811881458,False
2018-09-28 18:00:00+00:00,61823.0,35311.20017689066,35452.84798878031,-141.64781,26511.799823109337,26511.799823109337,False
2018-09-28 19:00:00+00:00,57388.0,31932.387655893246,32027.553564706723,-95.16591,25455.612344106754,25455.612344106754,False
2018-09-28 20:00:00+00:00,53419.0,29712.456255738987,29575.965380494847,136.49088,23706.543744261013,23706.543744261013,False
2018-09-28 21:00:00+00:00,49382.0,28313.419623206904,28269.507975410274,43.911648,21068.580376793096,21068.580376793096,False
2018-09-28 22:00:00+00:00,46818.0,24768.916123833173,24869.920960869305,-101.00484,22049.083876166827,22049.083876166827,False
2018-09-28 23:00:00+00:00,44545.0,21595.618242418437,21725.131776964336,-129.51353,22949.381757581563,22949.381757581563,False
2018-09-29 00:00:00+00:00,43714.0,19474.143171623902,19645.289427117066,-171.14626,24239.856828376098,24239.856828376098,False
2018-09-29 01:00:00+00:00,43737.0,18144.826377491816,18515.445823292597,-370.61945,25592.173622508184,25592.173622508184,False
2018-09-29 02:00:00+00:00,43864.0,17727.513438773633,18415.4306140666,-687.9172,26136.486561226367,26136.486561226367,False
2018-09-29 03:00:00+00:00,44529.0,17010.48692283719,19100.67588768094,-2090.189,27518.51307716281,27518.51307716281,False
2018-09-29 04:00:00+00:00,46950.0,17058.692311707215,20424.919362488465,-3366.227,29891.307688292785,29891.307688292785,False
2018-09-29 05:00:00+00:00,49572.0,23823.829954612444,23087.166990745256,736.66296,25748.170045387556,25748.170045387556,False
2018-09-29 06:00:00+00:00,52914.0,28177.92540870127,26990.653802255958,1187.2716,24736.07459129873,24736.07459129873,False
2018-09-29 07:00:00+00:00,55502.0,31127.89593237183,30278.471249754642,849.4247,24374.10406762817,24374.10406762817,False
2018-09-29 08:00:00+00:00,56511.0,32026.698127438358,32704.865363766483,-678.16724,24484.301872561642,24484.301872561642,False
2018-09-29 09:00:00+00:00,56101.0,34398.37530318557,34499.401800072774,-101.0265,21702.624696814433,21702.624696814433,False
2018-09-29 10:00:00+00:00,54726.0,35957.72019549263,35927.354491909864,30.365704,18768.279804507372,18768.279804507372,False
2018-09-29 11:00:00+00:00,52801.0,35542.041263989646,35753.664631299216,-211.62337,17258.958736010354,17258.958736010354,False
2018-09-29 12:00:00+00:00,51098.0,34675.577681499395,34475.41191001502,200.16577,16422.422318500605,16422.422318500605,False
2018-09-29 13:00:00+00:00,50829.0,33694.96933020323,33437.36175574034,257.60757,17134.030669796768,17134.030669796768,False
2018-09-29 14:00:00+00:00,50709.0,33772.953150961825,33293.605311606356,479.34784,16936.046849038175,16936.046849038175,False
2018-09-29 15:00:00+00:00,52005.0,35387.02999395948,34925.06203741651,461.96796,16617.970006040523,16617.970006040523,False
2018-09-29 16:00:00+00:00,53661.0,37777.3366218351,37444.03422315346,333.3024,15883.6633781649,15883.6633781649,False
2018-09-29 17:00:00+00:00,55694.0,37264.09493152393,37164.10443012012,99.9905,18429.905068476073,18429.905068476073,False
2018-09-29 18:00:00+00:00,53508.0,35266.56724817691,35369.400133919095,-102.832886,18241.432751823093,18241.432751823093,False
2018-09-29 19:00:00+00:00,50384.0,32650.412350470506,31944.105709845506,706.30664,17733.587649529494,17733.587649529494,False
2018-09-29 20:00:00+00:00,48038.0,30206.52515502816,29492.51752563363,714.0076,17831.47484497184,17831.47484497184,False
2018-09-29 21:00:00+00:00,44894.0,28173.492464032028,28186.060120549057,-12.5676565,16720.507535967972,16720.507535967972,False
2018-09-29 22:00:00+00:00,41995.0,24665.629386525667,24786.47310600809,-120.84372,17329.370613474333,17329.370613474333,False
2018-09-29 23:00:00+00:00,40578.0,21552.201141646576,21641.68392210312,-89.48278,19025.798858353424,19025.798858353424,False
2018-09-30 00:00:00+00:00,39537.0,19441.736767263174,19561.84157225585,-120.104805,20095.263232736826,20095.263232736826,False
